review_reasons,state,county,agency,facility_guess,facility_name,source,match_type,match_score,facility_address,facility_city,facility_county,facility_latitude,facility_longitude
missing_coordinates; state_level_fuzzy; jails_prisons_source,Alabama,Frankin County,Franklin County Sheriff's Office,Franklin County Jail,Franklin County Jail,jails_prisons,fuzzy_state_facility,1,748 Walnut Gate Road,Russellville,NA,NA,NA
missing_coordinates; jails_prisons_source,Alaska,NA,Kodiak Police Department,Kodiak City Jail,Kodiak City Jail,jails_prisons,exact_state_county_facility_name,1,2160 Mill Bay Road,Kodiak,NA,NA,NA
missing_coordinates; state_level_fuzzy; jails_prisons_source,Texas,Lynn County,Lynn County Sheriff's Office,Lynn County Jail,Lynn County Jail,jails_prisons,fuzzy_state_facility,1,810 Lockwood Street,Tahoka,NA,NA,NA
missing_coordinates; jails_prisons_source,Arizona,NA,Arizona Department of Corrections,Arizona Department Of Corrections,Greenlee County Correctional Facility,jails_prisons,state_doc_all_facilities,1,800 S Coronado Boulevard,Clifton,NA,NA,NA
missing_coordinates; jails_prisons_source,Arizona,NA,Arizona Department of Corrections,Arizona Department Of Corrections,Mohave County Adult Detention Facility,jails_prisons,state_doc_all_facilities,1,501 West Highway 66,Kingman,NA,NA,NA
missing_coordinates; jails_prisons_source,Arizona,NA,Arizona Department of Corrections,Arizona Department Of Corrections,Navajo County Detention Center,jails_prisons,state_doc_all_facilities,1,100 East Code Talkers Drive,Holbrook,NA,NA,NA
missing_coordinates; jails_prisons_source,Arizona,NA,Arizona Department of Corrections,Arizona Department Of Corrections,Pima County Adult Detention Complex,jails_prisons,state_doc_all_facilities,1,1270 West Silverlake Road,Tucson,NA,NA,NA
missing_coordinates; jails_prisons_source,Arizona,NA,Arizona Department of Corrections,Arizona Department Of Corrections,Santa Cruz County Adult Detention Center,jails_prisons,state_doc_all_facilities,1,2170 North Congress Drive,Nogales,NA,NA,NA
missing_coordinates; jails_prisons_source,Arkansas,Pulaksi County,Arkansas Department of Corrections,Arkansas Department Of Corrections,Arkansas County Detention Center,jails_prisons,state_doc_all_facilities,1,1000 Ricebelt Avenue,DeWitt,NA,NA,NA
missing_coordinates; jails_prisons_source,Arkansas,Pulaksi County,Arkansas Department of Corrections,Arkansas Department Of Corrections,Benton County Detention Facility,jails_prisons,state_doc_all_facilities,1,1300 SW 14th Street,Bentonville,NA,NA,NA
missing_coordinates; jails_prisons_source,Arkansas,Pulaksi County,Arkansas Department of Corrections,Arkansas Department Of Corrections,Calhoun County Detention Center,jails_prisons,state_doc_all_facilities,1,449 9th Street,Hampton,NA,NA,NA
missing_coordinates; jails_prisons_source,Arkansas,Pulaksi County,Arkansas Department of Corrections,Arkansas Department Of Corrections,Carroll County Detention Center,jails_prisons,state_doc_all_facilities,1,205 Hailey Road,Berryville,NA,NA,NA
missing_coordinates; jails_prisons_source,Arkansas,Pulaksi County,Arkansas Department of Corrections,Arkansas Department Of Corrections,Conway County Detention Center,jails_prisons,state_doc_all_facilities,1,30 Southern Valley Drive,Morrilton,NA,NA,NA
missing_coordinates; jails_prisons_source,Arkansas,Pulaksi County,Arkansas Department of Corrections,Arkansas Department Of Corrections,Faulkner County Detention Center,jails_prisons,state_doc_all_facilities,1,801 Locust Street,Conway,NA,NA,NA
missing_coordinates; jails_prisons_source,Arkansas,Pulaksi County,Arkansas Department of Corrections,Arkansas Department Of Corrections,Faulkner County Detention Center Unit 2,jails_prisons,state_doc_all_facilities,1,500 South German Lane,Conway,NA,NA,NA
missing_coordinates; jails_prisons_source,Arkansas,Pulaksi County,Arkansas Department of Corrections,Arkansas Department Of Corrections,Independence County Detention Center,jails_prisons,state_doc_all_facilities,1,569 West Main Street,Batesville,NA,NA,NA
missing_coordinates; jails_prisons_source,Arkansas,Pulaksi County,Arkansas Department of Corrections,Arkansas Department Of Corrections,Logan County Detention Center,jails_prisons,state_doc_all_facilities,1,508 West Grober Street,Paris,NA,NA,NA
missing_coordinates; jails_prisons_source,Arkansas,Pulaksi County,Arkansas Department of Corrections,Arkansas Department Of Corrections,Lonoke County Detention Center,jails_prisons,state_doc_all_facilities,1,440 Dee Dee Lane,Lonoke,NA,NA,NA
missing_coordinates; jails_prisons_source,Arkansas,Pulaksi County,Arkansas Department of Corrections,Arkansas Department Of Corrections,McGehee Detention Center,jails_prisons,state_doc_all_facilities,1,2412 Highway 65 North,McGehee,NA,NA,NA
missing_coordinates; jails_prisons_source,Arkansas,Pulaksi County,Arkansas Department of Corrections,Arkansas Department Of Corrections,Monroe County Detention Center,jails_prisons,state_doc_all_facilities,1,200 South Main Street,Clarendon,NA,NA,NA
missing_coordinates; jails_prisons_source,Arkansas,Pulaksi County,Arkansas Department of Corrections,Arkansas Department Of Corrections,Pope County Detention Center,jails_prisons,state_doc_all_facilities,1,10 County Complex,Russellville,NA,NA,NA
missing_coordinates; jails_prisons_source,Arkansas,Pulaksi County,Arkansas Department of Corrections,Arkansas Department Of Corrections,Randolph County Law Enforcement Detention Center,jails_prisons,state_doc_all_facilities,1,1510 Pace Road,Pocahontas,NA,NA,NA
missing_coordinates; jails_prisons_source,Arkansas,Pulaksi County,Arkansas Department of Corrections,Arkansas Department Of Corrections,Saline County Detention Facility,jails_prisons,state_doc_all_facilities,1,735 S Neeley Street,Benton,NA,NA,NA
missing_coordinates; jails_prisons_source,Arkansas,Pulaksi County,Arkansas Department of Corrections,Arkansas Department Of Corrections,Sebastian County Adult Detention Center,jails_prisons,state_doc_all_facilities,1,801 South A Street,Fort Smith,NA,NA,NA
missing_coordinates; jails_prisons_source,Arkansas,Pulaksi County,Arkansas Department of Corrections,Arkansas Department Of Corrections,Stone County Detention Facility,jails_prisons,state_doc_all_facilities,1,1009 Sheriffs Drive,Mountain View,NA,NA,NA
missing_coordinates; jails_prisons_source,Arkansas,Pulaksi County,Arkansas Department of Corrections,Arkansas Department Of Corrections,W.C. Brassell Adult Detention Center,jails_prisons,state_doc_all_facilities,1,300 E 2nd Avenue,Pine Bluff,NA,NA,NA
missing_coordinates; jails_prisons_source,Florida,NA,Florida Department of Corrections,Florida Department Of Corrections,Citrus County Detention Facility - CCA,jails_prisons,state_doc_all_facilities,1,2604 W Woodland Ridge Drive,Lecanto,NA,NA,NA
missing_coordinates; jails_prisons_source,Florida,NA,Florida Department of Corrections,Florida Department Of Corrections,Columbia County Detention Facility,jails_prisons,state_doc_all_facilities,1,389 Northwest Quinten Street,Lake City,NA,NA,NA
missing_coordinates; jails_prisons_source,Florida,NA,Florida Department of Corrections,Florida Department Of Corrections,Escambia County Road Prison,jails_prisons,state_doc_all_facilities,1,601  Highway 297-A,Cantonment,NA,NA,NA
missing_coordinates; jails_prisons_source,Florida,NA,Florida Department of Corrections,Florida Department Of Corrections,Gulf County Detention Facility,jails_prisons,state_doc_all_facilities,1,1000 Cecil G. Costin Sr. Boulevard,Port St. Joe,NA,NA,NA
missing_coordinates; jails_prisons_source,Florida,NA,Florida Department of Corrections,Florida Department Of Corrections,Holmes CountyJail and Work Camp,jails_prisons,state_doc_all_facilities,1,3207 Lonny Lindsey Drive,Bonifay,NA,NA,NA
missing_coordinates; jails_prisons_source,Florida,NA,Florida Department of Corrections,Florida Department Of Corrections,Jackson County Correctional Facility,jails_prisons,state_doc_all_facilities,1,2737 Penn Avenue,Marianna,NA,NA,NA
missing_coordinates; jails_prisons_source,Florida,NA,Florida Department of Corrections,Florida Department Of Corrections,Leon County Detention Facility,jails_prisons,state_doc_all_facilities,1,535 Appleyard Drive,Tallahassee,NA,NA,NA
missing_coordinates; jails_prisons_source,Florida,NA,Florida Department of Corrections,Florida Department Of Corrections,Metro West Detention Center,jails_prisons,state_doc_all_facilities,1,13850 Northwest 41st Street,Miami,NA,NA,NA
missing_coordinates; jails_prisons_source,Florida,NA,Florida Department of Corrections,Florida Department Of Corrections,Monroe County Detention Center,jails_prisons,state_doc_all_facilities,1,5501 College Road,Key West,NA,NA,NA
missing_coordinates; jails_prisons_source,Florida,NA,Florida Department of Corrections,Florida Department Of Corrections,Monroe County Detention Center Marathon,jails_prisons,state_doc_all_facilities,1,3981 Ocean Terrace,Marathon,NA,NA,NA
missing_coordinates; jails_prisons_source,Florida,NA,Florida Department of Corrections,Florida Department Of Corrections,Monroe County Detention Center Plantation Key,jails_prisons,state_doc_all_facilities,1,53 High Point Road,Plantation Key,NA,NA,NA
missing_coordinates; jails_prisons_source,Florida,NA,Florida Department of Corrections,Florida Department Of Corrections,Nassau County Detention Facility,jails_prisons,state_doc_all_facilities,1,76212 Nicholas Cutinna Road,Yulee,NA,NA,NA
missing_coordinates; jails_prisons_source,Florida,NA,Florida Department of Corrections,Florida Department Of Corrections,North Broward Detention Center,jails_prisons,state_doc_all_facilities,1,1550 NW 30th Avenue,Pompano Beach,NA,NA,NA
missing_coordinates; jails_prisons_source,Florida,NA,Florida Department of Corrections,Florida Department Of Corrections,Pasco County Land O Lakes Detention Facility,jails_prisons,state_doc_all_facilities,1,20101 Central Boulevard,Land O' Lakes,NA,NA,NA
missing_coordinates; jails_prisons_source,Georgia,NA,Georgia Department of Corrections,Georgia Department Of Corrections,Athens-Clarke County Correctional Institution,jails_prisons,state_doc_all_facilities,1,2825 County Farm Road,Athens,NA,NA,NA
missing_coordinates; jails_prisons_source,Georgia,NA,Georgia Department of Corrections,Georgia Department Of Corrections,Bartow CountyDetention Facility,jails_prisons,state_doc_all_facilities,1,104 Zena Drive,Cartersville,NA,NA,NA
missing_coordinates; jails_prisons_source,Georgia,NA,Georgia Department of Corrections,Georgia Department Of Corrections,Bulloch County Correctional Institution,jails_prisons,state_doc_all_facilities,1,17301 US Highway 301 North,Statesboro,NA,NA,NA
missing_coordinates; jails_prisons_source,Georgia,NA,Georgia Department of Corrections,Georgia Department Of Corrections,Burke CountyDetention Center,jails_prisons,state_doc_all_facilities,1,225 Highway 24 South,Waynesboro,NA,NA,NA
missing_coordinates; jails_prisons_source,Georgia,NA,Georgia Department of Corrections,Georgia Department Of Corrections,Carroll County Prison,jails_prisons,state_doc_all_facilities,1,96 Horsley Mill Road,Carrollton,NA,NA,NA
missing_coordinates; jails_prisons_source,Georgia,NA,Georgia Department of Corrections,Georgia Department Of Corrections,Charles B. Webster Detention Center,jails_prisons,state_doc_all_facilities,1,1941 Phinizy Road,Augusta,NA,NA,NA
missing_coordinates; jails_prisons_source,Georgia,NA,Georgia Department of Corrections,Georgia Department Of Corrections,Chatham County Adult Detention Center,jails_prisons,state_doc_all_facilities,1,1050 Carl Griffin Drive,Savannah,NA,NA,NA
missing_coordinates; jails_prisons_source,Georgia,NA,Georgia Department of Corrections,Georgia Department Of Corrections,Clayton County Correctional Institution,jails_prisons,state_doc_all_facilities,1,11420 S.L.R. Boulevard,Lovejoy,NA,NA,NA
missing_coordinates; jails_prisons_source,Georgia,NA,Georgia Department of Corrections,Georgia Department Of Corrections,Colquitt County Prison,jails_prisons,state_doc_all_facilities,1,200 South Vandenberg Drive,Moultrie,NA,NA,NA
missing_coordinates; jails_prisons_source,Georgia,NA,Georgia Department of Corrections,Georgia Department Of Corrections,Columbia County Detention Center,jails_prisons,state_doc_all_facilities,1,2273 County Camp Road,Appling,NA,NA,NA
missing_coordinates; jails_prisons_source,Georgia,NA,Georgia Department of Corrections,Georgia Department Of Corrections,Decatur County Prison,jails_prisons,state_doc_all_facilities,1,1153 Airport Road,Bainbridge,NA,NA,NA
missing_coordinates; jails_prisons_source,Georgia,NA,Georgia Department of Corrections,Georgia Department Of Corrections,Floyd County Work Release Center,jails_prisons,state_doc_all_facilities,1,324 Blacks Bluff Road,Rome,NA,NA,NA
missing_coordinates; jails_prisons_source,Georgia,NA,Georgia Department of Corrections,Georgia Department Of Corrections,Franklin County Detention Center,jails_prisons,state_doc_all_facilities,1,1 James Little Street,Carnesville,NA,NA,NA
missing_coordinates; jails_prisons_source,Georgia,NA,Georgia Department of Corrections,Georgia Department Of Corrections,Gwinnett County Department of Correction - Comprehensive Correctional Complex,jails_prisons,state_doc_all_facilities,1,750 Hi-Hope Road,Lawrenceville,NA,NA,NA
missing_coordinates; jails_prisons_source,Georgia,NA,Georgia Department of Corrections,Georgia Department Of Corrections,Harris County Prison,jails_prisons,state_doc_all_facilities,1,9982 Highway 116,Hamilton,NA,NA,NA
missing_coordinates; jails_prisons_source,Georgia,NA,Georgia Department of Corrections,Georgia Department Of Corrections,Jackson County Detention Center,jails_prisons,state_doc_all_facilities,1,555 Stan Evans Drive,Jefferson,NA,NA,NA
missing_coordinates; jails_prisons_source,Georgia,NA,Georgia Department of Corrections,Georgia Department Of Corrections,Jefferson County Prison,jails_prisons,state_doc_all_facilities,1,1159 Clarks Mill Road,Louisville,NA,NA,NA
missing_coordinates; jails_prisons_source,Georgia,NA,Georgia Department of Corrections,Georgia Department Of Corrections,Meriwether County Detention Center,jails_prisons,state_doc_all_facilities,1,17400 Roosevelt Highway,Greenville,NA,NA,NA
missing_coordinates; jails_prisons_source,Georgia,NA,Georgia Department of Corrections,Georgia Department Of Corrections,Mitchell County Prison,jails_prisons,state_doc_all_facilities,1,4838 Highway 37 East,Camilla,NA,NA,NA
missing_coordinates; jails_prisons_source,Georgia,NA,Georgia Department of Corrections,Georgia Department Of Corrections,Sumter County Correctional Institute,jails_prisons,state_doc_all_facilities,1,346 McMath Mill Road,Americus,NA,NA,NA
missing_coordinates; jails_prisons_source,Georgia,NA,Georgia Department of Corrections,Georgia Department Of Corrections,Terrell County Prison,jails_prisons,state_doc_all_facilities,1,3110 Albany Highway,Dawson,NA,NA,NA
missing_coordinates; jails_prisons_source,Georgia,NA,Georgia Department of Corrections,Georgia Department Of Corrections,Troup County Work Release Program,jails_prisons,state_doc_all_facilities,1,144 Sam Walker Drive,Lagrange,NA,NA,NA
missing_coordinates; jails_prisons_source,Indiana,Putnam County,Indiana Department of Corrections,Indiana Department Of Corrections,Madison County Detention Center,jails_prisons,state_doc_all_facilities,1,720 Central Avenue,Anderson,NA,NA,NA
missing_coordinates; jails_prisons_source,Louisiana,#Na,Louisiana Department of Public Safety & Corrections,Louisiana Department Of Public Safety & Corrections,Ascension Correctional Center,jails_prisons,state_doc_all_facilities,1,2384 Lemanville Cutoff Road,Donaldsonville,NA,NA,NA
missing_coordinates; jails_prisons_source,Louisiana,#Na,Louisiana Department of Public Safety & Corrections,Louisiana Department Of Public Safety & Corrections,Avoyelles Parish Womens Correctional Center-DC3,jails_prisons,state_doc_all_facilities,1,350 Choupique Road,Cottonport,NA,NA,NA
missing_coordinates; jails_prisons_source,Louisiana,#Na,Louisiana Department of Public Safety & Corrections,Louisiana Department Of Public Safety & Corrections,Bossier Parish Reentry facility,jails_prisons,state_doc_all_facilities,1,181 McCauley Road,Plain Dealing,NA,NA,NA
missing_coordinates; jails_prisons_source,Louisiana,#Na,Louisiana Department of Public Safety & Corrections,Louisiana Department Of Public Safety & Corrections,Caddo Parish Correctional Center,jails_prisons,state_doc_all_facilities,1,1101 Forum Drive,Shreveport,NA,NA,NA
missing_coordinates; jails_prisons_source,Louisiana,#Na,Louisiana Department of Public Safety & Corrections,Louisiana Department Of Public Safety & Corrections,Caddo Parish Work Release Center,jails_prisons,state_doc_all_facilities,1,1101 Forum Drive,Shreveport,NA,NA,NA
missing_coordinates; jails_prisons_source,Louisiana,#Na,Louisiana Department of Public Safety & Corrections,Louisiana Department Of Public Safety & Corrections,Calcasieu Parish Correctional Center,jails_prisons,state_doc_all_facilities,1,5410 East Broad Street,Lake Charles,NA,NA,NA
missing_coordinates; jails_prisons_source,Louisiana,#Na,Louisiana Department of Public Safety & Corrections,Louisiana Department Of Public Safety & Corrections,Claiborne Parish Detention Center,jails_prisons,state_doc_all_facilities,1,1415 State Rte 520,Homer,NA,NA,NA
missing_coordinates; jails_prisons_source,Louisiana,#Na,Louisiana Department of Public Safety & Corrections,Louisiana Department Of Public Safety & Corrections,Concordia Parish Correctional Facility and Work Release,jails_prisons,state_doc_all_facilities,1,26356 Highway 15,Ferriday,NA,NA,NA
missing_coordinates; jails_prisons_source,Louisiana,#Na,Louisiana Department of Public Safety & Corrections,Louisiana Department Of Public Safety & Corrections,Concordia Parish River Correctional Facility,jails_prisons,state_doc_all_facilities,1,26362 Highway 15,Ferriday,NA,NA,NA
missing_coordinates; jails_prisons_source,Louisiana,#Na,Louisiana Department of Public Safety & Corrections,Louisiana Department Of Public Safety & Corrections,Jackson Parish Correctional Facility,jails_prisons,state_doc_all_facilities,1,327 Industrial Drive,Jonesboro,NA,NA,NA
missing_coordinates; jails_prisons_source,Louisiana,#Na,Louisiana Department of Public Safety & Corrections,Louisiana Department Of Public Safety & Corrections,Madison Correctional Center,jails_prisons,state_doc_all_facilities,1,158 Treatment Plant Road,Tallulah,NA,NA,NA
missing_coordinates; jails_prisons_source,Louisiana,#Na,Louisiana Department of Public Safety & Corrections,Louisiana Department Of Public Safety & Corrections,Marksville Detention Center-DC1,jails_prisons,state_doc_all_facilities,1,675 Government Street,Marksville,NA,NA,NA
missing_coordinates; jails_prisons_source,Louisiana,#Na,Louisiana Department of Public Safety & Corrections,Louisiana Department Of Public Safety & Corrections,Natchitoches Detention Center,jails_prisons,state_doc_all_facilities,1,299 Edwina Drive,Natchitoches,NA,NA,NA
missing_coordinates; jails_prisons_source,Louisiana,#Na,Louisiana Department of Public Safety & Corrections,Louisiana Department Of Public Safety & Corrections,Ouachita Parish Transitional Work Program,jails_prisons,state_doc_all_facilities,1,4801 South Grand Street,Monroe,NA,NA,NA
missing_coordinates; jails_prisons_source,Louisiana,#Na,Louisiana Department of Public Safety & Corrections,Louisiana Department Of Public Safety & Corrections,Rapides Parish Detention Center,jails_prisons,state_doc_all_facilities,1,700 Murray Street,Alexandria,NA,NA,NA
missing_coordinates; jails_prisons_source,Louisiana,#Na,Louisiana Department of Public Safety & Corrections,Louisiana Department Of Public Safety & Corrections,Rapides Parish Detention Center #2,jails_prisons,state_doc_all_facilities,1,400 John Allison Drive,Alexandria,NA,NA,NA
missing_coordinates; jails_prisons_source,Louisiana,#Na,Louisiana Department of Public Safety & Corrections,Louisiana Department Of Public Safety & Corrections,Rapides Parish Detention Center #3,jails_prisons,state_doc_all_facilities,1,7400 Academy Drive,Alexandria,NA,NA,NA
missing_coordinates; jails_prisons_source,Louisiana,#Na,Louisiana Department of Public Safety & Corrections,Louisiana Department Of Public Safety & Corrections,Rapides Parish Work Release Facility,jails_prisons,state_doc_all_facilities,1,400-C John Allison Drive,Alexandria,NA,NA,NA
missing_coordinates; jails_prisons_source,Louisiana,#Na,Louisiana Department of Public Safety & Corrections,Louisiana Department Of Public Safety & Corrections,Riverbend Detention Center,jails_prisons,state_doc_all_facilities,1,9450 Highway 65 South,Lake Providence,NA,NA,NA
missing_coordinates; jails_prisons_source,Louisiana,#Na,Louisiana Department of Public Safety & Corrections,Louisiana Department Of Public Safety & Corrections,St. John Parish Correctional Center,jails_prisons,state_doc_all_facilities,1,100 Deputy Barton Granier Drive,La Place,NA,NA,NA
missing_coordinates; jails_prisons_source,Louisiana,#Na,Louisiana Department of Public Safety & Corrections,Louisiana Department Of Public Safety & Corrections,St. Martin Parish Correctional Center Jail 1,jails_prisons,state_doc_all_facilities,1,400 Saint Martin Street,St. Martinville,NA,NA,NA
missing_coordinates; jails_prisons_source,Louisiana,#Na,Louisiana Department of Public Safety & Corrections,Louisiana Department Of Public Safety & Corrections,Transitional Work Program Facility,jails_prisons,state_doc_all_facilities,1,115 Highway 90 East,Raceland,NA,NA,NA
missing_coordinates; jails_prisons_source,Louisiana,#Na,Louisiana Department of Public Safety & Corrections,Louisiana Department Of Public Safety & Corrections,West Baton Rouge Work Release,jails_prisons,state_doc_all_facilities,1,1155 NW Drive,Port Allen,NA,NA,NA
missing_coordinates; jails_prisons_source,Louisiana,#Na,Louisiana Department of Public Safety & Corrections,Louisiana Department Of Public Safety & Corrections,West Monroe Correctional Center,jails_prisons,state_doc_all_facilities,1,2301 N 7th Street,West Monroe,NA,NA,NA
missing_coordinates; jails_prisons_source,Massachusetts,NA,Massachusetts Department of Corrections,Massachusetts Department Of Corrections,Lawrence Correctional Alternative Center,jails_prisons,state_doc_all_facilities,1,165 Marston Street,Lawerence,NA,NA,NA
missing_coordinates; jails_prisons_source,Massachusetts,NA,Massachusetts Department of Corrections,Massachusetts Department Of Corrections,Western Massachusetts Regional Womens Correctional Center (WCC),jails_prisons,state_doc_all_facilities,1,701 Center Street,Chicopee,NA,NA,NA
missing_coordinates; jails_prisons_source,Mississippi,Hinds County,Mississippi Department of Corrections,Mississippi Department Of Corrections,Carroll-Montgomery County/Regional Correctional Facility,jails_prisons,state_doc_all_facilities,1,33714 Highway 35,Vaiden,NA,NA,NA
missing_coordinates; jails_prisons_source,Mississippi,Hinds County,Mississippi Department of Corrections,Mississippi Department Of Corrections,Covington County Correctional Center,jails_prisons,state_doc_all_facilities,1,1107 Main Street,Collins,NA,NA,NA
missing_coordinates; jails_prisons_source,Mississippi,Hinds County,Mississippi Department of Corrections,Mississippi Department Of Corrections,Desoto County Detention Center,jails_prisons,state_doc_all_facilities,1,3425 Industrial Drive West,Hernando,NA,NA,NA
missing_coordinates; jails_prisons_source,Mississippi,Hinds County,Mississippi Department of Corrections,Mississippi Department Of Corrections,"Hinds County Detention Center, Jail, and Penal Farm",jails_prisons,state_doc_all_facilities,1,1450 County Farm Road,Raymond,NA,NA,NA
missing_coordinates; jails_prisons_source,Mississippi,Hinds County,Mississippi Department of Corrections,Mississippi Department Of Corrections,Jefferson-Franklin County/ Correctional Facility,jails_prisons,state_doc_all_facilities,1,279 Highway 33,Fayette,NA,NA,NA
missing_coordinates; jails_prisons_source,Mississippi,Hinds County,Mississippi Department of Corrections,Mississippi Department Of Corrections,Leake County Correctional Facility,jails_prisons,state_doc_all_facilities,1,399 C.O. Brooks Street,Carthage,NA,NA,NA
missing_coordinates; jails_prisons_source,Mississippi,Hinds County,Mississippi Department of Corrections,Mississippi Department Of Corrections,Marion County Regional Correctional Facility,jails_prisons,state_doc_all_facilities,1,503 South Main Street,Columbia,NA,NA,NA
missing_coordinates; jails_prisons_source,Mississippi,Hinds County,Mississippi Department of Corrections,Mississippi Department Of Corrections,Neshoba County Detention Center,jails_prisons,state_doc_all_facilities,1,920 Chestnut Street,Philadelphia,NA,NA,NA
missing_coordinates; jails_prisons_source,Mississippi,Hinds County,Mississippi Department of Corrections,Mississippi Department Of Corrections,Tallahatchie County Correctional Facility - CCA,jails_prisons,state_doc_all_facilities,1,415 US Highway 49 South,Tutwiler,NA,NA,NA
missing_coordinates; jails_prisons_source,Mississippi,Hinds County,Mississippi Department of Corrections,Mississippi Department Of Corrections,Tunica County Detention Center,jails_prisons,state_doc_all_facilities,1,5126 Old Mhoonlanding Road,Tunica,NA,NA,NA
missing_coordinates; jails_prisons_source,Nebraska,Lincoln County,Nebraska Department of Correctional Services,Nebraska Department Of Correctional Services,Butler County Detention,jails_prisons,state_doc_all_facilities,1,451 5th Street,David City,NA,NA,NA
missing_coordinates; jails_prisons_source,Nebraska,Lincoln County,Nebraska Department of Correctional Services,Nebraska Department Of Correctional Services,Cass County Detention Facility,jails_prisons,state_doc_all_facilities,1,303 Avenue A,Plattsmouth,NA,NA,NA
missing_coordinates; jails_prisons_source,Nebraska,Lincoln County,Nebraska Department of Correctional Services,Nebraska Department Of Correctional Services,Lincoln County Detention Center,jails_prisons,state_doc_all_facilities,1,302 N Jeffers Street,North Platte,NA,NA,NA
missing_coordinates; jails_prisons_source,Nebraska,Lincoln County,Nebraska Department of Correctional Services,Nebraska Department Of Correctional Services,Phelps County Correctional,jails_prisons,state_doc_all_facilities,1,715 5th Avenue,Holdrege,NA,NA,NA
missing_coordinates; jails_prisons_source,Oklahoma,NA,Oklahoma Department of Corrections,Oklahoma Department Of Corrections,Caddo County Detention Center,jails_prisons,state_doc_all_facilities,1,201 W Oklahoma Street,Anadarko,NA,NA,NA
missing_coordinates; jails_prisons_source,Oklahoma,NA,Oklahoma Department of Corrections,Oklahoma Department Of Corrections,Logan County Detention Center,jails_prisons,state_doc_all_facilities,1,216 South Broad Street,Guthrie,NA,NA,NA
missing_coordinates; jails_prisons_source,Oklahoma,NA,Oklahoma Department of Corrections,Oklahoma Department Of Corrections,Muskogee County/City Detention Center,jails_prisons,state_doc_all_facilities,1,122 S 3rd Street,Muskogee,NA,NA,NA
missing_coordinates; jails_prisons_source,Oklahoma,NA,Oklahoma Department of Corrections,Oklahoma Department Of Corrections,Patrick E. Moore Detention Facility,jails_prisons,state_doc_all_facilities,1,111 South Alabama,Okmulgee,NA,NA,NA
missing_coordinates; jails_prisons_source,Oklahoma,NA,Oklahoma Department of Corrections,Oklahoma Department Of Corrections,Texas County Detention Center,jails_prisons,state_doc_all_facilities,1,1102 South Ellison Street,Guymon,NA,NA,NA
missing_coordinates; jails_prisons_source,Tennessee,NA,Tennessee Department of Corrections,Tennessee Department Of Corrections,Decatur County Detention Center,jails_prisons,state_doc_all_facilities,1,138 East Main Street,Decaturville,NA,NA,NA
missing_coordinates; jails_prisons_source,Tennessee,NA,Tennessee Department of Corrections,Tennessee Department Of Corrections,Dyer County Correctional Work Center,jails_prisons,state_doc_all_facilities,1,401 E Cedar Street,Dyersburg,NA,NA,NA
missing_coordinates; jails_prisons_source,Tennessee,NA,Tennessee Department of Corrections,Tennessee Department Of Corrections,Metro-Davidson County Detention Facility - CCA,jails_prisons,state_doc_all_facilities,1,5115 Harding Place,Nashville,NA,NA,NA
missing_coordinates; jails_prisons_source,Tennessee,NA,Tennessee Department of Corrections,Tennessee Department Of Corrections,Nashville-Davidson Correctional Development Center,jails_prisons,state_doc_all_facilities,1,5113 Harding Place,Nashville,NA,NA,NA
missing_coordinates; jails_prisons_source,Tennessee,NA,Tennessee Department of Corrections,Tennessee Department Of Corrections,Nashville-Davidson Hill Detention Center,jails_prisons,state_doc_all_facilities,1,506 Second Avenue North,Nashville,NA,NA,NA
missing_coordinates; jails_prisons_source,Tennessee,NA,Tennessee Department of Corrections,Tennessee Department Of Corrections,Roane County Detention Facility,jails_prisons,state_doc_all_facilities,1,230 N 3rd Street,Kingston,NA,NA,NA
missing_coordinates; jails_prisons_source,Tennessee,NA,Tennessee Department of Corrections,Tennessee Department Of Corrections,Roger D. Wilson Detention Facility,jails_prisons,state_doc_all_facilities,1,5001 Maloneyville Road,Knoxville,NA,NA,NA
missing_coordinates; jails_prisons_source,Tennessee,NA,Tennessee Department of Corrections,Tennessee Department Of Corrections,Scott County Correctional Facility,jails_prisons,state_doc_all_facilities,1,575 Scott High Drive,Huntsville,NA,NA,NA
missing_coordinates; jails_prisons_source,Utah,NA,Utah Department of Corrections,Utah Department Of Corrections,Beaver County Correctional Facility,jails_prisons,state_doc_all_facilities,1,2270 South 525,Beaver,NA,NA,NA
missing_coordinates; jails_prisons_source,Utah,NA,Utah Department of Corrections,Utah Department Of Corrections,Weber County Correctional Facility,jails_prisons,state_doc_all_facilities,1,721 W 12th Street,Ogden,NA,NA,NA
low_confidence_fuzzy,Texas,Terry County,Terry County Sheriff's Office,Terry County Jail,TERRY COUNTY SHERIFFS DEPARTMENT / TERRY COUNTY JAIL,hifld,fuzzy_county_facility,0.7878787878787878,1311 TAHOKA ROAD,BROWNFIELD,NA,33.1822231,-102.2585762
low_confidence_fuzzy,Florida,Pasco County,Pasco County Board of County Commissioners/ Pasco County Corrections,Pasco County Board Of County Commissioners/ Pasco County Corrections,PASCO COUNTY SHERIFFS OFFICE / PASCO COUNTY DETENTION FACILITY WEST JAIL,hifld,fuzzy_county_facility,0.7888789505068575,8700 CITIZEN DRIVE,NEW PORT RICHEY,NA,28.2681159,-82.6699356
low_confidence_fuzzy,Nevada,Lyon County,Lyon County Sheriff's Office,Lyon County Jail,LYON COUNTY SHERIFF - WALKER RIVER / LYON COUNTY JAIL,hifld,fuzzy_county_facility,0.7930952380952381,30 NEVIN WAY,YERINGTON,NA,38.9956399,-119.1605644
low_confidence_fuzzy,Mississippi,Stone County,Stone County Sheriff's Office,Stone County Jail,STONE COUNTY REGIONAL CORRECTIONAL FACILITY,hifld_prisons,fuzzy_county_facility,0.8012626262626263,1420 INDUSTRIAL PARK RD,WIGGINS,NA,30.8361928175725,-89.13456299053666
low_confidence_fuzzy,Alabama,Etowah County,Etowah County Sheriff's Office,Etowah County Jail,ETOWAH COUNTY DETENTION CENTER,hifld_prisons,fuzzy_county_facility,0.8066666666666666,827 FORREST AVE,GADSDEN,NA,34.01664438042786,-86.01238916580508
low_confidence_fuzzy,Georgia,Dawson County,Dawson County Sheriff's Office,Dawson County Jail,DAWSON COUNTY DETENTION CENTER,hifld_prisons,fuzzy_county_facility,0.8066666666666666,19 TUCKER AVE,DAWSONVILLE,NA,34.422546110576,-84.12002065712392
low_confidence_fuzzy,Mississippi,Monroe County,Monroe County Sheriff's Office,Monroe County Jail,MONROE COUNTY DETENTION CENTER,hifld_prisons,fuzzy_county_facility,0.8066666666666666,700 NORTH MERIDIAN STREET,ABERDEEN,NA,33.83236228990126,-88.54285312020718
low_confidence_fuzzy,South Carolina,Oconee County,Oconee County Sheriff's Office,Oconee County Jail,OCONEE COUNTY DETENTION CENTER,hifld_prisons,fuzzy_county_facility,0.8066666666666666,300 S CHURCH ST,WALHALLA,NA,34.76232735009923,-83.0705850616339
low_confidence_fuzzy,Texas,Brooks County,Brooks County Sheriff's Office,Brooks County Jail,BROOKS COUNTY DETENTION CENTER,hifld_prisons,fuzzy_county_facility,0.8066666666666666,901 COUNTY ROAD 201,FALFURRIAS,NA,27.248247417760787,-98.12584561630904
low_confidence_fuzzy,Florida,Lake County,Lake County Sheriff's Office,Lake County Jail,LAKE COUNTY SHERIFFS OFFICE,hifld,fuzzy_county_facility,0.8083333333333333,360 WEST RUBY STREET,TAVARES,NA,28.8014864,-81.7306198
low_confidence_fuzzy,Florida,Leon County,Leon County Sheriff's Office,Leon County Jail,LEON COUNTY SHERIFF'S OFFICE,hifld,fuzzy_county_facility,0.8083333333333333,2825 MUNICIPAL WAY,TALLAHASSEE,NA,30.4394915,-84.3352884
low_confidence_fuzzy,Kansas,Rush County,Rush County Sheriff's Office,Rush County Jail,RUSH COUNTY SHERIFFS OFFICE,hifld,fuzzy_county_facility,0.8083333333333333,715 ELM STREET,LA CROSSE,NA,38.530215126,-99.311398351
low_confidence_fuzzy,North Dakota,Dunn County,Dunn County Sheriff's Office,Dunn County Jail,DUNN COUNTY SHERIFFS DEPARTMENT,hifld,fuzzy_county_facility,0.8083333333333333,205 OWEN STREET,MANNING,NA,47.231705962,-102.770120152
low_confidence_fuzzy,Texas,Frio County,Frio County Sheriff's Office,Frio County Jail,FRIO COUNTY SHERIFFS DEPARTMENT,hifld,fuzzy_county_facility,0.8083333333333333,502 SOUTH CEDAR STREET,PEARSALL,NA,28.886817173,-99.091785195
low_confidence_fuzzy,Tennessee,Polk County,Polk County Sheriff's Office,Polk County Jail,POLK COUNTY SHERIFFS DEPARTMENT / POLK COUNTY JAIL,hifld,fuzzy_county_facility,0.8099999999999999,164 INDUSTRIAL ACCESS CIRCLE,BENTON,NA,35.170777201,-84.6352946
low_confidence_fuzzy,Ohio,Lake County,Lake County Sheriff's Office,Lake County Jail,LAKE COUNTY NARCOTICS AGENCY,hifld,fuzzy_county_facility,0.8131578947368421,550 BLACKBROOK ROAD,PAINESVILLE,NA,41.725561407,-81.287119125
low_confidence_fuzzy,Arizona,Pinal County,Pinal County Sheriff's Office,Pinal County Jail,PINAL COUNTY ADULT DETENTION CENTER,hifld_prisons,fuzzy_county_facility,0.8167777777777777,971 JASON LOPEZ CIRCLE,FLORENCE,NA,33.03995531691432,-111.37569143644453
low_confidence_fuzzy,Texas,Stephens County,Stephens County Sheriff's Office,Stephens County Jail,STEPHENS COUNTY LAW ENFORCEMENT CENTER,hifld_prisons,fuzzy_county_facility,0.8180952380952381,210 EAST DYER,BRECKENRIDGE,NA,32.75775626316333,-98.90074765904744
low_confidence_fuzzy,Georgia,Lumpkin County,Lumpkin County Sheriff's Office,Lumpkin County Jail,LUMPKIN COUNTY DETENTION CENTER,hifld_prisons,fuzzy_county_facility,0.8181818181818181,385 EAST MAIN ST.,DAHLONEGA,NA,34.535891262824975,-83.97986083994762
low_confidence_fuzzy,Georgia,Madison County,Madison County Sheriff's Office,Madison County Jail,MADISON COUNTY DETENTION CENTER,hifld_prisons,fuzzy_county_facility,0.8181818181818181,1436 STATE HIGHWAY 98 WEST,DANIELSVILLE,NA,34.146518364845576,-83.23554923874326
low_confidence_fuzzy,Indiana,Jasper County,Jasper County Sheriff's Office,Jasper County Jail,JASPER COUNTY SHERIFFS OFFICE / JASPER COUNTY JAIL,hifld,fuzzy_county_facility,0.8216666666666667,2171 NORTH MCKINLEY AVENUE,RENSSELAER,NA,40.95874545,-87.149862343
low_confidence_fuzzy,Texas,Ector County,Ector County Sheriff's Office,Ector County Jail,ECTOR COUNTY CORRECTIONAL CENTER,hifld_prisons,fuzzy_county_facility,0.8223429951690822,301 N TEXAS STREET,ODESSA,NA,31.847293175488165,-102.36792151503218
low_confidence_fuzzy,Florida,Polk County,Polk County Sheriff's Office,Polk County Jail,POLK COUNTY SHERIFFS OFFICE - POLK CITY,hifld,fuzzy_county_facility,0.825,123 BROADWAY BOULEVARD,POLK CITY,NA,28.182712049,-81.822850498
low_confidence_fuzzy,Arizona,La Paz County,La Paz County Sheriff's Office,La Paz County Jail,LA PAZ COUNTY SHERIFFS OFFICE,hifld,fuzzy_county_facility,0.8256410256410256,1109 ARIZONA AVENUE,PARKER,NA,34.145717,-114.2903633
low_confidence_fuzzy,Arkansas,Izard County,Izard County Sheriff's Office,Izard County Jail,IZARD COUNTY SHERIFFS OFFICE,hifld,fuzzy_county_facility,0.8256410256410256,300 CIRCLE DRIVE,MELBOURNE,NA,36.058436718,-91.917905154
low_confidence_fuzzy,Arkansas,Sharp County,Sharp County Sheriff's Office,Sharp County Jail,SHARP COUNTY SHERIFFS OFFICE,hifld,fuzzy_county_facility,0.8256410256410256,30A COURT DRIVE,ASH FLAT,NA,36.227947,-91.6057657
low_confidence_fuzzy,Arkansas,White County,White County Sheriff's Office,White County Jail,WHITE COUNTY SHERIFFS OFFICE,hifld,fuzzy_county_facility,0.8256410256410256,1600 EAST BOOTH ROAD,SEARCY,NA,35.2252582,-91.7183775
low_confidence_fuzzy,Florida,Baker County,Baker County Sheriff's Office,Baker County Jail,BAKER COUNTY SHERIFFS DEPARTMENT,hifld,fuzzy_county_facility,0.8256410256410256,56 NORTH 2ND STREET,MACCLENNY,NA,30.2839677,-82.1178825
low_confidence_fuzzy,Florida,Dixie County,Dixie County Sheriff's Office,Dixie County Jail,DIXIE COUNTY SHERIFFS OFFICE,hifld,fuzzy_county_facility,0.8256410256410256,"214 STATE HIGHWAY 351 NORTHEAST, SUITE L",CROSS CITY,NA,29.6366257,-83.1229411
low_confidence_fuzzy,Texas,Bowie County,Bowie County Sheriff's Office,Bowie County Jail,BOWIE COUNTY SHERIFFS OFFICE,hifld,fuzzy_county_facility,0.8256410256410256,100 NORTH STATE LINE AVENUE,TEXARKANA,NA,33.420751476,-94.043610368
low_confidence_fuzzy,North Carolina,Onslow County,Onslow County Sheriff's Office,Onslow County Jail,ONSLOW COUNTY SHERIFFS OFFICE / ONSLOW COUNTY JAIL,hifld,fuzzy_county_facility,0.8266666666666667,701 MILL AVENUE,JACKSONVILLE,NA,34.751712288,-77.4313309
low_confidence_fuzzy,Missouri,Morgan County,Morgan County Sheriff's Office,Morgan County Jail,MORGAN COUNTY ADULT DETENTION CENTER,hifld_prisons,fuzzy_county_facility,0.827008547008547,211 EAST NEWTON STREET,VERSAILLES,NA,38.43216115163877,-92.83977440200503
low_confidence_fuzzy,New York,Broome County,Broome County Sheriff's Office,Broome County Jail,BROOME COUNTY CORRECTIONAL FACILITY,hifld_prisons,fuzzy_county_facility,0.827008547008547,155 LT. VANWINKLE DRIVE,BINGHAMTON,NA,42.13146982032466,-75.91679172832565
low_confidence_fuzzy,Minnesota,Freeborn County,Freeborn County Sheriff's Office,Freeborn County Jail,FREEBORN COUNTY DETENTION CENTER,hifld_prisons,fuzzy_county_facility,0.8282608695652174,411 BROADWAY S,ALBERT LEA,NA,43.645955201221824,-93.36808864164249
low_confidence_fuzzy,Wyoming,Campbell County,Campbell County Sheriff's Office,Campbell County Jail,CAMPBELL COUNTY DETENTION CENTER,hifld_prisons,fuzzy_county_facility,0.8282608695652174,600 W BOXELDER RD,GILLETTE,NA,44.27752430650721,-105.51264065195932
low_confidence_fuzzy,Ohio,Butler County,Butler County Sheriff's Office,Butler County Jail,BUTLER COUNTY CORRECTIONAL COMPLEX,hifld_prisons,fuzzy_county_facility,0.8297777777777777,705 HANOVER ST,HAMILTON,NA,39.38804685758295,-84.55597089255053
low_confidence_fuzzy,Texas,Grayson County,Grayson County Sheriff's Office,Grayson County Jail,GRAYSON COUNTY COLLEGE CAMPUS POLICE,hifld,fuzzy_county_facility,0.8314141414141414,6101 GRAYSON DRIVE,DENISON,NA,33.7061864,-96.6341052
low_confidence_fuzzy,Missouri,Dekalb County,Dekalb County Sheriff's Office,Dekalb County Jail,DEKALB COUNTY SHERIFFS DEPARTMENT / DEKALB COUNTY JAIL,hifld,fuzzy_county_facility,0.8327777777777777,109 WEST MAIN STREET,MAYSVILLE,NA,39.889951384,-94.359861977
low_confidence_fuzzy,Montana,Flathead County,Flathead County Sheriff's Office,Flathead County Jail,FLATHEAD COUNTY SHERIFFS DEPARTMENT / FLATHEAD COUNTY JAIL,hifld,fuzzy_county_facility,0.8346320346320346,920 SOUTH MAIN STREET,KALISPELL,NA,48.1895072,-114.3108767
low_confidence_fuzzy,New Mexico,Curry County,Curry County Sheriff's Office,Curry County Jail,CURRY COUNTY JUVENILE DETENTION CENTER,hifld_prisons,fuzzy_county_facility,0.8349206349206348,700 N MAIN ST,CLOVIS,NA,34.40510457842076,-103.20594975900256
low_confidence_fuzzy,Texas,Bexar County,Bexar County Sheriff's Office,Bexar County Jail,BEXAR COUNTY JUVENILE DETENTION CENTER,hifld_prisons,fuzzy_county_facility,0.8349206349206348,600 MISSION RD,SAN ANTONIO,NA,29.393353879082255,-98.49070477809803
low_confidence_fuzzy,Georgia,Camden County,Camden County Sheriff's Office,Camden County Jail,CAMDEN COUNTY DETENTION FACILITY,hifld_prisons,fuzzy_county_facility,0.8360386473429952,209 EAST 4TH STREET,WOODBINE,NA,30.967167657668952,-81.72134431331526
low_confidence_fuzzy,Florida,Hernando County,Hernando County Sheriff's Office,Hernando County Jail,HERNANDO CORRECTIONAL INSTITUTION,hifld_prisons,fuzzy_county_facility,0.8361192570869991,16415 SPRING HILL DR,BROOKSVILLE,NA,28.483022010923293,-82.45443373433827
low_confidence_fuzzy,Florida,Citrus County,Citrus County Sheriff's Office,Citrus County Jail,CITRUS COUNTY CIVIL AIR PATROL,hifld,fuzzy_county_facility,0.8366666666666667,3450 SOUTH AIRPORT ROAD,INVERNESS,NA,28.8097487,-82.31447
low_confidence_fuzzy,Arkansas,Greene County,Greene County Sheriff's Office,Greene County Jail,GREENE COUNTY SHERIFFS OFFICE,hifld,fuzzy_county_facility,0.8400000000000001,1809 NORTH ROCKINGCHAIR ROAD,PARAGOULD,NA,36.079915749,-90.54595407
low_confidence_fuzzy,Arkansas,Saline County,Saline County Sheriff's Office,Saline County Jail,SALINE COUNTY SHERIFFS OFFICE,hifld,fuzzy_county_facility,0.8400000000000001,735 S NEELEY ST,BENTON,NA,34.556135,-92.578768
low_confidence_fuzzy,Florida,Hardee County,Hardee County Sheriff's Office,Hardee County Jail,HARDEE WORK CAMP,hifld_prisons,fuzzy_county_facility,0.8400000000000001,6899 STATE ROAD 62,BOWLING GREEN,NA,27.59369354171553,-82.00687499057882
low_confidence_fuzzy,Florida,Sumter County,Sumter County Sheriff's Office,Sumter County Jail,SUMTER COUNTY SHERIFF'S OFFICE,hifld,fuzzy_county_facility,0.8400000000000001,225 EAST MCCOLLUM AVENUE,BUSHNELL,NA,28.663704673,-82.109943304
low_confidence_fuzzy,Missouri,Carter County,Carter County Sheriff's Office,Carter County Jail,CARTER COUNTY SHERIFFS DEPARTMENT,hifld,fuzzy_county_facility,0.8400000000000001,15 SYCAMORE STREET,VAN BUREN,NA,36.995181865,-91.014278185
low_confidence_fuzzy,Texas,Brazos County,Brazos County Sheriff's Office,Brazos County Jail,BRAZOS COUNTY SHERIFFS OFFICE,hifld,fuzzy_county_facility,0.8400000000000001,1700 STATE HIGHWAY 21 WEST,BRYAN,NA,30.6763422,-96.393528
low_confidence_fuzzy,Texas,Collin County,Collin County Sheriff's Office,Collin County Jail,COLLIN COUNTY SHERIFFS OFFICE,hifld,fuzzy_county_facility,0.8400000000000001,4300 COMMUNITY AVENUE,MCKINNEY,NA,33.2439338,-96.6351383
low_confidence_fuzzy,Texas,Potter County,Potter County Sheriff's Office,Potter County Jail,POTTER COUNTY SHERIFFS OFFICE,hifld,fuzzy_county_facility,0.8400000000000001,608 SOUTH PIERCE STREET,AMARILLO,NA,35.2069284,-101.8336841
low_confidence_fuzzy,North Carolina,Brunswick County,Brunswick County Sheriff's Office,Brunswick County Jail,BRUNSWICK COMMUNITY COLLEGE CAMPUS POLICE,hifld,fuzzy_county_facility,0.8401985111662531,50 COLLEGE ROAD NORTHEAST,BOLIVIA,NA,34.0383837,-78.2295963
low_confidence_fuzzy,Florida,Monroe County,Monroe County Sheriff's Office,Monroe County Jail,MONROE JUVENILE DETENTION CENTER,hifld_prisons,fuzzy_county_facility,0.8420689655172413,5503 COLLEGE ROAD,KEY WEST,NA,24.57702202951692,-81.75079574888376
low_confidence_fuzzy,Georgia,Whitfield County,Whitfield County Sheriff's Office,Whitfield County Jail,WHITFIELD COUNTY SHERIFFS OFFICE / WHITFIELD COUNTY JAIL,hifld,fuzzy_county_facility,0.8425641025641026,805 PROFESSIONAL BOULEVARD,DALTON,NA,34.7937773,-84.9798359
low_confidence_fuzzy,North Carolina,Alamance County,Alamance County Sheriff's Office,Alamance County Jail,ALAMANCE COUNTY SHERIFFS DEPARTMENT / ALAMANCE COUNTY JAIL,hifld,fuzzy_county_facility,0.8437229437229437,109 SOUTH MAPLE STREET,GRAHAM,NA,36.068559059,-79.402835334
low_confidence_fuzzy,Tennessee,Mcminn County,McMinn County Sheriff's Office,Mcminn County Jail,MCMINN COUNTY JUSTICE CENTER,hifld_prisons,fuzzy_county_facility,0.8442105263157895,1319 S WHITE,ATHENS,NA,35.42193242363952,-84.58202854389404
low_confidence_fuzzy,North Carolina,Rockingham County,Rockingham County Sheriff's Office,Rockingham County Jail,ROCKINGHAM COUNTY DETENTION CENTER,hifld_prisons,fuzzy_county_facility,0.8451428571428572,130 JUSTICE CENTER DRIVE,REIDSVILLE,NA,36.38567047333827,-79.74788930509725
low_confidence_fuzzy,Wyoming,Hot Springs County,Hot Springs County Sheriff's Office,Hot Springs County Jail,HOT SPRINGS COUNTY DETENTION CENTER,hifld_prisons,fuzzy_county_facility,0.8451428571428572,417 ARAPAHOE ST,THERMOPOLIS,NA,43.6469234877653,-108.20937661931957
low_confidence_fuzzy,Wyoming,Sweetwater County,Sweetwater County Sheriff's Office,Sweetwater County Jail,SWEETWATER COUNTY DETENTION CENTER,hifld,fuzzy_county_facility,0.8451428571428572,50140 UNITED STATES HIGHWAY 191 SOUTH,ROCK SPRINGS,NA,41.5373787,-109.301024299
low_confidence_fuzzy,Florida,Volusia County,Volusia County Division of Corrections,Volusia County Division Of Corrections,VOLUSIA COUNTY SHERIFF - CIVIL DIVISION,hifld,fuzzy_county_facility,0.846994301994302,101 CANAL STREET,NEW SMYRNA BEACH,NA,29.0257628,-80.9213051
low_confidence_fuzzy,Oklahoma,Tulsa County,Tulsa County Sheriff's Office,Tulsa County Jail,TULSA TRANSITIONAL CENTER,hifld_prisons,fuzzy_county_facility,0.8473429951690821,302 W ARCHER ST,TULSA,NA,36.15540377390079,-95.99706087033141
low_confidence_fuzzy,Georgia,Gilmer County,Gilmer County Sheriff's Office,Gilmer County Jail,GILMER COUNTY SHERIFF,hifld,fuzzy_county_facility,0.8476923076923077,1 BROAD STREET,ELLIJAY,NA,34.695123232,-84.483314062
low_confidence_fuzzy,Georgia,Morgan County,Morgan County Sheriff's Office,Morgan County Jail,MORGAN COUNTY PUBLIC SAFETY COMPLEX,hifld_prisons,fuzzy_county_facility,0.8476923076923077,1380 MONTICELLO RD.,MADISON,NA,33.5678028657604,-83.4921546746061
low_confidence_fuzzy,North Carolina,Caldwell County,Caldwell County Sheriff's Office,Caldwell County Jail,CALDWELL CORRECTIONAL CENTER,hifld_prisons,fuzzy_county_facility,0.8497668997668997,480 PLEASANT HILL RD,LENOIR,NA,35.85543096540163,-81.52095000818578
state_level_fuzzy,Arizona,NA,Mesa Police Department,Mesa City Jail,MESA POLICE DEPARTMENT,hifld,fuzzy_state_facility,0.8999999999999999,130 NORTH ROBSON,MESA,NA,33.418396,-111.8373245
state_level_fuzzy,Virginia,Alleghany County,Alleghany County Sheriff's Office,Alleghany County Jail,ALLEGHANY REGIONAL JAIL,hifld_prisons,fuzzy_state_facility,0.9007326007326006,268 W MAIN ST,COVINGTON,NA,37.79276602295681,-79.99573079150215
state_level_fuzzy,Louisiana,Ouachita Parish,Ouachita Parish Sheriff's Office,Ouachita Parish Jail,OUACHITA PARISH SHERIFFS OFFICE,hifld,fuzzy_state_facility,0.903030303030303,"400 SAINT JOHN STREET, SUITE 301",MONROE,NA,32.498650935,-92.115694229
state_level_fuzzy,Louisiana,Calacasieu Parish,Calcasieu Parish Sheriff's Office,Calcasieu Parish Jail,CALCASIEU PARISH SHERIFFS DEPARTMENT,hifld,fuzzy_state_facility,0.9075514874141877,5400 EAST BROAD STREET,LAKE CHARLES,NA,30.2270933,-93.141241
state_level_fuzzy,Louisiana,Lafayette Parish,Lafayette Parish Sheriff's Office,Lafayette Parish Jail,LAFAYETTE PARISH SHERIFFS DEPARTMENT,hifld,fuzzy_state_facility,0.9075514874141877,316 WEST MAIN STREET,LAFAYETTE,NA,30.2231079,-92.0216074
state_level_fuzzy,Louisiana,Lafourche Parish,Lafourche Parish Sheriff's Office,Lafourche Parish Jail,LAFOURCHE PARISH SHERIFFS DEPARTMENT,hifld,fuzzy_state_facility,0.9075514874141877,200 CANAL BOULEVARD,THIBODAUX,NA,29.797976461,-90.818596307000007
state_level_fuzzy,Louisiana,Plaquemines Parish,Plaquemines Parish Sheriff's Office,Plaquemines Parish Jail,PLAQUEMINES PARISH SHERIFFS OFFICE,hifld,fuzzy_state_facility,0.9154285714285714,301 MAIN STREET,BELLE CHASSE,NA,29.8568444,-89.9835302
state_level_fuzzy,Louisiana,German Coast County,St. Charles Parish Sheriff's Office,St. Charles Parish Jail,SAINT CHARLES PARISH SHERIFFS DEPARTMENT,hifld,fuzzy_state_facility,0.9188811188811188,15045 RIVER ROAD,HAHNVILLE,NA,29.9637814,-90.4065549
state_level_fuzzy,Louisiana,Pointe Coupee Parish,Pointe Coupee Parish Sheriff's Office,Pointe Coupee Parish Jail,POINTE COUPEE PARISH SHERIFFS OFFICE,hifld,fuzzy_state_facility,0.9188811188811188,215 EAST MAIN STREET,NEW ROADS,NA,30.694088,-91.4326291
state_level_fuzzy,Louisiana,Chalmette Parish,St. Bernard Parish Sheriff's Office,St. Bernard Parish Jail,ST. BERNARD PARISH PRISON,hifld_prisons,fuzzy_state_facility,0.931060606060606,1900 PARIS RD,CHALMETTE,NA,29.935922209608105,-89.96749827989674
state_level_fuzzy,Michigan,Berrian County,Berrian County Sheriff's Office,Berrian County Jail,BERRIEN COUNTY JAIL,hifld_prisons,fuzzy_state_facility,0.9336363636363636,919 PORT ST,ST. JOSEPH,NA,42.109698618768824,-86.47625543151034
state_level_fuzzy,Arkansas,Pop County,Pope County Sheriff's Office,Pope County Jail,POPE COUNTY JAIL,hifld_prisons,fuzzy_state_facility,1,3 EMERGENCY LN,RUSSELLVILLE,NA,35.28007851932625,-93.10875291774472
state_level_fuzzy,Louisiana,Bossier Parish,Bossier Parish Sheriff's Office,Bossier Parish Jail,BOSSIER PARISH JAIL,hifld_prisons,fuzzy_state_facility,1,204 BURT BLVD,BENTON,NA,32.67998864411897,-93.74362840806222
state_level_fuzzy,Louisiana,Jefferson Parish,Kenner Police Department,Kenner City Jail,KENNER CITY JAIL,hifld_prisons,fuzzy_state_facility,1,500 VETERANS BLVD,KENNER,NA,30.006468765738305,-90.26417170384602
state_level_fuzzy,Louisiana,Tangipahoa Parish,Hammond Police Department,Hammond City Jail,HAMMOND CITY JAIL,hifld_prisons,fuzzy_state_facility,1,303 EAST THOMAS STREET,HAMMOND,NA,30.505122386410726,-90.45819290033688
