state,county,agency,ORI9,source,note
Alaska,,Alaska Department of Corrections,,none,no ORI found in LEAIC (ICPSR 35158) or FBI crime data; reviewed 2026-07-10
Arizona,,Arizona Department of Corrections,AZ0079300,leaic:AZ DEPART OF CORRECTIONS PHOENIX,"state DOC law enforcement, Phoenix HQ"
Arizona,Pinal County,Pinal County Attorney's Office,,none,no ORI found in LEAIC (ICPSR 35158) or FBI crime data; reviewed 2026-07-10
Arkansas,Independence County,16th Judicial Distric Drug Task Force,,none,no ORI found in LEAIC (ICPSR 35158) or FBI crime data; reviewed 2026-07-10
Arkansas,Pulaski County,Arkansas Department of Corrections,,none,no ORI found in LEAIC (ICPSR 35158) or FBI crime data; reviewed 2026-07-10
Arkansas,Pulaski County,Arkansas Department of Public Safety,,none,"The MOA (ArkansasDPS_TFM_MOA_022326.pdf) is signed by Mike Hagar as Secretary for the department as a whole, and no roster carries a department ORI; the State Police's ARASP0000 would credit one division, unlike Montana, whose filename names its highway patrol (audit 2026-09-14)"
Arkansas,Pulaski County,Arkansas Department of Public Safety-Crime Information Center,,none,no ORI found in LEAIC (ICPSR 35158) or FBI crime data; reviewed 2026-07-10
Arkansas,Pulaski County,Arkansas Division of Law Enforcement Standards and Training,,none,"LEAIC's AR0520400 names the Law Enforcement Training Academy at Camden, one unit of the division, not the division; left blank; reviewed 2026-09-26"
Arkansas,,Arkansas National Guard,,none,no ORI found in LEAIC (ICPSR 35158) or FBI crime data; reviewed 2026-07-10
Arkansas,Columbia County,Taylor Police Department,,none,no ORI found in LEAIC (ICPSR 35158) or FBI crime data; reviewed 2026-07-10
Colorado,,Colorado Department of Public Safety,COCSP0000,leaic/lear/crime:COLORADO STATE PATROL,"The MOA's parties are the Department of Public Safety, Colorado State Patrol (r_287gcoloradodeptofpublicsafety101509.pdf; the earlier file is coloradodepartmentofpublicsafetycoloradostatepatrol.pdf), so the State Patrol's statewide ORI (audit 2026-09-14)"
California,San Bernardino County,San Bernardino County Sheriff's Office Addendum,CA0360000,leaic:SAN BERNARDINO COUNTY SHERIFF'S OFFICE,"ICE's agency cell carries the word Addendum, which names the document, not the agency (audit 2026-09-13)"
Commonwealth of the Northern Mariana Islands,,CNMI Department of Corrections,,none,no ORI found in LEAIC (ICPSR 35158) or FBI crime data; reviewed 2026-07-10
Commonwealth of the Northern Mariana Islands,,CNMI Department of Public Safety,,none,no ORI found in LEAIC (ICPSR 35158) or FBI crime data; reviewed 2026-07-10
Florida,,Boca Raton Police Services Department,FL0500200,leaic:BOCA RATON POLICE DEPARTMENT,"same agency, styled Police Services Department"
Florida,Escambia County,District Board of Trustees of Pensacola State College,FL0179100,leaic:PENSACOLA STATE COLLEGE,college police department; board is the signatory
Florida,Escambia County,Escambia County Board of County Commissioners/ Department of Corrections,,none,no ORI found in LEAIC (ICPSR 35158) or FBI crime data; reviewed 2026-07-10
Florida,,Florida A&M University Board of Trustees,FL0370700,leaic:FLORIDA A & M UNIVERSITY POLICE,university police department; board is the signatory
Florida,Broward County,Florida Atlantic Police Department,FL0503700,leaic:FLORIDA ATLANTIC UNIVERSITY POLICE,"FAU police; sheet lists Broward (Davie campus), HQ in Palm Beach"
Florida,,Florida Department of Corrections,,none,"No ORI names the department: its Office of the Inspector General files one ORI per county (FL0372900 is Leon's; FDLE's UCR agency list names each DOC Inspector General - <county>) (audit 2026-09-14)"
Florida,,"Florida Department of Environmental Protection, Division of Law Enforcement",FL0370500,fdle-ucr:Florida Department of Environmental Protection,"FDLE's UCR agency list (fdle.state.fl.us/ucr/lecounts) names the department FL0370500; CDE files it only once per county, and FL037A20X was Leon's (audit 2026-09-14)"
Florida,,Florida Department of Law Enforcement,,none,"No ORI names the department: FDLE reports under one ORI per regional office (FDLE's UCR agency list at fdle.state.fl.us/ucr/lecounts: Fort Myers FL0360500, Jacksonville FL0160500, Orlando FL0481100, Tampa Bay FL0290500, Tallahassee FL0370400, Miami FL0133000, Pensacola FL0170300), and of LEAIC's same-named Leon rows FL0370100 is its Career Offender and Sexual Offender unit on a 2010 registry contact list (audit 2026-09-14)"
Florida,,"Florida Department of Financial Services, Criminal Investigation Division",FL0371700,crime:State Treasurer's Office Division of Insurance Fraud,DFS is the Treasurer's successor; insurance-fraud division is its criminal-investigations arm
Florida,,Florida Department of Financial Services,FL0371700,crime:State Treasurer's Office Division of Insurance Fraud,"the same department as the Criminal Investigation Division row above, listed without the division (audit 2026-09-13)"
Florida,,"Florida Department of Highway Safety and Motor Vehicles, Division of Highway Patrol",FLFHP0000,leaic:FLORIDA HIGHWAY PATROL,FHP statewide parent ORI
Florida,,Florida Department of Lottery Services,FL0371600,leaic:DEPT OF LOTTERY DIV OF SECURITY TALLAHASSEE,lottery division of security
Florida,,Florida Division of Alcoholic Beverages and Tobacco,FL0375000,leaic:DIV ALCOHOL BEV & TOBACCO ENF BUR TALLAHASSEE,"FDLE's UCR agency list (fdle.state.fl.us/ucr/lecounts) names FL0375000 Florida Div Of Alcoholic Beverages and Tobacco; FL0370200 is LEAIC's row for the older Division of Alcoholic Beverages under the Department of Business and Professional Regulation (audit 2026-09-14)"
Florida,,Florida Fish & Wildlife Conservation Commission,FL0370800,leaic:FL FISH AND WILDLIFE CONSERVATION COMMISSION,Leon (Tallahassee HQ) row; regional offices have their own ORIs
Florida,,Florida National Guard,,none,no ORI found in LEAIC (ICPSR 35158) or FBI crime data; reviewed 2026-07-10
Florida,,Florida Polytechnic University Police Department,FL0530600,crime:Florida Polytechnic University,"university police; only the CDE roster lists the university, and CDE gets no key tier (audit 2026-09-13)"
Florida,,Florida Southwestern State College Police Department,FL0361300,crime:Florida Southwestern State College,"college police; only the CDE roster lists the college (audit 2026-09-13)"
Florida,,Florida State College at Jacksonville Police Department,FL0164300,crime:Florida State College at Jacksonville,"college police; only the CDE roster lists the college (audit 2026-09-13)"
Florida,,Florida State Guard,,none,no ORI found in LEAIC (ICPSR 35158) or FBI crime data; reviewed 2026-07-10
Florida,Gulf County,Gulf County Board of County Commissioners /Detention Facility,,none,no ORI found in LEAIC (ICPSR 35158) or FBI crime data; reviewed 2026-07-10
Florida,Jackson County,Jackson County Correctional Facility,,none,no ORI found in LEAIC (ICPSR 35158) or FBI crime data; reviewed 2026-07-10
Florida,Miami-Dade County,Miami-Dade Corrections and Rehabilitation,,none,no ORI found in LEAIC (ICPSR 35158) or FBI crime data; reviewed 2026-07-10
Florida,Miami-Dade County,Miami-Dade Sheriff's Office,FL0130000,leaic:MIAMI-DADE (COUNTY) POLICE DEPARTMENT,Miami-Dade PD became the Sheriff's Office in 2025
Florida,,Northwest Florida State College Police Department,FL0461300,crime:Northwest Florida State College,"college police; only the CDE roster lists the college (audit 2026-09-13)"
Florida,,Office of the State Attorney Sixth Judicial Circuit,FL051105A; FL052015A,fdle-ucr:Pasco County State Attorney's Office; Pinellas County State Attorney's Office,"FDLE's UCR agency list (fdle.state.fl.us/ucr/lecounts) files a state-attorney ORI per county; one ORI per county of the circuit in county order (Pasco, Pinellas; the main office is Clearwater, Pinellas); added 2026-09-26"
Florida,Lee County,"Office of the State Attorney, 20th Judicial Circuit",FL008105A; FL011105A; FL022015A; FL026105A; FL036015A,fdle-ucr:Charlotte County State Attorney's Office; Collier County State Attorney's Office; Glades County State Attorney's Office; Hendry County State Attorney's Office; Lee County State Attorney's Office,"FDLE's UCR agency list (fdle.state.fl.us/ucr/lecounts) files a state-attorney ORI per county; one ORI per county of the circuit in county order (Charlotte, Collier, Glades, Hendry, Lee; the main office is Fort Myers, Lee); added 2026-09-26"
Florida,Okaloosa County,Okaloosa County Board of County Commissioners/ Department of Corrections,,none,no ORI found in LEAIC (ICPSR 35158) or FBI crime data; reviewed 2026-07-10
Florida,Orange County,Orange County Corrections Department,,none,no ORI found in LEAIC (ICPSR 35158) or FBI crime data; reviewed 2026-07-10
Florida,Osceola County,Osceola County Corrections Department,,none,no ORI found in LEAIC (ICPSR 35158) or FBI crime data; reviewed 2026-07-10
Florida,Pasco County,Pasco County Board of County Commissioners/ Pasco County Corrections,,none,no ORI found in LEAIC (ICPSR 35158) or FBI crime data; reviewed 2026-07-10
Florida,,Sunny Isles Police Department,FL0135100,leaic:SUNNY ISLES BEACH POLICE DEPARTMENT,city is Sunny Isles Beach
Florida,,Tallahassee State College Police Department,FL0372200,leaic:TALLAHASSEE COMMUNITY COLLEGE POLICE,TCC renamed Tallahassee State College in 2024
Florida,Volusia County,Volusia County Division of Corrections,,none,no ORI found in LEAIC (ICPSR 35158) or FBI crime data; reviewed 2026-07-10
Georgia,,Georgia Department of Corrections,,none,"LEAIC carries two division rows, GA0603200 (Investigations Section, Atlanta) and GA1020600 (Central Personnel Internal Investigations, Forsyth, the department's headquarters), and no row names the department; left blank; reviewed 2026-09-26"
Guam,Guam,Office Of The Attorney General,,none,no ORI found in LEAIC (ICPSR 35158) or FBI crime data; reviewed 2026-07-10
Indiana,Henry County,Greensboro Police Department,,none,no ORI found in LEAIC (ICPSR 35158) or FBI crime data; reviewed 2026-07-10
Indiana,Hendricks County,Hendricks County Prosecutor's Office,,none,no ORI found in LEAIC (ICPSR 35158) or FBI crime data; reviewed 2026-07-10
Indiana,Putnam County,Indiana Department of Corrections,INDOC0000,leaic:DEPT CORR INDIANAPOLIS,"LEAIC prints the ORI with a zero for the letter O; its NCIC-sourced rows do that throughout (OK0BI0000, OH0HP0000 and OHC0P0000 there are OKOBI0000, OHOHP0000 and OHCOP0000 on the FBI's own roster), so the letter form is used. Agency-level (...0000) ORI; added 2026-09-26"
Indiana,Marion County,Indiana Department of Homeland Security,,none,no ORI found in LEAIC (ICPSR 35158) or FBI crime data; reviewed 2026-07-10
Indiana,Henry County,Kennard Police Department,IN0330800,leaic:KENNARD PD NEW CASTLE,Henry County town PD
Indiana,Dekalb County,Waterloo Marshal's Office,IN0170400,leaic:WATERLOO POLICE,town marshal is the town police
Indiana,Dearborn County,West Harrison Police Department,,none,"LEAR carries WEST HARRISON POLICE DEPARTMENT, Dearborn County, IN0150500, and the pipeline matches it; this row predates the LEAR roster and decides nothing (audit 2026-09-13)"
Indiana,White County,Wolcott Police Department,IN0910400,leaic:WOLCOTT MARSHAL'S OFFICE WOLCOTT,town marshal is the town police. Inactive: LEAR matches this agency on the exact tier with the same ORI (audit 2026-09-13)
Kentucky,Grayson County,Grayson County Detention Center,,none,no ORI found in LEAIC (ICPSR 35158) or FBI crime data; reviewed 2026-07-10
Kentucky,Oldham County,Oldham County Detention Center,,none,no ORI found in LEAIC (ICPSR 35158) or FBI crime data; reviewed 2026-07-10
Louisiana,Livingston Parish,Denham Springs City Marshal,,none,not on the UCR rosters; LEAIC's NCIC-only second Denham Springs row LA0321100 is labelled Police Department and cannot be confirmed as the marshal; reviewed 2026-09-26
Louisiana,East Feliciana Parish,Jackson Marshals Office,,none,no ORI found in LEAIC (ICPSR 35158) or FBI crime data; reviewed 2026-07-10
Louisiana,,Louisiana Department of Public Safety & Corrections,,none,no ORI found in LEAIC (ICPSR 35158) or FBI crime data; reviewed 2026-07-10
Louisiana,,Louisiana Department of Wildlife & Fisheries,LA0170800,leaic:LOUSIANA WILDLIFE AND FISHERIES DEPT - ENFORCEMENT,"enforcement division, Baton Rouge"
Louisiana,,Louisiana Military Department,,none,no ORI found in LEAIC (ICPSR 35158) or FBI crime data; reviewed 2026-07-10
Louisiana,Allen Parish,Ward 5 Marshal's Office,,none,no ORI found in LEAIC (ICPSR 35158) or FBI crime data; reviewed 2026-07-10
Maryland,Frederick County,Frederick County Sheriff's Office (Addendum),MD0110000,leaic:FREDERICK COUNTY SHERIFF'S OFFICE,"ICE's agency cell carries (Addendum), which names the document, not the agency (audit 2026-09-13)"
Massachusetts,,Massachusetts Department of Corrections,,none,no ORI found in LEAIC (ICPSR 35158) or FBI crime data; reviewed 2026-07-10
Mississippi,,Mississippi Attorney General's Office,,none,no ORI found in LEAIC (ICPSR 35158) or FBI crime data; reviewed 2026-07-10
Mississippi,Hinds County,Mississippi Department of Corrections,,none,no ORI found in LEAIC (ICPSR 35158) or FBI crime data; reviewed 2026-07-10
Mississippi,Hinds County,Mississippi Department of Public Safety,MSDPS0100,leaic:MS DEPART OF PUBLIC SAFETY,"The MOA (DeptPublicSafetyMS_TFM_MOA_12082025.pdf) is signed by Commissioner Sean Tindell for the department as a whole, with the Highway Patrol, Bureau of Narcotics and Commercial Transportation Enforcement as its contacts, so the department row (LEAIC, Rankin County) rather than the Highway Patrol's MSMHP0000 (audit 2026-09-13)"
Mississippi,Hinds County,Mississippi Department of Wildlife Fisheries and Parks,MS0251400,leaic:DEPT OF WILDLIFE CONSERVATION ENF DIV JACKSON,"enforcement division, Jackson"
Mississippi,Hinds County,Mississippi Office of the State Auditor,,none,no ORI found in LEAIC (ICPSR 35158) or FBI crime data; reviewed 2026-07-10
Mississippi,Prentiss County,Prentiss County Constable Northern District,,none,no ORI found in LEAIC (ICPSR 35158) or FBI crime data; reviewed 2026-07-10
Missouri,,Missouri Highway Patrol,MOMHP0000,leaic:MISSOURI STATE HIGHWAY PATROL,statewide parent ORI
Missouri,Franklin County,Oak Grove Village Police Department,MO0361000,leaic:OAK GROVE VILLAGE PD SULLIVAN,"The key tier matched Oak Grove PD in Jackson County (MO0480900, county code 048) because the key drops Village; the village near Sullivan is in Franklin County, code 036 (audit 2026-09-13)"
Missouri,St. Louis County,North County Police Cooperative,,none,"LEAR carries North County Police Cooperative, St. Louis County, MO0957700, and the pipeline matches it; this row predates the LEAR roster and decides nothing (audit 2026-09-13)"
Montana,,Montana Department of Justice,MTMHP0000,leaic/lear/crime:MONTANA HIGHWAY PATROL,"The MOA is filed as MontanaDOJ_DHP_TFM_MOA_02.20.2025.pdf, DHP being the department's Division of Highway Patrol, so the Highway Patrol's ORI rather than the Division of Criminal Investigation's MT0251100; the PDF is a scan with no readable text (reviewed 2026-09-13)"
Nebraska,Lincoln County,Nebraska Department of Correctional Services,,none,no ORI found in LEAIC (ICPSR 35158) or FBI crime data; reviewed 2026-07-10
New Jersey,Monmouth County,Monmouth County Sheriff's Office (Addendum),NJ0130000,leaic:MONMOUTH COUNTY SHERIFF'S OFFICE,"ICE's agency cell carries (Addendum), which names the document, not the agency (audit 2026-09-13)"
New York,Nassau County,Nassau County Sheriff's Office,NY0299000,leaic:NASSAU CO SHERIFF'S DEPARTMENT MINEOLA,sheriff's HQ row; the plain-name LEAIC row carries no ORI. Inactive: LEAR matches this agency on the exact tier with the same ORI (audit 2026-09-13)
Oklahoma,Kay County,Office of The District Attorney - Eighth District,OK036015A; OK052015A,"osbi-da:DA Office, Newkirk; DA Office, Perry","OSBI ORI List - District Attorney (oklahoma.gov/content/dam/ok/en/osbi/documents/afis-docs/OSBI_ORI_List_-_District_Attorney.pdf) files a DA ORI per county; one ORI per county of the district in county order (Kay, Noble; the office sits in Newkirk, Kay); added 2026-09-26"
Oklahoma,,Oklahoma Bureau of Investigation,OKOBI0000,crime:State Bureau of Investigation,"CDE's agency-level row for the Oklahoma State Bureau of Investigation; LEAIC's OK0BI0100-0300 are numbered sub-ORIs (audit 2026-09-14)"
Oklahoma,,Oklahoma Department of Public Safety,OKOHP0000,leaic:OKLAHOMA HIGHWAY PATROL,DPS row carries no ORI in LEAIC; OHP is DPS's sworn division
Oklahoma,Okmulgee County,Okmulgee County District Attorney's Office,OK056015A,"osbi-da:DA Office, Okmulgee",OSBI ORI List - District Attorney (oklahoma.gov/content/dam/ok/en/osbi/documents/afis-docs/OSBI_ORI_List_-_District_Attorney.pdf); OSBI files a DA ORI per county and the sheet names the county office; added 2026-09-26
Pennsylvania,Cambria County,Cambria County Prison,,none,no ORI found in LEAIC (ICPSR 35158) or FBI crime data; reviewed 2026-07-10
Pennsylvania,Westmoreland County,Constable Unity Township,,none,no ORI found in LEAIC (ICPSR 35158) or FBI crime data; reviewed 2026-07-10
Pennsylvania,Mercer County,Coolspring Township Constable's Office,,none,no ORI found in LEAIC (ICPSR 35158) or FBI crime data; reviewed 2026-07-10
Pennsylvania,Franklin County,County of Franklin / Franklin County Jail,,none,no ORI found in LEAIC (ICPSR 35158) or FBI crime data; reviewed 2026-07-10
Pennsylvania,Armstrong County,Armstrong County District Attorney’s Office,PA0031700,leaic:CO DETECTIVE BU KITTANNING,"Pennsylvania's county detectives are the district attorney's investigators, and the rosters file them under one ORI: Cambria's PA0115100 is CO DETECTIVE BU EBENSBURG in LEAIC and Cambria County District Attorney's Office in CDE, and Washington's PA0634300 is likewise both (audit 2026-09-14)"
Pennsylvania,,Damascus Township Constable,,none,no ORI found in LEAIC (ICPSR 35158) or FBI crime data; reviewed 2026-07-10
Pennsylvania,,East Donegal Township Constables Office,,none,no ORI found in LEAIC (ICPSR 35158) or FBI crime data; reviewed 2026-07-10
Pennsylvania,Carbon County,East Penn Township Constable Office,,none,no ORI found in LEAIC (ICPSR 35158) or FBI crime data; reviewed 2026-07-10
Pennsylvania,Franklin County,Fannett Township Constables Office,,none,no ORI found in LEAIC (ICPSR 35158) or FBI crime data; reviewed 2026-07-10
Pennsylvania,Tioga County,Gaines Township PA State Constable,,none,no ORI found in LEAIC (ICPSR 35158) or FBI crime data; reviewed 2026-07-10
Pennsylvania,Erie County,Greene Township Constable's Office,,none,no ORI found in LEAIC (ICPSR 35158) or FBI crime data; reviewed 2026-07-10
Pennsylvania,Lancaster County,Lancaster County District Attorney's Office,PA0364500,leaic:CO DETECTIVE BU LANCASTER,"Pennsylvania's county detectives are the district attorney's investigators, and the rosters file them under one ORI: Cambria's PA0115100 is CO DETECTIVE BU EBENSBURG in LEAIC and Cambria County District Attorney's Office in CDE, and Washington's PA0634300 is likewise both (audit 2026-09-14)"
Pennsylvania,Delaware County,Lansdowne Borough Constable's Office,,none,no ORI found in LEAIC (ICPSR 35158) or FBI crime data; reviewed 2026-07-10
Pennsylvania,Lebanon County,Lebanon County District Attorney's Office,PA0382100,leaic/crime:LEBANON COUNTY DETECTIVE BUREAU,"Pennsylvania's county detectives are the district attorney's investigators, and the rosters file them under one ORI: Cambria's PA0115100 is CO DETECTIVE BU EBENSBURG in LEAIC and Cambria County District Attorney's Office in CDE, and Washington's PA0634300 is likewise both (audit 2026-09-14)"
Pennsylvania,Mifflin County,Lewistown Borough Constable's Office,,none,no ORI found in LEAIC (ICPSR 35158) or FBI crime data; reviewed 2026-07-10
Pennsylvania,Westmoreland County,Lower Burrell Fourth Ward Constable,,none,no ORI found in LEAIC (ICPSR 35158) or FBI crime data; reviewed 2026-07-10
Pennsylvania,Luzerne County,Luzerne County District Attorney's Office,PA0405500,leaic/crime:LUZERNE COUNTY DETECTIVES,"Pennsylvania's county detectives are the district attorney's investigators, and the rosters file them under one ORI: Cambria's PA0115100 is CO DETECTIVE BU EBENSBURG in LEAIC and Cambria County District Attorney's Office in CDE, and Washington's PA0634300 is likewise both (audit 2026-09-14)"
Pennsylvania,Mckean County,McKean County District Attorney's Office - Detectives’ Bureau,PA0421100,leaic/crime:MCKEAN COUNTY DETECTIVES,"the county detectives are the DA's investigators, and the sheet names the Detectives' Bureau (audit 2026-09-13)"
Pennsylvania,Lawrence County,Mahoning Township Police Department,PA0372000,crime:Mahoning Township Police Department Lawrence County,"Lawrence County township, distinct from Carbon and Montour namesakes. Inactive: LEAR matches this agency on the exact tier with the same ORI (audit 2026-09-13)"
Pennsylvania,,Northwest Regional Police Department,PA0362600,leaic/lear/crime:NORTHWEST LANCASTER COUNTY REGIONAL POLICE DEPARTMENT,"The department's site (nwrpd.org, About Us) names it the Northwest Lancaster County Regional Police Department, the name all three rosters carry; ICE's sheet gives no county (audit 2026-09-13)"
Pennsylvania,Chester County,Pennsylvania State Constable Office Honey Brook Precinct 1,,none,no ORI found in LEAIC (ICPSR 35158) or FBI crime data; reviewed 2026-07-10
Pennsylvania,Cumberland County,Pennsylvania State Constable's Office So Middleton Twp,,none,no ORI found in LEAIC (ICPSR 35158) or FBI crime data; reviewed 2026-07-10
Pennsylvania,Cumberland County,"Pennsylvania State Constable's Office, Cooke Township",,none,no ORI found in LEAIC (ICPSR 35158) or FBI crime data; reviewed 2026-07-10
Pennsylvania,,Preston Township Constable's Office,,none,no ORI found in LEAIC (ICPSR 35158) or FBI crime data; reviewed 2026-07-10
Pennsylvania,,Sewickley Township Constable's Office,,none,no ORI found in LEAIC (ICPSR 35158) or FBI crime data; reviewed 2026-07-10
Pennsylvania,Pike County,Shohola Township Constable's Office,,none,no ORI found in LEAIC (ICPSR 35158) or FBI crime data; reviewed 2026-07-10
Pennsylvania,Somerset County,Somerset County District Attorney's Office,PA0561500,leaic:CO DETECTIVE BU SOMERSET,"Pennsylvania's county detectives are the district attorney's investigators, and the rosters file them under one ORI: Cambria's PA0115100 is CO DETECTIVE BU EBENSBURG in LEAIC and Cambria County District Attorney's Office in CDE, and Washington's PA0634300 is likewise both (audit 2026-09-14)"
Pennsylvania,Cumberland County,"Southampton Twp. Cumberland City, Constables Office",,none,no ORI found in LEAIC (ICPSR 35158) or FBI crime data; reviewed 2026-07-10
Pennsylvania,Bradford County,Troy Township PA State Constable,,none,no ORI found in LEAIC (ICPSR 35158) or FBI crime data; reviewed 2026-07-10
Pennsylvania,Washington County,Union Township Police Department,PA0633500,leaic:UNION TWP PD FINLEYVILLE,"the only Union Township police department in Washington County; LEAIC appends the town, so no key matched (audit 2026-09-13)"
Pennsylvania,Wyoming County,Wyoming County District Attorney's Office,PA0660500,leaic/crime:WYOMING COUNTY DETECTIVES,"Pennsylvania's county detectives are the district attorney's investigators, and the rosters file them under one ORI: Cambria's PA0115100 is CO DETECTIVE BU EBENSBURG in LEAIC and Cambria County District Attorney's Office in CDE, and Washington's PA0634300 is likewise both (audit 2026-09-14)"
South Carolina,,South Carolina Law Enforcement Division,SCLED0000,leaic:SC LAW ENF DIV COLUMBIA,"the division's own agency-level ORI, listed at its Columbia headquarters, and the agency ORI on SLED's arrest warrants; CDE files SLED only once per county. The MOA (SouthCarolinaLawEnfDiv_TFM_MOA_03.07.2025.pdf) is signed by Chief Mark A. Keel (audit 2026-09-14)"
South Dakota,,South Dakota Department of Corrections,,none,no ORI found in LEAIC (ICPSR 35158) or FBI crime data; reviewed 2026-07-10
Tennessee,Bradley County,Bradley County Constable District 1,,none,no ORI found in LEAIC (ICPSR 35158) or FBI crime data; reviewed 2026-07-10
Tennessee,Bradley County,Bradley County Constable District 5,,none,no ORI found in LEAIC (ICPSR 35158) or FBI crime data; reviewed 2026-07-10
Tennessee,Bradley County,Bradley County Constable District 6,,none,no ORI found in LEAIC (ICPSR 35158) or FBI crime data; reviewed 2026-07-10
Tennessee,Bradley County,Bradley County Constable District 7,,none,no ORI found in LEAIC (ICPSR 35158) or FBI crime data; reviewed 2026-07-10
Tennessee,Grundy County,Grundy County Constable District 3,,none,no ORI found in LEAIC (ICPSR 35158) or FBI crime data; reviewed 2026-07-10
Tennessee,Moore County,Metropolitan Moore County Sheriff's Office,TN0640000,leaic:MOORE COUNTY SHERIFF'S OFFICE,Lynchburg-Moore metro government
Tennessee,Monroe County,Monroe County Constable District 2,,none,no ORI found in LEAIC (ICPSR 35158) or FBI crime data; reviewed 2026-07-10
Tennessee,Polk County,Polk County Constable District 2,,none,no ORI found in LEAIC (ICPSR 35158) or FBI crime data; reviewed 2026-07-10
Tennessee,Polk County,Polk County Constable District 4,,none,no ORI found in LEAIC (ICPSR 35158) or FBI crime data; reviewed 2026-07-10
Tennessee,Sevier County,Sevier County Constable District 5,,none,no ORI found in LEAIC (ICPSR 35158) or FBI crime data; reviewed 2026-07-10
Tennessee,Sullivan County,Sullivan County Constable District 1,,none,no ORI found in LEAIC (ICPSR 35158) or FBI crime data; reviewed 2026-07-10
Tennessee,,Tennessee Department of Corrections,TN0194100,leaic:DEPT OF CORRECTION INT A,"TDOC internal affairs, its law-enforcement arm"
Tennessee,,Tennessee Department of Safety and Homeland Security,TNTHP0000,leaic:TENNESSEE DEPARTMENT OF SAFETY,department renamed to add Homeland Security in 2012
Tennessee,,Tennessee Highway Patrol / Department of Safety,TNTHP0000,leaic/lear:TENNESSEE DEPARTMENT OF SAFETY,"the 2008 listing of the same department, before its rename (audit 2026-09-13)"
Texas,Blanco County,Blanco County Constable Precinct 4,TX0160400,txdps-ear:BLANCO COUNTY CONSTABLE PCT 4,"Texas DPS arresting-agency ORI list (dps.texas.gov/administration/crime_records/docs/cjis/arrestingagencyoris.xls, saved 2026-05-04); LEAIC lists the precinct with ORI -1; added 2026-09-26"
Texas,Caldwell County,Caldwell County Constable Precinct 2,TX0280800,leaic:CONSTABLE'S OFFICE PCT 2 LULING,"LEAIC names the precinct without its county, so no key matched; the ORI is filed under this county and precinct (audit 2026-09-13)"
Texas,Dimmit County,Dimmit County Constable Precinct 1,TX0640600,crime:Dimmit County Constable: Precinct 1 & 6,"The CDE roster files precincts 1 and 6 under one ORI; its name extends the sheet's. Inactive: CDE matches this agency on the prefix tier with the same ORI (audit 2026-09-14)"
Texas,Fannin County,Fannin County Criminal District Attorney's Office,TX074015A,txdps-ear:DISTRICT ATTORNEY'S OFFICE BONHAM,"Texas DPS arresting-agency ORI list (dps.texas.gov/administration/crime_records/docs/cjis/arrestingagencyoris.xls, saved 2026-05-04); Fannin is the only county of the office; added 2026-09-26"
Texas,Freestone County,Freestone County Constable Precinct 2,TX0810500,leaic:CONSTABLE'S OFFICE PCT 2 TEAGUE,"LEAIC names the precinct without its county, so no key matched; the ORI is filed under this county and precinct (audit 2026-09-13)"
Texas,Freestone County,Freestone County Constable Precinct 3,TX0810600,leaic:CONSTABLES OFFICE PCT 3,"LEAIC names the precinct without its county, so no key matched; the ORI is filed under this county and precinct (audit 2026-09-13)"
Texas,Guadalupe County,Guadalupe County Constable Precinct 1,TX0940400,leaic:CONSTABLES OFFICE PCT 1,"LEAIC names the precinct without its county, so no key matched; the ORI is filed under this county and precinct (audit 2026-09-13)"
Texas,Jasper County,Jasper County Constable Precinct 6,TX1210800,leaic:CONSTABLE'S OFFICE PCT 6 EVADALE,"LEAIC names the precinct without its county, so no key matched; the ORI is filed under this county and precinct (audit 2026-09-13)"
Texas,Johnson County,Johnson County District Attorney's Office,TX126015A,txdps-ear:DISTRICT ATTORNEYS OFFICE CLEBURNE,"Texas DPS arresting-agency ORI list (dps.texas.gov/administration/crime_records/docs/cjis/arrestingagencyoris.xls, saved 2026-05-04); added 2026-09-26"
Texas,Kinney County,Kinney County Constable's Office,TX1360100,crime:Kinney County Constable Precinct 1,single-constable county. Inactive: CDE matches this agency on the prefix tier with the same ORI (audit 2026-09-14)
Texas,Kleberg County,Kleberg County Attorney's Specialized Crimes & Narcotics Task Force,TX1370400,txdps-ear:TEXAS SPECIALIZED CRIMES & NARC TASK FORCE,"Texas DPS arresting-agency ORI list (dps.texas.gov/administration/crime_records/docs/cjis/arrestingagencyoris.xls, saved 2026-05-04); DPS's full name is South Texas Specialized Crimes & Narcotics Task Force, Kingsville, the task force the county attorney runs; added 2026-09-26"
Texas,Liberty County,Liberty County Constable Precinct 2,TX1460800,leaic:CONSTABLE'S OFFICE PCT 2 RAYWOOD,"LEAIC names the precinct without its county, so no key matched; the ORI is filed under this county and precinct (audit 2026-09-13)"
Texas,Liberty County,Liberty County Constable Precinct 3,TX1460900,leaic:CONSTABLE'S OFFICE PCT 3,"LEAIC names the precinct without its county, so no key matched; the ORI is filed under this county and precinct (audit 2026-09-13)"
Texas,Liberty County,Liberty County Constable Precinct 4,TX1461000,leaic:CONSTABLE'S OFFICE PCT 4 DAYTON,"LEAIC names the precinct without its county, so no key matched; the ORI is filed under this county and precinct (audit 2026-09-13)"
Texas,Liberty County,Liberty County Constable Precinct 6,TX1461200,leaic:CONSTABLE'S OFFICE PCT 6 CLEVELAND,"LEAIC names the precinct without its county, so no key matched; the ORI is filed under this county and precinct (audit 2026-09-13)"
Texas,Maverick County,Maverick County Constable Precinct 2,TX1620300,leaic:CONSTABLE'S OFFICE PCT 2 EL INDIO,"LEAIC names the precinct without its county, so no key matched; the ORI is filed under this county and precinct (audit 2026-09-13)"
Texas,Guadalupe County,New Berlin Marshal's Office,TX0941600,txdps-ear:CITY OF NEW BERLIN MARSHALS OFFICE,"Texas DPS arresting-agency ORI list (dps.texas.gov/administration/crime_records/docs/cjis/arrestingagencyoris.xls, saved 2026-05-04); added 2026-09-26"
Texas,Nueces County,Nueces County Constable Precinct 2,TX1781400,txdps-ear:NUECES CO CONSTABLE'S OFF PCT 2 CORPUS CHRISTI,"Texas DPS arresting-agency ORI list (dps.texas.gov/administration/crime_records/docs/cjis/arrestingagencyoris.xls, saved 2026-05-04); LEAIC lists the precinct with ORI -1; added 2026-09-26"
Texas,Nueces County,Nueces County Constable Precinct 3,TX1780900,leaic:CONSTABLE'S OFFICE PCT 3 BISHOP,"LEAIC names the precinct without its county, so no key matched; the ORI is filed under this county and precinct (audit 2026-09-13)"
Texas,Nueces County,Nueces County Constable Precinct 4,TX1781300,txdps-ear:NUECES CO CONSTABLE'S OFFICE PCT 4 PORT ARANSAS,"Texas DPS arresting-agency ORI list (dps.texas.gov/administration/crime_records/docs/cjis/arrestingagencyoris.xls, saved 2026-05-04); LEAIC lists the precinct with ORI -1; added 2026-09-26"
Texas,Nueces County,Nueces County Constable Precinct 5,TX1781100,leaic:CONSTABLE'S OFFICE PCT 5 ROBSTOWN,"LEAIC names the precinct without its county, so no key matched; the ORI is filed under this county and precinct (audit 2026-09-13)"
Texas,Parker County,Parker County (County) Attorney's Office,TX184013A,txdps-ear:COUNTY ATTORNEY'S OFFICE WEATHERFORD,"Texas DPS arresting-agency ORI list (dps.texas.gov/administration/crime_records/docs/cjis/arrestingagencyoris.xls, saved 2026-05-04); added 2026-09-26"
Texas,Parker County,Parker County District Attorney's Office,TX184015A,txdps-ear:DISTRICT ATTORNEYS OFFICE PARKER COUNTY,"Texas DPS arresting-agency ORI list (dps.texas.gov/administration/crime_records/docs/cjis/arrestingagencyoris.xls, saved 2026-05-04); added 2026-09-26"
Texas,Rusk County,Rusk County Constable Precinct 3,TX2010700,leaic:CONSTABLE'S OFFICE PCT 3 TATUM,"LEAIC names the precinct without its county, so no key matched; the ORI is filed under this county and precinct (audit 2026-09-13)"
Texas,Bexar County,Saint Hedwig Marshal's Office,TX0157100,crime:Saint Hedwig Police Department,town marshal is the town police
Texas,Gonzales County,Smiley City Marshal's Office,TX0891000,crime:Smiley Police Department,town marshal is the town police; LEAIC lists the older ORI TX0890300
Texas,Wilson County,Stockdale Marshal's Office,TX2470900,txdps-ear:STOCKDALE CITY MARSHAL'S OFFICE,"Texas DPS arresting-agency ORI list (dps.texas.gov/administration/crime_records/docs/cjis/arrestingagencyoris.xls, saved 2026-05-04); added 2026-09-26"
Texas,,Texas Department of Public Safety - Texas Highway Patrol,TX0000000,leaic:TEXAS DEPARTMENT OF PUBLIC SAFETY,DPS statewide parent ORI
Texas,,Texas Department of Public Safety- Criminal Investigations Division,TX0000000,leaic:TEXAS DEPARTMENT OF PUBLIC SAFETY,DPS statewide parent ORI
Texas,,Texas National Guard,TX2273700,txdps-ear:TX MILITARY FORCES NATL GUARD PROVOST MARSHAL,"Texas DPS arresting-agency ORI list (dps.texas.gov/administration/crime_records/docs/cjis/arrestingagencyoris.xls, saved 2026-05-04); the Guard's one ORI (Provost Marshal, Camp Mabry; also LEAIC). Division-named: blank it if the whole-agency rule should apply; added 2026-09-26"
Texas,,Texas Office of the Attorney General,TX2273200,txdps-ear:TX OFF OF ATTY GENERAL CRIMINAL INVST,"Texas DPS arresting-agency ORI list (dps.texas.gov/administration/crime_records/docs/cjis/arrestingagencyoris.xls, saved 2026-05-04); the office's one law-enforcement ORI (Criminal Investigations Division, Austin; also LEAIC); its other ORIs are Medicaid-fraud and child-support units. Division-named: blank it if the whole-agency rule should apply; added 2026-09-26"
Texas,Trinity County,Trinity County Constable Precinct 2,TX2280300,leaic:CONSTABLE'S OFFICE PCT 2 TRINITY,"LEAIC names the precinct without its county, so no key matched; the ORI is filed under this county and precinct (audit 2026-09-13)"
Texas,Trinity County,Trinity County Constable Precinct 4,TX2280500,leaic:CONSTABLE'S OFFICE PCT 4 APPLE SPRINGS,"LEAIC names the precinct without its county, so no key matched; the ORI is filed under this county and precinct (audit 2026-09-13)"
Texas,Walker County,Walker County Constable Pct 3,TX2360500,leaic:CONSTABLE'S OFFICE PCT 3 RIVERSIDE,"LEAIC names the precinct without its county, so no key matched; the ORI is filed under this county and precinct (audit 2026-09-13)"
Utah,,Utah Department of Corrections,UT0185000,crime:Utah Department of Corrections Law Enforcement Bureau,DOC law enforcement bureau. Inactive: CDE matches this agency on the prefix tier with the same ORI (audit 2026-09-14)
Virginia,,"Rappahannock, Shenandoah, Warren Regional Jail Authority",,none,no ORI found in LEAIC (ICPSR 35158) or FBI crime data; reviewed 2026-07-10
Virginia,,Southwest Virginia Regional Jail Authority,,none,no ORI found in LEAIC (ICPSR 35158) or FBI crime data; reviewed 2026-07-10
Virginia,Henrico County,Virginia Department of Wildlife Resources,VA1220500,leaic/crime:VIRGINIA DEPARTMENT GAME AND INLAND FISHERIES,"the Department of Game and Inland Fisheries was renamed Wildlife Resources in 2020 (audit 2026-09-13)"
Virginia,,Virginia Marine Resources Commission,VA1160300,"crime:Virginia Marine Resources Commission, Law Enforcement Division","its law enforcement division; the CDE name extends the sheet's. Inactive: CDE matches this agency on the prefix tier with the same ORI (audit 2026-09-14)"
West Virginia,,West Virginia Division of Corrections and Rehabilitation,,none,no ORI found in LEAIC (ICPSR 35158) or FBI crime data; reviewed 2026-07-10
West Virginia,,West Virginia National Guard,,none,no ORI found in LEAIC (ICPSR 35158) or FBI crime data; reviewed 2026-07-10
Wyoming,Laramie County,Wyoming State Highway Patrol,WYWHP0000,leaic:WYOMING HIGHWAY PATROL,statewide parent ORI
New Hampshire,,Pittsburgh Police Department,NH0045200,leaic:PITTSBURG POLICE DEPARTMENT,ICE sheet misspells Pittsburg (Coos County NH) town PD
Alabama,Talladega County,"State Constable Office, Talladega County",,none,"constables are not on the UCR rosters (LEAIC, LEAR, CDE) and Pennsylvania and Tennessee constables hold no NCIC terminal of their own; no public ORI source; reviewed 2026-09-26"
Arkansas,Little River County,9th West Judicial District,,none,"MOA still pending, so the party is unconfirmed; LEAIC's AR0310300 (Ninth West Judicial District Drug Task Force, Nashville) applies only if the party is the drug task force; reviewed 2026-09-26"
Arkansas,Miller County,8th Judicial District South,,none,"prosecutor and other criminal-justice ORIs (...5A) appear only in state-published lists (Texas DPS, Oklahoma OSBI, FDLE) and none covers this agency; reviewed 2026-09-26"
Arkansas,Pulaski County,6th Judicial District Prosecuting Attorney's Office,,none,"prosecutor and other criminal-justice ORIs (...5A) appear only in state-published lists (Texas DPS, Oklahoma OSBI, FDLE) and none covers this agency; reviewed 2026-09-26"
Delaware,,Delaware Department of Corrections,,none,"not on the UCR rosters (LEAIC, LEAR, CDE) and the NCIC ORI file is not public; reviewed 2026-09-26"
Florida,,"Office of the State Attorney, Sixth Judicial Circuit",FL051105A; FL052015A,fdle-ucr:Pasco County State Attorney's Office; Pinellas County State Attorney's Office,"FDLE's UCR agency list (fdle.state.fl.us/ucr/lecounts) files a state-attorney ORI per county; one ORI per county of the circuit in county order (Pasco, Pinellas; the main office is Clearwater, Pinellas); added 2026-09-26"
Georgia,Elbert County,Northern Judicial Circuit Probation Office,,none,"prosecutor and other criminal-justice ORIs (...5A) appear only in state-published lists (Texas DPS, Oklahoma OSBI, FDLE) and none covers this agency; reviewed 2026-09-26"
Idaho,Ada County,Idaho Department of Correction,,none,"not on the UCR rosters (LEAIC, LEAR, CDE) and the NCIC ORI file is not public; reviewed 2026-09-26"
Indiana,Marion County,Indiana Office of Attorney General,,none,"prosecutor and other criminal-justice ORIs (...5A) appear only in state-published lists (Texas DPS, Oklahoma OSBI, FDLE) and none covers this agency; reviewed 2026-09-26"
Kentucky,Bullitt County,Bullitt County Detention Center,,none,"county and regional jails are not on the UCR rosters (LEAIC, LEAR, CDE); NCIC gives them corrections-type ORIs (...5C) that no public list carries; reviewed 2026-09-26"
Louisiana,East Baton Rouge Parish,Louisiana Department of Justice - Office of the Attorney General,,none,"prosecutor and other criminal-justice ORIs (...5A) appear only in state-published lists (Texas DPS, Oklahoma OSBI, FDLE) and none covers this agency; reviewed 2026-09-26"
Louisiana,St. Mary Parish,Ward 6 Marshal's Office,,none,"not on the UCR rosters (LEAIC, LEAR, CDE) and no state ORI list found; reviewed 2026-09-26"
Maryland,Wicomico County,Wicomico County Corrections Center,,none,"county and regional jails are not on the UCR rosters (LEAIC, LEAR, CDE); NCIC gives them corrections-type ORIs (...5C) that no public list carries; reviewed 2026-09-26"
Massachusetts,,Massachusetts Department of Correction,,none,"not on the UCR rosters (LEAIC, LEAR, CDE) and the NCIC ORI file is not public; reviewed 2026-09-26"
Mississippi,Benton County,Hickory Flat Police Department,,none,"not on the UCR rosters (LEAIC, LEAR, CDE) and no state ORI list found; reviewed 2026-09-26"
Missouri,Cole County,Missouri Department of Corrections,,none,"not on the UCR rosters (LEAIC, LEAR, CDE) and the NCIC ORI file is not public; reviewed 2026-09-26"
Missouri,Greene County,COMET Drug Task Force,,none,"not on the UCR rosters (LEAIC, LEAR, CDE) and no state ORI list found; reviewed 2026-09-26"
Montana,Lewis And Clark County,Montana Department of Corrections,,none,"not on the UCR rosters (LEAIC, LEAR, CDE) and the NCIC ORI file is not public; reviewed 2026-09-26"
Nevada,Carson City,Nevada Department of Corrections,,none,"not on the UCR rosters (LEAIC, LEAR, CDE) and the NCIC ORI file is not public; reviewed 2026-09-26"
New Jersey,Hudson County,Hudson County Department of Corrections,,none,"county and regional jails are not on the UCR rosters (LEAIC, LEAR, CDE); NCIC gives them corrections-type ORIs (...5C) that no public list carries; reviewed 2026-09-26"
New Mexico,,New Mexico Department of Corrections,,none,"not on the UCR rosters (LEAIC, LEAR, CDE) and the NCIC ORI file is not public; reviewed 2026-09-26"
North Carolina,Pasquotank County,Albemarle District Jail,,none,"county and regional jails are not on the UCR rosters (LEAIC, LEAR, CDE); NCIC gives them corrections-type ORIs (...5C) that no public list carries; reviewed 2026-09-26"
Oklahoma,Washington County,Caney Valley Public Schools Police Department,,none,"not on the UCR rosters (LEAIC, LEAR, CDE) and no state ORI list found; reviewed 2026-09-26"
Pennsylvania,Allegheny County,Office of Constable Monroeville 6th Ward,,none,"constables are not on the UCR rosters (LEAIC, LEAR, CDE) and Pennsylvania and Tennessee constables hold no NCIC terminal of their own; no public ORI source; reviewed 2026-09-26"
Pennsylvania,Cambria County,Pennsylvania State Constables Office Cambria County,,none,"constables are not on the UCR rosters (LEAIC, LEAR, CDE) and Pennsylvania and Tennessee constables hold no NCIC terminal of their own; no public ORI source; reviewed 2026-09-26"
Pennsylvania,Dauphin County,Derry Township Constable's Office,,none,"constables are not on the UCR rosters (LEAIC, LEAR, CDE) and Pennsylvania and Tennessee constables hold no NCIC terminal of their own; no public ORI source; reviewed 2026-09-26"
Pennsylvania,Mercer County,South Pymatuning TWP State Constable,,none,"constables are not on the UCR rosters (LEAIC, LEAR, CDE) and Pennsylvania and Tennessee constables hold no NCIC terminal of their own; no public ORI source; reviewed 2026-09-26"
Pennsylvania,Somerset County,Addison Borough Constable's Office,,none,"constables are not on the UCR rosters (LEAIC, LEAR, CDE) and Pennsylvania and Tennessee constables hold no NCIC terminal of their own; no public ORI source; reviewed 2026-09-26"
Pennsylvania,Westmoreland County,Unity Township Constable Office,,none,"constables are not on the UCR rosters (LEAIC, LEAR, CDE) and Pennsylvania and Tennessee constables hold no NCIC terminal of their own; no public ORI source; reviewed 2026-09-26"
South Carolina,Richland County,South Carolina Department of Corrections,SCDOC0000,leaic:SC DEPT OF CORR COLUMBIA,"LEAIC prints the ORI with a zero for the letter O; its NCIC-sourced rows do that throughout (OK0BI0000, OH0HP0000 and OHC0P0000 there are OKOBI0000, OHOHP0000 and OHCOP0000 on the FBI's own roster), so the letter form is used. Agency-level (...0000) ORI; added 2026-09-26"
Tennessee,Bradley County,Bradley County Constable District 2,,none,"constables are not on the UCR rosters (LEAIC, LEAR, CDE) and Pennsylvania and Tennessee constables hold no NCIC terminal of their own; no public ORI source; reviewed 2026-09-26"
Tennessee,Cheatham County,23rd Judicial District Attorney's Office,,none,"prosecutor and other criminal-justice ORIs (...5A) appear only in state-published lists (Texas DPS, Oklahoma OSBI, FDLE) and none covers this agency; reviewed 2026-09-26"
Texas,Dimmit County,Dimmit County Constable Precinct 2,TX0640700,txdps-ear:DIMMIT COUNTY CONSTABLE PCT 2,"Texas DPS arresting-agency ORI list (dps.texas.gov/administration/crime_records/docs/cjis/arrestingagencyoris.xls, saved 2026-05-04); CDE carries precincts 1&6, 3 and 4 but not 2; added 2026-09-26"
Texas,Galveston County,Galveston County District Attorney's Office,TX084015A,txdps-ear:DISTRICT ATTORNEY'S OFFICE GALVESTON,"Texas DPS arresting-agency ORI list (dps.texas.gov/administration/crime_records/docs/cjis/arrestingagencyoris.xls, saved 2026-05-04); added 2026-09-26"
Texas,Maverick County,Maverick County Constable Precinct 3-2,TX1620800,txdps-ear:MAVERICK CO CONSTABLE'S OFFICE PCT 3 QUEMADO,"Texas DPS arresting-agency ORI list (dps.texas.gov/administration/crime_records/docs/cjis/arrestingagencyoris.xls, saved 2026-05-04); DPS lists two Precinct 3 offices and the county's site (co.maverick.tx.us/government) seats Precinct 3-2 in Quemado and Precinct 3 in Eagle Pass (TX1620400); added 2026-09-26"
Texas,Maverick County,Maverick County Constable Precinct 4-1,TX1620600,txdps-ear:MAVERICK CO CONSTABLE'S OFFICE PCT 4 EAGLE PASS,"Texas DPS arresting-agency ORI list (dps.texas.gov/administration/crime_records/docs/cjis/arrestingagencyoris.xls, saved 2026-05-04); DPS and the county list one Precinct 4; added 2026-09-26"
Texas,Nolan County,32nd Judicial District Attorney's Office,TX076015A; TX168015A; TX177015A,txdps-ear:FISHER COUNTY DISTRICT ATTORNEY'S OFFICE; DISTRICT ATTORNEY'S OFFICE COLORADO CITY; DISTRICT ATTORNEYS OFFICE NOLAN COUNTY,"Texas DPS arresting-agency ORI list (dps.texas.gov/administration/crime_records/docs/cjis/arrestingagencyoris.xls, saved 2026-05-04) files a district-attorney ORI per county; one ORI per county of the district in county order (Fisher, Mitchell, Nolan; the office sits in Sweetwater, Nolan); added 2026-09-26"
Virginia,,Prince William-Manassas Regional Adult Detention Center,,none,"county and regional jails are not on the UCR rosters (LEAIC, LEAR, CDE); NCIC gives them corrections-type ORIs (...5C) that no public list carries; reviewed 2026-09-26"
Virginia,,Prince William-Manassas Regional Jail,,none,"county and regional jails are not on the UCR rosters (LEAIC, LEAR, CDE); NCIC gives them corrections-type ORIs (...5C) that no public list carries; reviewed 2026-09-26"
Virginia,,Virginia DOC Law Enforcement Services,,none,"not on the UCR rosters (LEAIC, LEAR, CDE) and no state ORI list found; reviewed 2026-09-26"
Virginia,,Virginia Department of Corrections,,none,"not on the UCR rosters (LEAIC, LEAR, CDE) and the NCIC ORI file is not public; reviewed 2026-09-26"
