saved_path,file_hash,url,retrieved_at,state,agency,original_filename,note,etag,last_modified,capture_time
agreements/agreements_wayback_20260913/AnneArundelCounty.pdf,e5342671164543f46e760e471075c38510a3720934f2ab065f7775781515c891,https://web.archive.org/web/20180224052507id_/https://www.ice.gov/doclib/287gMOA/AnneArundelCounty.pdf,2026-09-13T17:45:57Z,,,AnneArundelCounty.pdf,recovered from the Wayback Machine's 20180224 capture of https://www.ice.gov/doclib/287gMOA/AnneArundelCounty.pdf; no snapshot folder held this document,,,20180224052507
agreements/agreements_wayback_20260913/287gPlymouthMa2017-02-08.pdf,c3ae5d78f579401e17b01963a14193bf49889d1c66e6cc8da8012d5bfb102f27,https://web.archive.org/web/20180224052600id_/https://www.ice.gov/doclib/287gMOA/287gPlymouthMa2017-02-08.pdf,2026-09-13T17:45:58Z,,,287gPlymouthMa2017-02-08.pdf,recovered from the Wayback Machine's 20180224 capture of https://www.ice.gov/doclib/287gMOA/287gPlymouthMa2017-02-08.pdf; no snapshot folder held this document,,,20180224052600
agreements/agreements_wayback_20260913/Horry-sc-2017.pdf,428a56bcbf6186726051ea1819da859d8c51769b5e5409b3afa35ef93717833f,https://web.archive.org/web/20180224052839id_/https://www.ice.gov/doclib/287gMOA/Horry-sc-2017.pdf,2026-09-13T17:45:59Z,,,Horry-sc-2017.pdf,recovered from the Wayback Machine's 20180224 capture of https://www.ice.gov/doclib/287gMOA/Horry-sc-2017.pdf; no snapshot folder held this document,,,20180224052839
agreements/agreements_wayback_20260913/KnoxCounty.pdf,b8988f3ba5059a5e4a5b69ac470ca537dbc6a642e8b32e853411f1ad2280ed23,https://web.archive.org/web/20180224052910id_/https://www.ice.gov/doclib/287gMOA/KnoxCounty.pdf,2026-09-13T17:46:01Z,,,KnoxCounty.pdf,recovered from the Wayback Machine's 20180224 capture of https://www.ice.gov/doclib/287gMOA/KnoxCounty.pdf; no snapshot folder held this document,,,20180224052910
agreements/agreements_wayback_20260913/goliad-tx-2017.pdf,6a74b09420b3bb09a7ede0d8dd55b5096ecdf0e9b326309b42c988be8ac2a611,https://web.archive.org/web/20180224053013id_/https://www.ice.gov/doclib/287gMOA/goliad-tx-2017.pdf,2026-09-13T17:46:02Z,,,goliad-tx-2017.pdf,recovered from the Wayback Machine's 20180224 capture of https://www.ice.gov/doclib/287gMOA/goliad-tx-2017.pdf; no snapshot folder held this document,,,20180224053013
agreements/agreements_wayback_20260913/lavaca-tx-2017.pdf,35008dd85dd4d897793a50fe8c3db3f58aefb8863a084dd6159af2086c0adbe7,https://web.archive.org/web/20180224053034id_/https://www.ice.gov/doclib/287gMOA/lavaca-tx-2017.pdf,2026-09-13T17:46:04Z,,,lavaca-tx-2017.pdf,recovered from the Wayback Machine's 20180224 capture of https://www.ice.gov/doclib/287gMOA/lavaca-tx-2017.pdf; no snapshot folder held this document,,,20180224053034
agreements/agreements_wayback_20260913/refugio-tx-2017.pdf,7254d19bdc2d905577de32d0e74a348bff5e32aac45d72a56f45ec38e9fdc234,https://web.archive.org/web/20180224053116id_/https://www.ice.gov/doclib/287gMOA/refugio-tx-2017.pdf,2026-09-13T17:46:05Z,,,refugio-tx-2017.pdf,recovered from the Wayback Machine's 20180224 capture of https://www.ice.gov/doclib/287gMOA/refugio-tx-2017.pdf; no snapshot folder held this document,,,20180224053116
agreements/agreements_wayback_20260913/Victoria-tx-2017.pdf,12831ddb2b8e1fb15216bea299eb2216bd55b5f03a51f095e2896ea196ab0873,https://web.archive.org/web/20180224053148id_/https://www.ice.gov/doclib/287gMOA/Victoria-tx-2017.pdf,2026-09-13T17:46:07Z,,,Victoria-tx-2017.pdf,recovered from the Wayback Machine's 20180224 capture of https://www.ice.gov/doclib/287gMOA/Victoria-tx-2017.pdf; no snapshot folder held this document,,,20180224053148
agreements/agreements_wayback_20260913/walker-tx-2017.pdf,f048f91b0a558f42f7021e6bca5b559dea9665ba10ea52df7314609c8d0459e3,https://web.archive.org/web/20180224053158id_/https://www.ice.gov/doclib/287gMOA/walker-tx-2017.pdf,2026-09-13T17:46:08Z,,,walker-tx-2017.pdf,recovered from the Wayback Machine's 20180224 capture of https://www.ice.gov/doclib/287gMOA/walker-tx-2017.pdf; no snapshot folder held this document,,,20180224053158
agreements/agreements_wayback_20260913/Wharton-tx-2017.pdf,ff5dac5d6f2de59ecf097fae3f1089347c8618c7688baed9e389cdfa4103df38,https://web.archive.org/web/20180224053219id_/https://www.ice.gov/doclib/287gMOA/Wharton-tx-2017.pdf,2026-09-13T17:46:09Z,,,Wharton-tx-2017.pdf,recovered from the Wayback Machine's 20180224 capture of https://www.ice.gov/doclib/287gMOA/Wharton-tx-2017.pdf; no snapshot folder held this document,,,20180224053219
agreements/agreements_wayback_20260913/287G-Bartow.pdf,2bd5a751c6ee00102ef1d2d906f040076edc4aea54d476c9da6f6161d9a91a7e,https://web.archive.org/web/20180306121951id_/https://www.ice.gov/doclib/287gMOA/287G-Bartow.pdf,2026-09-13T17:46:10Z,,,287G-Bartow.pdf,recovered from the Wayback Machine's 20180306 capture of https://www.ice.gov/doclib/287gMOA/287G-Bartow.pdf; no snapshot folder held this document,,,20180306121951
agreements/agreements_wayback_20260913/287g-Floyd.pdf,4fbea7b938525d136ecdc6e92afe1b5a57838dd474ec24b78537e777010a5175,https://web.archive.org/web/20180306122013id_/https://www.ice.gov/doclib/287gMOA/287g-Floyd.pdf,2026-09-13T17:46:12Z,,,287g-Floyd.pdf,recovered from the Wayback Machine's 20180306 capture of https://www.ice.gov/doclib/287gMOA/287g-Floyd.pdf; no snapshot folder held this document,,,20180306122013
agreements/agreements_wayback_20260913/287g-GADOC.pdf,1ec0804725b2b88c0f1586b7fce96c03d680b9d19aa46e72efd6a43336a7f751,https://web.archive.org/web/20180306122024id_/https://www.ice.gov/doclib/287gMOA/287g-GADOC.pdf,2026-09-13T17:46:13Z,,,287g-GADOC.pdf,recovered from the Wayback Machine's 20180306 capture of https://www.ice.gov/doclib/287gMOA/287g-GADOC.pdf; no snapshot folder held this document,,,20180306122024
agreements/agreements_wayback_20260913/287G-BarnstableCounty.pdf,f21e9e2fafdc66bd9b0c138b807d12ea9b3406ba029a29af9db047bdda1e4a09,https://web.archive.org/web/20180306122152id_/https://www.ice.gov/doclib/287gMOA/287G-BarnstableCounty.pdf,2026-09-13T17:46:15Z,,,287G-BarnstableCounty.pdf,recovered from the Wayback Machine's 20180306 capture of https://www.ice.gov/doclib/287gMOA/287G-BarnstableCounty.pdf; no snapshot folder held this document,,,20180306122152
agreements/agreements_wayback_20260913/287g-RensselaerCounty.pdf,97a4779dbe50adf41b42b7762a14affb8a0c3bbbbcec1544f866f540bacdaa07,https://web.archive.org/web/20180306122406id_/https://www.ice.gov/doclib/287gMOA/287g-RensselaerCounty.pdf,2026-09-13T17:46:17Z,,,287g-RensselaerCounty.pdf,recovered from the Wayback Machine's 20180306 capture of https://www.ice.gov/doclib/287gMOA/287g-RensselaerCounty.pdf; no snapshot folder held this document,,,20180306122406
agreements/agreements_wayback_20260913/287g-Nash.pdf,7ababc0da0783dea1893bb9728e1ef5cb539c11635cfdbb59df63d856941625d,https://web.archive.org/web/20180306122500id_/https://www.ice.gov/doclib/287gMOA/287g-Nash.pdf,2026-09-13T17:46:18Z,,,287g-Nash.pdf,recovered from the Wayback Machine's 20180306 capture of https://www.ice.gov/doclib/287gMOA/287g-Nash.pdf; no snapshot folder held this document,,,20180306122500
agreements/agreements_wayback_20260913/287g-OkmulgeeCounty.pdf,9a2dfc33bebfe138144bce67fd9354d8bcbea39d90a72db38bf7a3aa7801b92a,https://web.archive.org/web/20180306122545id_/https://www.ice.gov/doclib/287gMOA/287g-OkmulgeeCounty.pdf,2026-09-13T17:46:19Z,,,287g-OkmulgeeCounty.pdf,recovered from the Wayback Machine's 20180306 capture of https://www.ice.gov/doclib/287gMOA/287g-OkmulgeeCounty.pdf; no snapshot folder held this document,,,20180306122545
agreements/agreements_wayback_20260913/287g-Burnet.pdf,13301d53003250aaca3418bdb8d39001b300366efb4e922ab680d9c0b5b3b8bc,https://web.archive.org/web/20180306122714id_/https://www.ice.gov/doclib/287gMOA/287g-Burnet.pdf,2026-09-13T17:46:21Z,,,287g-Burnet.pdf,recovered from the Wayback Machine's 20180306 capture of https://www.ice.gov/doclib/287gMOA/287g-Burnet.pdf; no snapshot folder held this document,,,20180306122714
agreements/agreements_wayback_20260913/287g-Nueces.pdf,513a4c87d26c94ebc4a9f6812815005d257e3f7d0f692bbacb9aa1591d0edb24,https://web.archive.org/web/20180306122912id_/https://www.ice.gov/doclib/287gMOA/287g-Nueces.pdf,2026-09-13T17:46:22Z,,,287g-Nueces.pdf,recovered from the Wayback Machine's 20180306 capture of https://www.ice.gov/doclib/287gMOA/287g-Nueces.pdf; no snapshot folder held this document,,,20180306122912
agreements/agreements_wayback_20260913/287g-PotterCounty.pdf,fe208d872162c72542a98af3ac98b30adf5d6258e25c779a95feed00216b2c8c,https://web.archive.org/web/20180306122924id_/https://www.ice.gov/doclib/287gMOA/287g-PotterCounty.pdf,2026-09-13T17:46:24Z,,,287g-PotterCounty.pdf,recovered from the Wayback Machine's 20180306 capture of https://www.ice.gov/doclib/287gMOA/287g-PotterCounty.pdf; no snapshot folder held this document,,,20180306122924
agreements/agreements_wayback_20260913/287g-RockwallCounty.pdf,d5ee75c6ebd31ba05d3e1ac1b7681841a11c4ac2b7fdfcce6aa6e6bc6097be10,https://web.archive.org/web/20180306122946id_/https://www.ice.gov/doclib/287gMOA/287g-RockwallCounty.pdf,2026-09-13T17:46:25Z,,,287g-RockwallCounty.pdf,recovered from the Wayback Machine's 20180306 capture of https://www.ice.gov/doclib/287gMOA/287g-RockwallCounty.pdf; no snapshot folder held this document,,,20180306122946
agreements/agreements_wayback_20260913/287g-TerrellCounty.pdf,b7a293d51b237e3fb9ce50b238751e0499fbe09fc7eaedd2353e77e762d0eebb,https://web.archive.org/web/20180306123019id_/https://www.ice.gov/doclib/287gMOA/287g-TerrellCounty.pdf,2026-09-13T17:46:26Z,,,287g-TerrellCounty.pdf,recovered from the Wayback Machine's 20180306 capture of https://www.ice.gov/doclib/287gMOA/287g-TerrellCounty.pdf; no snapshot folder held this document,,,20180306123019
agreements/agreements_wayback_20260913/287g-Williamson.pdf,eca6d5c4846531302752c578cd8a0eaff15cfb0f41a42373c9665430d892631a,https://web.archive.org/web/20180306123122id_/https://www.ice.gov/doclib/287gMOA/287g-Williamson.pdf,2026-09-13T17:46:28Z,,,287g-Williamson.pdf,recovered from the Wayback Machine's 20180306 capture of https://www.ice.gov/doclib/287gMOA/287g-Williamson.pdf; no snapshot folder held this document,,,20180306123122
agreements/agreements_wayback_20260913/287g-Waukesha.pdf,571599c1291463b9a23e2a057a4084d43aed91ef26041d097c8f6f579176f7b1,https://web.archive.org/web/20180306123143id_/https://www.ice.gov/doclib/287gMOA/287g-Waukesha.pdf,2026-09-13T17:46:29Z,,,287g-Waukesha.pdf,recovered from the Wayback Machine's 20180306 capture of https://www.ice.gov/doclib/287gMOA/287g-Waukesha.pdf; no snapshot folder held this document,,,20180306123143
agreements/agreements_wayback_20260913/287g-hernandocounty-20180227.pdf,0a0d2aa3deaf7d86f5f67d4b2ae7835df57e09e86a8487d0fad1275708788feb,https://web.archive.org/web/20180309132018id_/https://www.ice.gov/doclib/287gMOA/287g-hernandocounty-20180227.pdf,2026-09-13T17:46:31Z,,,287g-hernandocounty-20180227.pdf,recovered from the Wayback Machine's 20180309 capture of https://www.ice.gov/doclib/287gMOA/287g-hernandocounty-20180227.pdf; no snapshot folder held this document,,,20180309132018
agreements/agreements_wayback_20260913/287gJacksonTx2017-01-26.pdf,e3f4bb8daca670e4aeb4a9fd32852303f2f7f5b77fc3be6abf4f711b6dc0e45b,https://web.archive.org/web/20180327213621id_/https://www.ice.gov/doclib/287gMOA/287gJacksonTx2017-01-26.pdf,2026-09-13T17:46:32Z,,,287gJacksonTx2017-01-26.pdf,recovered from the Wayback Machine's 20180327 capture of https://www.ice.gov/doclib/287gMOA/287gJacksonTx2017-01-26.pdf; no snapshot folder held this document,,,20180327213621
agreements/agreements_wayback_20260913/287g_Lyon_2018-05-04.pdf,1a184273c507d2f0f007bc1107dfbf523f0cbfb2747d9f4f55f879b0c4a6c908,https://web.archive.org/web/20180515190315id_/https://www.ice.gov/doclib/287gMOA/287g_Lyon_2018-05-04.pdf,2026-09-13T17:46:33Z,,,287g_Lyon_2018-05-04.pdf,recovered from the Wayback Machine's 20180515 capture of https://www.ice.gov/doclib/287gMOA/287g_Lyon_2018-05-04.pdf; no snapshot folder held this document,,,20180515190315
agreements/agreements_wayback_20260913/craigheadCountyAR_MOA_02282019.pdf,ad54f5e1f34700115652d934c311391ef92c7327db1f3f67873f324b624f099d,https://web.archive.org/web/20190906050305id_/https://www.ice.gov/doclib/287gMOA/craigheadCountyAR_MOA_02282019.pdf,2026-09-13T17:46:35Z,,,craigheadCountyAR_MOA_02282019.pdf,recovered from the Wayback Machine's 20190906 capture of https://www.ice.gov/doclib/287gMOA/craigheadCountyAR_MOA_02282019.pdf; no snapshot folder held this document,,,20190906050305
agreements/agreements_wayback_20260913/tellerCountyCO_MOA_01062019.pdf,978319b68334fa5ba692b53b63ba4ff392d6528748032df0af45ad82de7d3e5b,https://web.archive.org/web/20190906050326id_/https://www.ice.gov/doclib/287gMOA/tellerCountyCO_MOA_01062019.pdf,2026-09-13T17:46:36Z,,,tellerCountyCO_MOA_01062019.pdf,recovered from the Wayback Machine's 20190906 capture of https://www.ice.gov/doclib/287gMOA/tellerCountyCO_MOA_01062019.pdf; no snapshot folder held this document,,,20190906050326
agreements/agreements_wayback_20260913/ouachitaParishLA_MOA_02282019.pdf,ebfecb38778458e618b8246a9f4a491f26a9c6d1b0c273953fffbec28ea963ef,https://web.archive.org/web/20190906050541id_/https://www.ice.gov/doclib/287gMOA/ouachitaParishLA_MOA_02282019.pdf,2026-09-13T17:46:38Z,,,ouachitaParishLA_MOA_02282019.pdf,recovered from the Wayback Machine's 20190906 capture of https://www.ice.gov/doclib/287gMOA/ouachitaParishLA_MOA_02282019.pdf; no snapshot folder held this document,,,20190906050541
agreements/agreements_wayback_20260913/terrebonneParishLA_MOA_02282019.pdf,7d2a364f1885b694f94d8dab1dcfb94ea6f8c6408bc0eff65e7ddd148ec1128c,https://web.archive.org/web/20190906050551id_/https://www.ice.gov/doclib/287gMOA/terrebonneParishLA_MOA_02282019.pdf,2026-09-13T17:46:39Z,,,terrebonneParishLA_MOA_02282019.pdf,recovered from the Wayback Machine's 20190906 capture of https://www.ice.gov/doclib/287gMOA/terrebonneParishLA_MOA_02282019.pdf; no snapshot folder held this document,,,20190906050551
agreements/agreements_wayback_20260913/greeneCountyTN_MOA_02282019.pdf,c9d1118d8fd49189b00ec69b7fa68a5d715728890452c37760776380dffe82e9,https://web.archive.org/web/20190906051036id_/https://www.ice.gov/doclib/287gMOA/greeneCountyTN_MOA_02282019.pdf,2026-09-13T17:46:40Z,,,greeneCountyTN_MOA_02282019.pdf,recovered from the Wayback Machine's 20190906 capture of https://www.ice.gov/doclib/287gMOA/greeneCountyTN_MOA_02282019.pdf; no snapshot folder held this document,,,20190906051036
agreements/agreements_wayback_20260913/287gJEM_YavapaiCoAz2016-06-08.pdf,9f80456a646c8064fd2e0551588084cfe1f88ef9e56aeb5d8a1ec34e0e721d06,https://web.archive.org/web/20200327051900id_/https://www.ice.gov/doclib/287gMOA/287gJEM_YavapaiCoAz2016-06-08.pdf,2026-09-13T17:46:42Z,,,287gJEM_YavapaiCoAz2016-06-08.pdf,recovered from the Wayback Machine's 20200327 capture of https://www.ice.gov/doclib/287gMOA/287gJEM_YavapaiCoAz2016-06-08.pdf; no snapshot folder held this document,,,20200327051900
agreements/agreements_wayback_20260913/287gJEM_FloydCoGa2018-02-18.pdf,d0a27d747199042c47bc2a73bdea05233a8d3aa3d131588f3d27626867d13411,https://web.archive.org/web/20200327053034id_/https://www.ice.gov/doclib/287gMOA/287gJEM_FloydCoGa2018-02-18.pdf,2026-09-13T17:46:43Z,,,287gJEM_FloydCoGa2018-02-18.pdf,recovered from the Wayback Machine's 20200327 capture of https://www.ice.gov/doclib/287gMOA/287gJEM_FloydCoGa2018-02-18.pdf; no snapshot folder held this document,,,20200327053034
agreements/agreements_wayback_20260913/287gJEM_WhitfieldCoGa2016-06-08.pdf,4afc2bd02bf30eb339c565baa49a7b0264ebc789e72a1b84fe1cc40bde5375f5,https://web.archive.org/web/20200327053128id_/https://www.ice.gov/doclib/287gMOA/287gJEM_WhitfieldCoGa2016-06-08.pdf,2026-09-13T17:46:45Z,,,287gJEM_WhitfieldCoGa2016-06-08.pdf,recovered from the Wayback Machine's 20200327 capture of https://www.ice.gov/doclib/287gMOA/287gJEM_WhitfieldCoGa2016-06-08.pdf; no snapshot folder held this document,,,20200327053128
agreements/agreements_wayback_20260913/287gWSOaddendum_FrederickCoMd2020-02-21.pdf,5f06d08c85ff2c17d14d49bbaa313f5e1879a1a9c8504600205c449fd2ee3fd0,https://web.archive.org/web/20200327053257id_/https://www.ice.gov/doclib/287gMOA/287gWSOaddendum_FrederickCoMd2020-02-21.pdf,2026-09-13T17:46:46Z,,,287gWSOaddendum_FrederickCoMd2020-02-21.pdf,recovered from the Wayback Machine's 20200327 capture of https://www.ice.gov/doclib/287gMOA/287gWSOaddendum_FrederickCoMd2020-02-21.pdf; no snapshot folder held this document,,,20200327053257
agreements/agreements_wayback_20260913/287gJEM_PlymouthCoMa2017-01-18.pdf,dad63bdca6ecdcf20b46abad6bc033a8bf4b2117868a2f0dbd95fe903410bb8a,https://web.archive.org/web/20200327053356id_/https://www.ice.gov/doclib/287gMOA/287gJEM_PlymouthCoMa2017-01-18.pdf,2026-09-13T17:46:48Z,,,287gJEM_PlymouthCoMa2017-01-18.pdf,recovered from the Wayback Machine's 20200327 capture of https://www.ice.gov/doclib/287gMOA/287gJEM_PlymouthCoMa2017-01-18.pdf; no snapshot folder held this document,,,20200327053356
agreements/agreements_wayback_20260913/287gJEM_GastonCoNc2016-06-13.pdf,96e046dab38e084bcd807d6da118eea6447fc59676c6ca0c43be485a109e5252,https://web.archive.org/web/20200327053603id_/https://www.ice.gov/doclib/287gMOA/287gJEM_GastonCoNc2016-06-13.pdf,2026-09-13T17:46:49Z,,,287gJEM_GastonCoNc2016-06-13.pdf,recovered from the Wayback Machine's 20200327 capture of https://www.ice.gov/doclib/287gMOA/287gJEM_GastonCoNc2016-06-13.pdf; no snapshot folder held this document,,,20200327053603
agreements/agreements_wayback_20260913/287gJEM_HendersonCoNc2017-02-28.pdf,29ce56239489571cb53174c896941867530268b28ab46e5e2327d67a2db9be6e,https://web.archive.org/web/20200327053616id_/https://www.ice.gov/doclib/287gMOA/287gJEM_HendersonCoNc2017-02-28.pdf,2026-09-13T17:46:51Z,,,287gJEM_HendersonCoNc2017-02-28.pdf,recovered from the Wayback Machine's 20200327 capture of https://www.ice.gov/doclib/287gMOA/287gJEM_HendersonCoNc2017-02-28.pdf; no snapshot folder held this document,,,20200327053616
agreements/agreements_wayback_20260913/287gJEM_CalhounCoTx2020-03-13.pdf,00983cf625f6b7f23bdaf18d5fc9ee4255bae78ff79869b3963d193dcc98aeda,https://web.archive.org/web/20200327053945id_/https://www.ice.gov/doclib/287gMOA/287gJEM_CalhounCoTx2020-03-13.pdf,2026-09-13T17:46:52Z,,,287gJEM_CalhounCoTx2020-03-13.pdf,recovered from the Wayback Machine's 20200327 capture of https://www.ice.gov/doclib/287gMOA/287gJEM_CalhounCoTx2020-03-13.pdf; no snapshot folder held this document,,,20200327053945
agreements/agreements_wayback_20260913/287gJEM_KendallCoTx2020-03-13.pdf,f707c24e3ba10248b525c73b79b89c5f2833c32dfd7d3b3741f9b915ab032b58,https://web.archive.org/web/20200327054101id_/https://www.ice.gov/doclib/287gMOA/287gJEM_KendallCoTx2020-03-13.pdf,2026-09-13T17:46:54Z,,,287gJEM_KendallCoTx2020-03-13.pdf,recovered from the Wayback Machine's 20200327 capture of https://www.ice.gov/doclib/287gMOA/287gJEM_KendallCoTx2020-03-13.pdf; no snapshot folder held this document,,,20200327054101
agreements/agreements_wayback_20260913/287gJEM_MatagordaCoTx2020-03-13.pdf,18617eb3d31fcda376d5f5cacfe7356e0291ec172f94852987afc7a6405eb181,https://web.archive.org/web/20200327054142id_/https://www.ice.gov/doclib/287gMOA/287gJEM_MatagordaCoTx2020-03-13.pdf,2026-09-13T17:46:55Z,,,287gJEM_MatagordaCoTx2020-03-13.pdf,recovered from the Wayback Machine's 20200327 capture of https://www.ice.gov/doclib/287gMOA/287gJEM_MatagordaCoTx2020-03-13.pdf; no snapshot folder held this document,,,20200327054142
agreements/agreements_wayback_20260913/287gJEM_NuecesCoTx2018-02-08.pdf,2e9afb2a8849e1036bd2d484bd345b56b70114916852fa4a52994477593ffbaf,https://web.archive.org/web/20200327054210id_/https://www.ice.gov/doclib/287gMOA/287gJEM_NuecesCoTx2018-02-08.pdf,2026-09-13T17:46:56Z,,,287gJEM_NuecesCoTx2018-02-08.pdf,recovered from the Wayback Machine's 20200327 capture of https://www.ice.gov/doclib/287gMOA/287gJEM_NuecesCoTx2018-02-08.pdf; no snapshot folder held this document,,,20200327054210
agreements/agreements_wayback_20260913/287gWSO_GallatinCoUt2020-01-22.pdf,215cb83c43f6ff1155a3c8483dad9057df069644108d45290f1ca74d5b1149f2,https://web.archive.org/web/20200327054442id_/https://www.ice.gov/doclib/287gMOA/287gWSO_GallatinCoUt2020-01-22.pdf,2026-09-13T17:46:57Z,,,287gWSO_GallatinCoUt2020-01-22.pdf,recovered from the Wayback Machine's 20200327 capture of https://www.ice.gov/doclib/287gMOA/287gWSO_GallatinCoUt2020-01-22.pdf; no snapshot folder held this document,,,20200327054442
agreements/agreements_wayback_20260913/287gWSO_AlbermarleDistrictJailNC_03-19-2020.pdf,b74fe73de1997ec5c1a865608050ec67ea23718e491cdcbb4e6fb8a6ec213508,https://web.archive.org/web/20200626001836id_/https://www.ice.gov/doclib/287gMOA/287gWSO_AlbermarleDistrictJailNC_03-19-2020.pdf,2026-09-13T17:46:59Z,,,287gWSO_AlbermarleDistrictJailNC_03-19-2020.pdf,recovered from the Wayback Machine's 20200626 capture of https://www.ice.gov/doclib/287gMOA/287gWSO_AlbermarleDistrictJailNC_03-19-2020.pdf; no snapshot folder held this document,,,20200626001836
