r_287galabamadepartmentofpublicsafety101609.pdf	/web/20110220090259id_/http://www.ice.gov/doclib/foia/memorandumsofAgreementUnderstanding/r_287galabamadepartmentofpublicsafety101609.pdf
r_287getowah.pdf	/web/20130904035853id_/http://www.ice.gov/doclib/foia/memorandumsofAgreementUnderstanding/r_287getowah.pdf
r_287getowah100509.pdf	/web/20110220090259id_/http://www.ice.gov/doclib/foia/memorandumsofAgreementUnderstanding/r_287getowah100509.pdf
r_287gazdeptofcorrections.pdf	/web/20140414075008id_/http://www.ice.gov/doclib/foia/memorandumsofAgreementUnderstanding/r_287gazdeptofcorrections.pdf
r_287gazdeptofcorrections101509.pdf	/web/20110220090259id_/http://www.ice.gov/doclib/foia/memorandumsofAgreementUnderstanding/r_287gazdeptofcorrections101509.pdf
r_287garizonadeptpublicsafety101809.pdf	/web/20110220090259id_/http://www.ice.gov/doclib/foia/memorandumsofAgreementUnderstanding/r_287garizonadeptpublicsafety101809.pdf
r_287gmesapolicedept.pdf	/web/20110220090259id_/http://www.ice.gov/doclib/foia/memorandumsofAgreementUnderstanding/r_287gmesapolicedept.pdf
r_287gphoenixpd101509.pdf	/web/20110220090259id_/http://www.ice.gov/doclib/foia/memorandumsofAgreementUnderstanding/r_287gphoenixpd101509.pdf
r_287gflorencepd102109.pdf	/web/20110220090259id_/http://www.ice.gov/doclib/foia/memorandumsofAgreementUnderstanding/r_287gflorencepd102109.pdf
r_287gmaricopacountyso102609.pdf	/web/20110220090259id_/http://www.ice.gov/doclib/foia/memorandumsofAgreementUnderstanding/r_287gmaricopacountyso102609.pdf
r_287gpimacounty101509.pdf	/web/20110220090259id_/http://www.ice.gov/doclib/foia/memorandumsofAgreementUnderstanding/r_287gpimacounty101509.pdf
r_287gpinalcountyso.pdf	/web/20130904035853id_/http://www.ice.gov/doclib/foia/memorandumsofAgreementUnderstanding/r_287gpinalcountyso.pdf
r_287gpinalcountyso101509.pdf	/web/20110220090259id_/http://www.ice.gov/doclib/foia/memorandumsofAgreementUnderstanding/r_287gpinalcountyso101509.pdf
r_287gyavapaicityso.pdf	/web/20140414075008id_/http://www.ice.gov/doclib/foia/memorandumsofAgreementUnderstanding/r_287gyavapaicityso.pdf
r_287gyavapaicityso101509.pdf	/web/20110220090259id_/http://www.ice.gov/doclib/foia/memorandumsofAgreementUnderstanding/r_287gyavapaicityso101509.pdf
r_287gbenton100809.pdf	/web/20110220090259id_/http://www.ice.gov/doclib/foia/memorandumsofAgreementUnderstanding/r_287gbenton100809.pdf
r_287gbentoncounty.pdf	/web/20130904035853id_/http://www.ice.gov/doclib/foia/memorandumsofAgreementUnderstanding/r_287gbentoncounty.pdf
r_287gspringdalepd101509.pdf	/web/20110220090259id_/http://www.ice.gov/doclib/foia/memorandumsofAgreementUnderstanding/r_287gspringdalepd101509.pdf
r_287grogerspd101509.pdf	/web/20110220090259id_/http://www.ice.gov/doclib/foia/memorandumsofAgreementUnderstanding/r_287grogerspd101509.pdf
r_287gwashingtoncountysout101509.pdf	/web/20110220090259id_/http://www.ice.gov/doclib/foia/memorandumsofAgreementUnderstanding/r_287gwashingtoncountysout101509.pdf
r_287gwashingtonso.pdf	/web/20140414075008id_/http://www.ice.gov/doclib/foia/memorandumsofAgreementUnderstanding/r_287gwashingtonso.pdf
r_287gwashingtonso100909.pdf	/web/20110220090259id_/http://www.ice.gov/doclib/foia/memorandumsofAgreementUnderstanding/r_287gwashingtonso100909.pdf
r_287glosangelescountysd.pdf	/web/20140910162129id_/http://www.ice.gov/doclib/foia/memorandumsofAgreementUnderstanding/r_287glosangelescountysd.pdf
r_287losangelescountysheriffsoffice101012.pdf	/web/20110220090259id_/http://www.ice.gov/doclib/foia/memorandumsofAgreementUnderstanding/r_287losangelescountysheriffsoffice101012.pdf
r_287-proactive-orange_county_sheriffs_dept-moa-signed.pdf	/web/20110220090259id_/http://www.ice.gov/doclib/foia/memorandumsofAgreementUnderstanding/r_287-proactive-orange_county_sheriffs_dept-moa-signed.pdf
r_287griversidecountysheriffsdept.pdf	/web/20110220090259id_/http://www.ice.gov/doclib/foia/memorandumsofAgreementUnderstanding/r_287griversidecountysheriffsdept.pdf
r_287gsanbernardinocounty.pdf	/web/20110220090259id_/http://www.ice.gov/doclib/foia/memorandumsofAgreementUnderstanding/r_287gsanbernardinocounty.pdf
r_287gsanbernardinocountysd-addendum.pdf	/web/20140414075008id_/http://www.ice.gov/doclib/foia/memorandumsofAgreementUnderstanding/r_287gsanbernardinocountysd-addendum.pdf
r_287gcoloradodeptofpublicsafety101509.pdf	/web/20110220090259id_/http://www.ice.gov/doclib/foia/memorandumsofAgreementUnderstanding/r_287gcoloradodeptofpublicsafety101509.pdf
r_287gelpasocounty.pdf	/web/20140414075008id_/http://www.ice.gov/doclib/foia/memorandumsofAgreementUnderstanding/r_287gelpasocounty.pdf
r_287gelpasocounty101509.pdf	/web/20110220090259id_/http://www.ice.gov/doclib/foia/memorandumsofAgreementUnderstanding/r_287gelpasocounty101509.pdf
r_287gdanbury101509.pdf	/web/20110220090259id_/http://www.ice.gov/doclib/foia/memorandumsofAgreementUnderstanding/r_287gdanbury101509.pdf
r_287gdelawaredeptofcorrection101509.pdf	/web/20110220090259id_/http://www.ice.gov/doclib/foia/memorandumsofAgreementUnderstanding/r_287gdelawaredeptofcorrection101509.pdf
r_287gbaycounty101609.pdf	/web/20110220090259id_/http://www.ice.gov/doclib/foia/memorandumsofAgreementUnderstanding/r_287gbaycounty101609.pdf
clay-fl-2017.pdf	https://web.archive.org/web/20170801021304id_/https://www.ice.gov/doclib/foia/memorandumsofAgreementUnderstanding/clay-fl-2017.pdf
r_287gcolliercounty.pdf	/web/20130904035853id_/http://www.ice.gov/doclib/foia/memorandumsofAgreementUnderstanding/r_287gcolliercounty.pdf
r_287gcolliercounty101609.pdf	/web/20110220090259id_/http://www.ice.gov/doclib/foia/memorandumsofAgreementUnderstanding/r_287gcolliercounty101609.pdf
r_287gfloridadeptoflawenforcement101609.pdf	/web/20110220090259id_/http://www.ice.gov/doclib/foia/memorandumsofAgreementUnderstanding/r_287gfloridadeptoflawenforcement101609.pdf
r_287gjacksonville.pdf	/web/20130904035853id_/http://www.ice.gov/doclib/foia/memorandumsofAgreementUnderstanding/r_287gjacksonville.pdf
r_287gjacksonville111209.pdf	/web/20110220090259id_/http://www.ice.gov/doclib/foia/memorandumsofAgreementUnderstanding/r_287gjacksonville111209.pdf
r_287gcobbcounty.pdf	/web/20130904035853id_/http://www.ice.gov/doclib/foia/memorandumsofAgreementUnderstanding/r_287gcobbcounty.pdf
r_287gcobbcounty101509.pdf	/web/20110220090259id_/http://www.ice.gov/doclib/foia/memorandumsofAgreementUnderstanding/r_287gcobbcounty101509.pdf
r_287ggeorgiadeptofpublicsafety102109.pdf	/web/20110220090259id_/http://www.ice.gov/doclib/foia/memorandumsofAgreementUnderstanding/r_287ggeorgiadeptofpublicsafety102109.pdf
r_287ggwinnetcountyso.pdf	/web/20130904035853id_/http://www.ice.gov/doclib/foia/memorandumsofAgreementUnderstanding/r_287ggwinnetcountyso.pdf
r_287ggwinnetcountyso101509.pdf	/web/20110220090259id_/http://www.ice.gov/doclib/foia/memorandumsofAgreementUnderstanding/r_287ggwinnetcountyso101509.pdf
r_287ghallcountyso.pdf	/web/20130904035853id_/http://www.ice.gov/doclib/foia/memorandumsofAgreementUnderstanding/r_287ghallcountyso.pdf
r_287ghallcountyso101509.pdf	/web/20110220090259id_/http://www.ice.gov/doclib/foia/memorandumsofAgreementUnderstanding/r_287ghallcountyso101509.pdf
r_287gwhitfieldso.pdf	/web/20130904035853id_/http://www.ice.gov/doclib/foia/memorandumsofAgreementUnderstanding/r_287gwhitfieldso.pdf
r_287gwhitfieldso101509.pdf	/web/20110220090259id_/http://www.ice.gov/doclib/foia/memorandumsofAgreementUnderstanding/r_287gwhitfieldso101509.pdf
287gBatonRougeLa2017-05-03.pdf	https://web.archive.org/web/20170604015118id_/https://www.ice.gov/doclib/foia/memorandumsofAgreementUnderstanding/287gBatonRougeLa2017-05-03.pdf
AnneArundelCounty.pdf	https://web.archive.org/web/20170702181319id_/https://www.ice.gov/doclib/foia/memorandumsofAgreementUnderstanding/AnneArundelCounty.pdf
Frederick_County_MOA_2016.pdf	https://web.archive.org/web/20170305225317id_/https://www.ice.gov/doclib/foia/memorandumsofAgreementUnderstanding/Frederick_County_MOA_2016.pdf
r_287gfrederickcounty.pdf	/web/20130904035853id_/http://www.ice.gov/doclib/foia/memorandumsofAgreementUnderstanding/r_287gfrederickcounty.pdf
r_287gfrederickcounty101509.pdf	/web/20110220090259id_/http://www.ice.gov/doclib/foia/memorandumsofAgreementUnderstanding/r_287gfrederickcounty101509.pdf
HarfordCountyMoa10-26-2016.pdf	https://web.archive.org/web/20161211024641id_/https://www.ice.gov/doclib/foia/memorandumsofAgreementUnderstanding/HarfordCountyMoa10-26-2016.pdf
Bristol_MOA_01182017.pdf	https://web.archive.org/web/20170129002131id_/https://www.ice.gov/doclib/foia/memorandumsofAgreementUnderstanding/Bristol_MOA_01182017.pdf
massachusettsdepartmentofcorrections.pdf	/web/20130118070325id_/http://www.ice.gov/doclib/foia/memorandumsofAgreementUnderstanding/massachusettsdepartmentofcorrections.pdf
Plymouth_MOA_01182017.pdf	https://web.archive.org/web/20170129002131id_/https://www.ice.gov/doclib/foia/memorandumsofAgreementUnderstanding/Plymouth_MOA_01182017.pdf
r_287gminnesotadps101509.pdf	/web/20110220090259id_/http://www.ice.gov/doclib/foia/memorandumsofAgreementUnderstanding/r_287gminnesotadps101509.pdf
r_287gmissouristatehighwaypatrol101509.pdf	/web/20110220090259id_/http://www.ice.gov/doclib/foia/memorandumsofAgreementUnderstanding/r_287gmissouristatehighwaypatrol101509.pdf
r_287glasvegaspd.pdf	/web/20130904035853id_/http://www.ice.gov/doclib/foia/memorandumsofAgreementUnderstanding/r_287glasvegaspd.pdf
r_287glasvegaspd101509.pdf	/web/20110220090259id_/http://www.ice.gov/doclib/foia/memorandumsofAgreementUnderstanding/r_287glasvegaspd101509.pdf
287gNyeCounty2017.pdf	https://web.archive.org/web/20170604015118id_/https://www.ice.gov/doclib/foia/memorandumsofAgreementUnderstanding/287gNyeCounty2017.pdf
287gCapeMayNj2017-04-10.pdf	https://web.archive.org/web/20170502020801id_/https://www.ice.gov/doclib/foia/memorandumsofAgreementUnderstanding/287gCapeMayNj2017-04-10.pdf
r_287ghudsoncountynj.pdf	/web/20130904035853id_/http://www.ice.gov/doclib/foia/memorandumsofAgreementUnderstanding/r_287ghudsoncountynj.pdf
r_hudsoncountynj.pdf	/web/20110220090259id_/http://www.ice.gov/doclib/foia/memorandumsofAgreementUnderstanding/r_hudsoncountynj.pdf
r_287gmonmouth.pdf	/web/20130904035853id_/http://www.ice.gov/doclib/foia/memorandumsofAgreementUnderstanding/r_287gmonmouth.pdf
r_287gmonmouth101509.pdf	/web/20110220090259id_/http://www.ice.gov/doclib/foia/memorandumsofAgreementUnderstanding/r_287gmonmouth101509.pdf
SALEM_MOA_12-8-16.pdf	https://web.archive.org/web/20170305225317id_/http://www.ice.gov/doclib/foia/memorandumsofAgreementUnderstanding/SALEM_MOA_12-8-16.pdf
r_287gnewmexicodeptofcorrections.pdf	/web/20110220090259id_/http://www.ice.gov/doclib/foia/memorandumsofAgreementUnderstanding/r_287gnewmexicodeptofcorrections.pdf
r_287galamancenorthcarolina101509.pdf	/web/20110220090259id_/http://www.ice.gov/doclib/foia/memorandumsofAgreementUnderstanding/r_287galamancenorthcarolina101509.pdf
r_287gcabarrus.pdf	/web/20130904035853id_/http://www.ice.gov/doclib/foia/memorandumsofAgreementUnderstanding/r_287gcabarrus.pdf
r_287gcabarrus101509.pdf	/web/20110220090259id_/http://www.ice.gov/doclib/foia/memorandumsofAgreementUnderstanding/r_287gcabarrus101509.pdf
r_287gdurham101509.pdf	/web/20110220090259id_/http://www.ice.gov/doclib/foia/memorandumsofAgreementUnderstanding/r_287gdurham101509.pdf
r_287ggaston.pdf	/web/20130904035853id_/http://www.ice.gov/doclib/foia/memorandumsofAgreementUnderstanding/r_287ggaston.pdf
r_287ggaston101509.pdf	/web/20110220090259id_/http://www.ice.gov/doclib/foia/memorandumsofAgreementUnderstanding/r_287ggaston101509.pdf
r_287gguilford.pdf	/web/20110220090259id_/http://www.ice.gov/doclib/foia/memorandumsofAgreementUnderstanding/r_287gguilford.pdf
r_287ghenderson.pdf	/web/20130904035853id_/http://www.ice.gov/doclib/foia/memorandumsofAgreementUnderstanding/r_287ghenderson.pdf
r_287ghenderson101509.pdf	/web/20110220090259id_/http://www.ice.gov/doclib/foia/memorandumsofAgreementUnderstanding/r_287ghenderson101509.pdf
r_287gmecklenburgso.pdf	/web/20140414075008id_/http://www.ice.gov/doclib/foia/memorandumsofAgreementUnderstanding/r_287gmecklenburgso.pdf
r_287gmecklenburgso101609.pdf	/web/20110220090259id_/http://www.ice.gov/doclib/foia/memorandumsofAgreementUnderstanding/r_287gmecklenburgso101609.pdf
r_287gwakecountyso.pdf	/web/20130904035853id_/http://www.ice.gov/doclib/foia/memorandumsofAgreementUnderstanding/r_287gwakecountyso.pdf
r_287gwakecountyso101509.pdf	/web/20110220090259id_/http://www.ice.gov/doclib/foia/memorandumsofAgreementUnderstanding/r_287gwakecountyso101509.pdf
r_287gbutlercounty.pdf	/web/20130904035853id_/http://www.ice.gov/doclib/foia/memorandumsofAgreementUnderstanding/r_287gbutlercounty.pdf
r_287gbutlercounty101509.pdf	/web/20110220090259id_/http://www.ice.gov/doclib/foia/memorandumsofAgreementUnderstanding/r_287gbutlercounty101509.pdf
r_287gtulsacountyso.pdf	/web/20130904035853id_/http://www.ice.gov/doclib/foia/memorandumsofAgreementUnderstanding/r_287gtulsacountyso.pdf
r_287gtulsacountyso101509.pdf	/web/20110220090259id_/http://www.ice.gov/doclib/foia/memorandumsofAgreementUnderstanding/r_287gtulsacountyso101509.pdf
r_287grhodeislandstatepolice101509.pdf	/web/20110220090259id_/http://www.ice.gov/doclib/foia/memorandumsofAgreementUnderstanding/r_287grhodeislandstatepolice101509.pdf
r_287gbeaufort101509.pdf	/web/20110220090259id_/http://www.ice.gov/doclib/foia/memorandumsofAgreementUnderstanding/r_287gbeaufort101509.pdf
r_287gcharlestoncounty.pdf	/web/20130904035853id_/http://www.ice.gov/doclib/foia/memorandumsofAgreementUnderstanding/r_287gcharlestoncounty.pdf
r_287gcharlestoncounty110909.pdf	/web/20110220090259id_/http://www.ice.gov/doclib/foia/memorandumsofAgreementUnderstanding/r_287gcharlestoncounty110909.pdf
Horry-sc-2017.pdf	https://web.archive.org/web/20170801021304id_/https://www.ice.gov/doclib/foia/memorandumsofAgreementUnderstanding/Horry-sc-2017.pdf
r_287glexingtoncountysheriffsdept.pdf	/web/20110220090259id_/http://www.ice.gov/doclib/foia/memorandumsofAgreementUnderstanding/r_287glexingtoncountysheriffsdept.pdf
r_287gyorkcountyso.pdf	/web/20130904035853id_/http://www.ice.gov/doclib/foia/memorandumsofAgreementUnderstanding/r_287gyorkcountyso.pdf
r_287gyorkcountyso101509.pdf	/web/20110220090259id_/http://www.ice.gov/doclib/foia/memorandumsofAgreementUnderstanding/r_287gyorkcountyso101509.pdf
r_287gnashvilledavidson101509.pdf	/web/20110220090259id_/http://www.ice.gov/doclib/foia/memorandumsofAgreementUnderstanding/r_287gnashvilledavidson101509.pdf
KnoxCounty.pdf	https://web.archive.org/web/20170702181319id_/https://www.ice.gov/doclib/foia/memorandumsofAgreementUnderstanding/KnoxCounty.pdf
r_287gtennesseehighwaypatrol101509.pdf	/web/20110220090259id_/http://www.ice.gov/doclib/foia/memorandumsofAgreementUnderstanding/r_287gtennesseehighwaypatrol101509.pdf
aransas-tx-2017.pdf	https://web.archive.org/web/20170801021304id_/https://www.ice.gov/doclib/foia/memorandumsofAgreementUnderstanding/aransas-tx-2017.pdf
calhoun-tx-2017.pdf	https://web.archive.org/web/20170801021304id_/https://www.ice.gov/doclib/foia/memorandumsofAgreementUnderstanding/calhoun-tx-2017.pdf
r_287gcarrollton.pdf	/web/20130904035853id_/http://www.ice.gov/doclib/foia/memorandumsofAgreementUnderstanding/r_287gcarrollton.pdf
r_287gcarrollton101509.pdf	/web/20110220090259id_/http://www.ice.gov/doclib/foia/memorandumsofAgreementUnderstanding/r_287gcarrollton101509.pdf
chambers-tx-2017.pdf	https://web.archive.org/web/20170801021304id_/https://www.ice.gov/doclib/foia/memorandumsofAgreementUnderstanding/chambers-tx-2017.pdf
DeWitt-tx-2017.pdf	https://web.archive.org/web/20170801021304id_/https://www.ice.gov/doclib/foia/memorandumsofAgreementUnderstanding/DeWitt-tx-2017.pdf
r_287gfarmersbranchpd101509.pdf	/web/20110220090259id_/http://www.ice.gov/doclib/foia/memorandumsofAgreementUnderstanding/r_287gfarmersbranchpd101509.pdf
galveston-tx-2017.pdf	https://web.archive.org/web/20170801021304id_/https://www.ice.gov/doclib/foia/memorandumsofAgreementUnderstanding/galveston-tx-2017.pdf
goliad-tx-2017.pdf	https://web.archive.org/web/20170801021304id_/https://www.ice.gov/doclib/foia/memorandumsofAgreementUnderstanding/goliad-tx-2017.pdf
r_287gharriscountyso.pdf	/web/20140414075008id_/http://www.ice.gov/doclib/foia/memorandumsofAgreementUnderstanding/r_287gharriscountyso.pdf
r_287gharriscountyso111609.pdf	/web/20110220090259id_/http://www.ice.gov/doclib/foia/memorandumsofAgreementUnderstanding/r_287gharriscountyso111609.pdf
jacksoncounty.pdf	https://web.archive.org/web/20170305225317id_/https://www.ice.gov/doclib/foia/memorandumsofAgreementUnderstanding/jacksoncounty.pdf
lavaca-tx-2017.pdf	https://web.archive.org/web/20170801021304id_/https://www.ice.gov/doclib/foia/memorandumsofAgreementUnderstanding/lavaca-tx-2017.pdf
lubbockCounty_11-16-2016.pdf	https://web.archive.org/web/20161211024641id_/https://www.ice.gov/doclib/foia/memorandumsofAgreementUnderstanding/lubbockCounty_11-16-2016.pdf
montgomery-tx-2017.pdf	https://web.archive.org/web/20170801021304id_/https://www.ice.gov/doclib/foia/memorandumsofAgreementUnderstanding/montgomery-tx-2017.pdf
refugio-tx-2017.pdf	https://web.archive.org/web/20170801021304id_/https://www.ice.gov/doclib/foia/memorandumsofAgreementUnderstanding/refugio-tx-2017.pdf
287gSmithCounty2017.pdf	https://web.archive.org/web/20170604015118id_/https://www.ice.gov/doclib/foia/memorandumsofAgreementUnderstanding/287gSmithCounty2017.pdf
TarrantCountySheriff.pdf	https://web.archive.org/web/20170702181319id_/https://www.ice.gov/doclib/foia/memorandumsofAgreementUnderstanding/TarrantCountySheriff.pdf
Victoria-tx-2017.pdf	https://web.archive.org/web/20170801021304id_/https://www.ice.gov/doclib/foia/memorandumsofAgreementUnderstanding/Victoria-tx-2017.pdf
walker-tx-2017.pdf	https://web.archive.org/web/20170801021304id_/https://www.ice.gov/doclib/foia/memorandumsofAgreementUnderstanding/walker-tx-2017.pdf
287gWallerTx2017-05-22.pdf	https://web.archive.org/web/20170604015118id_/https://www.ice.gov/doclib/foia/memorandumsofAgreementUnderstanding/287gWallerTx2017-05-22.pdf
Wharton-tx-2017.pdf	https://web.archive.org/web/20170801021304id_/https://www.ice.gov/doclib/foia/memorandumsofAgreementUnderstanding/Wharton-tx-2017.pdf
r_287gwebercountyso.pdf	/web/20130904035853id_/http://www.ice.gov/doclib/foia/memorandumsofAgreementUnderstanding/r_287gwebercountyso.pdf
r_287gwebercountyso101509.pdf	/web/20110220090259id_/http://www.ice.gov/doclib/foia/memorandumsofAgreementUnderstanding/r_287gwebercountyso101509.pdf
r_287gherndonpd101609.pdf	/web/20110220090259id_/http://www.ice.gov/doclib/foia/memorandumsofAgreementUnderstanding/r_287gherndonpd101609.pdf
r_287gloudounso101509.pdf	/web/20110220090259id_/http://www.ice.gov/doclib/foia/memorandumsofAgreementUnderstanding/r_287gloudounso101509.pdf
r_287gmanassaspark101609.pdf	/web/20110220090259id_/http://www.ice.gov/doclib/foia/memorandumsofAgreementUnderstanding/r_287gmanassaspark101609.pdf
r_287gmanassaspd101609.pdf	/web/20110220090259id_/http://www.ice.gov/doclib/foia/memorandumsofAgreementUnderstanding/r_287gmanassaspd101609.pdf
r_287gprincewilliamcountypd101609.pdf	/web/20110220090259id_/http://www.ice.gov/doclib/foia/memorandumsofAgreementUnderstanding/r_287gprincewilliamcountypd101609.pdf
r_287gprincewilliamcounty.pdf	/web/20110220090259id_/http://www.ice.gov/doclib/foia/memorandumsofAgreementUnderstanding/r_287gprincewilliamcounty.pdf
r_287gprincewilliammanassasregionaljail.pdf	/web/20130904035853id_/http://www.ice.gov/doclib/foia/memorandumsofAgreementUnderstanding/r_287gprincewilliammanassasregionaljail.pdf
r_287gprincewilliammanassasregionaljail101509.pdf	/web/20110220090259id_/http://www.ice.gov/doclib/foia/memorandumsofAgreementUnderstanding/r_287gprincewilliammanassasregionaljail101509.pdf
r_287grockinghamso101509.pdf	/web/20110220090259id_/http://www.ice.gov/doclib/foia/memorandumsofAgreementUnderstanding/r_287grockinghamso101509.pdf
r_287gshenandoahcountysheriffsoffice.pdf	/web/20130904035853id_/http://www.ice.gov/doclib/foia/memorandumsofAgreementUnderstanding/r_287gshenandoahcountysheriffsoffice.pdf
r_287gshenandoahcountysheriffsoffice101509.pdf	/web/20110220090259id_/http://www.ice.gov/doclib/foia/memorandumsofAgreementUnderstanding/r_287gshenandoahcountysheriffsoffice101509.pdf
