audit_flags,state,county,agency,facility_name,source,facility_source_type,facility_operator_name,facility_source_state_fips,facility_source_county_fips,facility_status,doc_match_tier,doc_research_reason,facility_address,facility_city,facility_county,facility_latitude,facility_longitude
correctional_name_without_local_modifier,Alaska,NA,Alaska Department of Corrections,WRANGELL CORRECTIONAL CENTER,hifld_prisons,LOCAL,NA,02,02275,OPEN,doc_excluded_local_jail,source type indicates local/federal jail or non-DOC facility,431 ZIMOVIA HIGHWAY,WRANGELL,Wrangell,56.469394901779246,-132.3777338365273
hifld_prisons_federal,Arizona,NA,Arizona Department of Corrections,BUREAU OF INDIAN AFFAIRS - HOPI AGENCY,hifld_prisons,FEDERAL,NA,04,04017,OPEN,doc_excluded_local_jail,source type indicates local/federal jail or non-DOC facility,"STATE ROUTE 264, MILEPOST 396",KEAMS CANYON,Navajo,35.81288938763232,-110.19776688468764
prison_complex_name; hifld_prisons_federal; correctional_name_without_local_modifier,Arizona,NA,Arizona Department of Corrections,CENTRAL ARIZONA FLORENCE CORRECTIONAL COMPLEX - FLORENCE CORRECTIONAL CENTER,hifld_prisons,FEDERAL,NA,04,04021,OPEN,doc_excluded_local_jail,source type indicates local/federal jail or non-DOC facility,1100 BOWLING RD,FLORENCE,Pinal,33.044270647861424,-111.37182769628711
hifld_prisons_federal,Arizona,NA,Arizona Department of Corrections,CHINLE ADULT AND JUVENILE FACILITY,hifld_prisons,FEDERAL,NA,04,04001,OPEN,doc_excluded_local_jail,source type indicates local/federal jail or non-DOC facility,BLDG. 1330 NAVAJO RT 7,CHINLE,Apache,36.150893869426795,-109.5583892741817
hifld_prisons_federal,Arizona,NA,Arizona Department of Corrections,ELOY DETENTION CENTER,hifld_prisons,FEDERAL,NA,04,04021,OPEN,doc_excluded_local_jail,source type indicates local/federal jail or non-DOC facility,1705 EAST HANNA ROAD,ELOY,Pinal,32.81769581187593,-111.52006847483814
hifld_prisons_federal,Arizona,NA,Arizona Department of Corrections,FCI PHOENIX,hifld_prisons,FEDERAL,NA,04,04013,OPEN,doc_excluded_local_jail,source type indicates local/federal jail or non-DOC facility,37900 N 45TH AVE,PHOENIX,Maricopa,33.83391052145163,-112.16859556218314
hifld_prisons_federal,Arizona,NA,Arizona Department of Corrections,FCI PHOENIX CAMP,hifld_prisons,FEDERAL,NA,04,04013,OPEN,doc_excluded_local_jail,source type indicates local/federal jail or non-DOC facility,37900 N 45TH AVE,PHOENIX,Maricopa,33.83270944718764,-112.16216925518124
hifld_prisons_federal,Arizona,NA,Arizona Department of Corrections,FCI SAFFORD,hifld_prisons,FEDERAL,NA,04,04009,OPEN,doc_excluded_local_jail,source type indicates local/federal jail or non-DOC facility,1529 W HWY 366,SAFFORD,Graham,32.717073133738616,-109.72451459330811
hifld_prisons_federal,Arizona,NA,Arizona Department of Corrections,FCI TUCSON,hifld_prisons,FEDERAL,NA,04,04019,OPEN,doc_excluded_local_jail,source type indicates local/federal jail or non-DOC facility,8901 S WILMOT RD,TUCSON,Pima,32.089570493515495,-110.85623975972192
hifld_prisons_federal,Arizona,NA,Arizona Department of Corrections,FLORENCE SERVICE PROCESSING CENTER,hifld_prisons,FEDERAL,NA,04,04021,OPEN,doc_excluded_local_jail,source type indicates local/federal jail or non-DOC facility,3250 N PINAL PARKWAY,FLORENCE,Pinal,33.06404991907901,-111.38329560677694
hifld_prisons_federal,Arizona,NA,Arizona Department of Corrections,HUALAPAI ADULT DETENTION CENTER,hifld_prisons,FEDERAL,NA,04,04015,OPEN,doc_excluded_local_jail,source type indicates local/federal jail or non-DOC facility,924 RODEO WAY,PEACH SPRINGS,Mohave,35.52649955602158,-113.42340189350514
hifld_prisons_federal,Arizona,NA,Arizona Department of Corrections,HUALAPAI JUVENILE DETENTION AND REHABILITATION CENTER,hifld_prisons,FEDERAL,NA,04,04015,OPEN,doc_excluded_local_jail,source type indicates local/federal jail or non-DOC facility,108 HIGH VIEW DR,PEACH SPRINGS,Mohave,35.54233591937134,-113.41085200348888
hifld_prisons_federal,Arizona,NA,Arizona Department of Corrections,KAYENTA ADULT AND JUVENILE FACILITY,hifld_prisons,FEDERAL,NA,04,04017,OPEN,doc_excluded_local_jail,source type indicates local/federal jail or non-DOC facility,US HWY 163,KAYENTA,Navajo,36.71438292239841,-110.25498543502
doc_or_state_name; hifld_prisons_federal,Arizona,NA,Arizona Department of Corrections,SALT RIVER DEPARTMENT OF CORRECTIONS,hifld_prisons,FEDERAL,NA,04,04013,OPEN,doc_excluded_local_jail,source type indicates local/federal jail or non-DOC facility,3213 NORTH LONGMORE ROAD,SCOTTSDALE,Maricopa,33.48515862487439,-111.8640964834852
hifld_prisons_federal,Arizona,NA,Arizona Department of Corrections,SAN CARLOS ADULT / JUVENILE DETENTION CENTER,hifld_prisons,FEDERAL,NA,04,04007,OPEN,doc_excluded_local_jail,source type indicates local/federal jail or non-DOC facility,INDIAN ROUTE 6 MP 10.5,SAN CARLOS,Gila,33.359902044246574,-110.48030877706374
hifld_prisons_federal,Arizona,NA,Arizona Department of Corrections,TUBA CITY ADULT CORRECTIONS,hifld_prisons,FEDERAL,NA,04,04005,OPEN,doc_excluded_local_jail,source type indicates local/federal jail or non-DOC facility,240 S MAIN ST,TUBA CITY,Coconino,36.12800450513589,-111.23638148801273
hifld_prisons_federal,Arizona,NA,Arizona Department of Corrections,USP TUCSON,hifld_prisons,FEDERAL,NA,04,04019,OPEN,doc_excluded_local_jail,source type indicates local/federal jail or non-DOC facility,9300 SOUTH WILMOT RD,TUCSON,Pima,32.08384224145333,-110.8671079596501
hifld_prisons_federal,Arizona,NA,Arizona Department of Corrections,USP TUCSON CAMP,hifld_prisons,FEDERAL,NA,04,04019,OPEN,doc_excluded_local_jail,source type indicates local/federal jail or non-DOC facility,9300 SOUTH WILMOT RD,TUCSON,Pima,32.08116393343759,-110.86225187058297
hifld_prisons_federal,Arizona,NA,Arizona Department of Corrections,WINDOW ROCK ADULT FACILITY,hifld_prisons,FEDERAL,NA,04,04001,OPEN,doc_excluded_local_jail,source type indicates local/federal jail or non-DOC facility,N RT 12 AND WINDOW ROCK BLVD,WINDOW ROCK,Apache,35.67342935688877,-109.0575905942699
hifld_prisons_federal,Arkansas,Pulaksi County,Arkansas Department of Corrections,FCI FORREST CITY LOW,hifld_prisons,FEDERAL,NA,05,05123,OPEN,doc_excluded_local_jail,source type indicates local/federal jail or non-DOC facility,1400 DALE BUMPERS ROAD,FORREST CITY,St. Francis,34.98233924075582,-90.80306156513448
hifld_prisons_federal,Arkansas,Pulaksi County,Arkansas Department of Corrections,FCI FORREST CITY LOW CAMP,hifld_prisons,FEDERAL,NA,05,05123,OPEN,doc_excluded_local_jail,source type indicates local/federal jail or non-DOC facility,1400 DALE BUMPERS ROAD,FORREST CITY,St. Francis,34.9805436879422,-90.79682654509529
hifld_prisons_federal,Arkansas,Pulaksi County,Arkansas Department of Corrections,FCI FORREST CITY MEDIUM,hifld_prisons,FEDERAL,NA,05,05123,OPEN,doc_excluded_local_jail,source type indicates local/federal jail or non-DOC facility,1400 DALE BUMPERS ROAD,FORREST CITY,St. Francis,34.97528882369233,-90.7949032481442
correctional_name_without_local_modifier,Florida,NA,Florida Department of Corrections,JOHN E POLK CORRECTIONAL FACILITY,hifld_prisons,COUNTY,NA,12,12117,OPEN,doc_excluded_local_jail,source type indicates local/federal jail or non-DOC facility,211 ESLINGER WAY,SANFORD,Seminole,28.747537179587056,-81.29916091074213
correctional_name_without_local_modifier,Florida,NA,Florida Department of Corrections,MONTGOMERY CORRECTIONAL CENTER,hifld_prisons,COUNTY,NA,12,12031,OPEN,doc_excluded_local_jail,source type indicates local/federal jail or non-DOC facility,4727 LANNIE RD,JACKSONVILLE,Duval,30.53931230336091,-81.7262541566931
correctional_name_without_local_modifier,Florida,NA,Florida Department of Corrections,TURNER GUILFORD KNIGHT CORRECTIONAL CENTER,hifld_prisons,COUNTY,NA,12,12086,OPEN,doc_excluded_local_jail,source type indicates local/federal jail or non-DOC facility,7000 NW 41ST ST,MIAMI,Miami-Dade,25.810251635917428,-80.31182278441545
hifld_prisons_federal,Florida,NA,Florida Department of Corrections,BROWARD TRANSITIONAL CENTER,hifld_prisons,FEDERAL,NA,12,12011,OPEN,doc_excluded_local_jail,source type indicates local/federal jail or non-DOC facility,3900 N POWERLINE RD,POMPANO BEACH,Broward,26.27726072667521,-80.15078663913921
hifld_prisons_federal,Florida,NA,Florida Department of Corrections,FCI COLEMAN LOW,hifld_prisons,FEDERAL,NA,12,12119,OPEN,doc_excluded_local_jail,source type indicates local/federal jail or non-DOC facility,846 NE 54TH TERRACE,SUMTERVILLE,Sumter,28.77064829773928,-82.01175614329847
hifld_prisons_federal,Florida,NA,Florida Department of Corrections,FCI COLEMAN LOW CAMP,hifld_prisons,FEDERAL,NA,12,12119,OPEN,doc_excluded_local_jail,source type indicates local/federal jail or non-DOC facility,846 NE 54TH TERRACE,SUMTERVILLE,Sumter,28.762793183506904,-82.01491905410394
hifld_prisons_federal,Florida,NA,Florida Department of Corrections,FCI COLEMAN MEDIUM,hifld_prisons,FEDERAL,NA,12,12119,OPEN,doc_excluded_local_jail,source type indicates local/federal jail or non-DOC facility,846 NE 54TH TERRACE,SUMTERVILLE,Sumter,28.76625071033905,-82.00753866597078
hifld_prisons_federal,Florida,NA,Florida Department of Corrections,FCI MARIANNA,hifld_prisons,FEDERAL,NA,12,12063,OPEN,doc_excluded_local_jail,source type indicates local/federal jail or non-DOC facility,3625 FCI RD,MARIANNA,Jackson,30.83460176458751,-85.19200129712804
hifld_prisons_federal,Florida,NA,Florida Department of Corrections,FCI MARIANNA CAMP,hifld_prisons,FEDERAL,NA,12,12063,OPEN,doc_excluded_local_jail,source type indicates local/federal jail or non-DOC facility,3625 FCI RD,MARIANNA,Jackson,30.828098311333655,-85.19039956345225
hifld_prisons_federal,Florida,NA,Florida Department of Corrections,FCI MIAMI,hifld_prisons,FEDERAL,NA,12,12086,OPEN,doc_excluded_local_jail,source type indicates local/federal jail or non-DOC facility,15801 SW 137TH AVE,MIAMI,Miami-Dade,25.618327000507012,-80.41039060988615
hifld_prisons_federal,Florida,NA,Florida Department of Corrections,FCI MIAMI CAMP,hifld_prisons,FEDERAL,NA,12,12086,OPEN,doc_excluded_local_jail,source type indicates local/federal jail or non-DOC facility,15801 SW 137TH AVE,MIAMI,Miami-Dade,25.615178335285457,-80.4127929579392
hifld_prisons_federal,Florida,NA,Florida Department of Corrections,FCI TALLAHASSEE AND DETENTION CENTER,hifld_prisons,FEDERAL,NA,12,12073,OPEN,doc_excluded_local_jail,source type indicates local/federal jail or non-DOC facility,501 CAPITAL CIRCLE NE,TALLAHASSEE,Leon,30.44388068014727,-84.22294793639053
hifld_prisons_federal,Florida,NA,Florida Department of Corrections,FDC MIAMI,hifld_prisons,FEDERAL,NA,12,12086,OPEN,doc_excluded_local_jail,source type indicates local/federal jail or non-DOC facility,33 NE 4TH STREET,MIAMI,Miami-Dade,25.77848969873701,-80.19323745118885
hifld_prisons_federal,Florida,NA,Florida Department of Corrections,FPC PENSACOLA,hifld_prisons,FEDERAL,NA,12,12033,OPEN,doc_excluded_local_jail,source type indicates local/federal jail or non-DOC facility,110 RABY AVE,PENSACOLA,Escambia,30.463441061430487,-87.33919278329431
hifld_prisons_federal,Florida,NA,Florida Department of Corrections,GLADES COUNTY DETENTION CENTER,hifld_prisons,FEDERAL,NA,12,12043,OPEN,doc_excluded_local_jail,source type indicates local/federal jail or non-DOC facility,1297 EAST STATE ROAD 78,MOORE HAVEN,Glades,26.838525391496603,-81.12441303004883
hifld_prisons_federal,Florida,NA,Florida Department of Corrections,KROME NORTH SERVICE PROCESSING CENTER,hifld_prisons,FEDERAL,NA,12,12086,OPEN,doc_excluded_local_jail,source type indicates local/federal jail or non-DOC facility,18201 SOUTHWEST 12TH STREET,MIAMI,Miami-Dade,25.755112129288904,-80.49066572780579
hifld_prisons_federal,Florida,NA,Florida Department of Corrections,USP COLEMAN I,hifld_prisons,FEDERAL,NA,12,12119,OPEN,doc_excluded_local_jail,source type indicates local/federal jail or non-DOC facility,846 NE 54TH TERRACE,SUMTERVILLE,Sumter,28.773790499345388,-82.00445253663223
hifld_prisons_federal,Florida,NA,Florida Department of Corrections,USP COLEMAN II,hifld_prisons,FEDERAL,NA,12,12119,OPEN,doc_excluded_local_jail,source type indicates local/federal jail or non-DOC facility,846 NE 54TH TERRACE,SUMTERVILLE,Sumter,28.764288523632448,-82.0000548464978
prison_complex_name,Georgia,NA,Georgia Department of Corrections,GWINNETT COUNTY COMPREHENSIVE CORRECTIONAL COMPLEX,hifld_prisons,COUNTY,NA,13,13135,OPEN,doc_excluded_local_jail,source type indicates local/federal jail or non-DOC facility,750 HI HOPE ROAD,LAWRENCEVILLE,Gwinnett,33.98498579070464,-83.97477783894982
hifld_prisons_federal; correctional_name_without_local_modifier,Georgia,NA,Georgia Department of Corrections,D RAY JAMES CORRECTIONAL FACILITY,hifld_prisons,FEDERAL,NA,13,13049,OPEN,doc_excluded_local_jail,source type indicates local/federal jail or non-DOC facility,3262 HIGHWAY 252,FOLKSTON,Charlton,30.873672234416052,-81.97910020426285
hifld_prisons_federal,Georgia,NA,Georgia Department of Corrections,FCI JESUP,hifld_prisons,FEDERAL,NA,13,13305,OPEN,doc_excluded_local_jail,source type indicates local/federal jail or non-DOC facility,2600 HIGHWAY 301 SOUTH,JESUP,Wayne,31.563885210753288,-81.90243440871862
hifld_prisons_federal,Georgia,NA,Georgia Department of Corrections,FCI JESUP CAMP,hifld_prisons,FEDERAL,NA,13,13305,OPEN,doc_excluded_local_jail,source type indicates local/federal jail or non-DOC facility,2600 HIGHWAY 301 SOUTH,JESUP,Wayne,31.56623246505761,-81.89887825388281
hifld_prisons_federal,Georgia,NA,Georgia Department of Corrections,FOLKSTON ICE PROCESSING CENTER ANNEX,hifld_prisons,FEDERAL,NA,13,13049,OPEN,doc_excluded_local_jail,source type indicates local/federal jail or non-DOC facility,3224 HIGHWAY 252,FOLKSTON,Charlton,30.876314615651832,-81.97825914619919
hifld_prisons_federal,Georgia,NA,Georgia Department of Corrections,FOLKSTON ICE PROCESSING CENTER MAIN,hifld_prisons,FEDERAL,NA,13,13049,OPEN,doc_excluded_local_jail,source type indicates local/federal jail or non-DOC facility,3026 HWY 252 E,FOLKSTON,Charlton,30.871277839555027,-81.98112048271281
hifld_prisons_federal,Georgia,NA,Georgia Department of Corrections,FSL JESUP,hifld_prisons,FEDERAL,NA,13,13305,OPEN,doc_excluded_local_jail,source type indicates local/federal jail or non-DOC facility,2600 HIGHWAY 301 SOUTH,JESUP,Wayne,31.559969590805572,-81.90598397037583
hifld_prisons_federal; correctional_name_without_local_modifier,Georgia,NA,Georgia Department of Corrections,MCRAE CORRECTIONAL FACILITY,hifld_prisons,FEDERAL,NA,13,13271,CLOSED,doc_excluded_local_jail,source type indicates local/federal jail or non-DOC facility,112 JIM HAMMOCK DRIVE,MCRAE,Telfair,32.05007043439731,-82.8715771944586
hifld_prisons_federal,Georgia,NA,Georgia Department of Corrections,ROBERT A DEYTON DETENTION FACILITY,hifld_prisons,FEDERAL,NA,13,13063,OPEN,doc_excluded_local_jail,source type indicates local/federal jail or non-DOC facility,11866 HASTINGS BRIDGE RD,LOVEJOY,Clayton,33.43496416228881,-84.30549783585717
hifld_prisons_federal,Georgia,NA,Georgia Department of Corrections,STEWART DETENTION CENTER,hifld_prisons,FEDERAL,NA,13,13259,OPEN,doc_excluded_local_jail,source type indicates local/federal jail or non-DOC facility,146 CCA ROAD,LUMPKIN,Stewart,32.03562699540494,-84.77197994381375
hifld_prisons_federal,Georgia,NA,Georgia Department of Corrections,USP ATLANTA,hifld_prisons,FEDERAL,NA,13,13121,OPEN,doc_excluded_local_jail,source type indicates local/federal jail or non-DOC facility,601 MCDONOUGH BLVD SE,ATLANTA,Fulton,33.710700193916345,-84.36897923060941
hifld_prisons_federal,Georgia,NA,Georgia Department of Corrections,USP ATLANTA CAMP,hifld_prisons,FEDERAL,NA,13,13121,NOT AVAILABLE,doc_excluded_local_jail,source type indicates local/federal jail or non-DOC facility,601 MCDONOUGH BLVD SE,ATLANTA,Fulton,33.70895207035093,-84.36381147737258
prison_complex_name,Georgia,NA,Georgia Department of Corrections,Gwinnett County Department of Correction - Comprehensive Correctional Complex,jails_prisons,JAILS,NA,NA,NA,NA,doc_excluded_local_jail,source type indicates local/federal jail or non-DOC facility,750 Hi-Hope Road,Lawrenceville,NA,NA,NA
hifld_primary_state_agency,Georgia,NA,Georgia Department of Corrections,COBB COUNTY DEPARTMENT OF PUBLIC SAFETY - TRAINING CENTER,hifld,PRIMARY STATE AGENCY,NA,13,13067,OPEN,doc_excluded_local_jail,source type indicates local/federal jail or non-DOC facility,2109 VALOR DRIVE,MARIETTA,Cobb,33.9035726,-84.5766317
prison_complex_name,Indiana,Putnam County,Indiana Department of Corrections,MICHAEL L. BECHER ADULT CORRECTIONAL COMPLEX,hifld_prisons,COUNTY,NA,18,18019,OPEN,doc_excluded_local_jail,source type indicates local/federal jail or non-DOC facility,501 E COURT AVE,JEFFERSONVILLE,Clark,38.27777495883283,-85.73758349992328
hifld_prisons_federal,Indiana,Putnam County,Indiana Department of Corrections,FCI TERRE HAUTE,hifld_prisons,FEDERAL,NA,18,18167,OPEN,doc_excluded_local_jail,source type indicates local/federal jail or non-DOC facility,4200 BUREAU RD N,TERRE HAUTE,Vigo,39.417028447505174,-87.45117208664308
hifld_prisons_federal,Indiana,Putnam County,Indiana Department of Corrections,FCI TERRE HAUTE CAMP,hifld_prisons,FEDERAL,NA,18,18167,OPEN,doc_excluded_local_jail,source type indicates local/federal jail or non-DOC facility,4200 BUREAU RD N,TERRE HAUTE,Vigo,39.411044297834,-87.45684403965637
hifld_prisons_federal,Indiana,Putnam County,Indiana Department of Corrections,USP TERRE HAUTE,hifld_prisons,FEDERAL,NA,18,18167,OPEN,doc_excluded_local_jail,source type indicates local/federal jail or non-DOC facility,4700 BUREAU RD S,TERRE HAUTE,Vigo,39.407581418102026,-87.45452495925879
prison_complex_name,Indiana,Putnam County,Indiana Department of Corrections,Elkhart County Correctional Complex,jails_prisons,JAILS,NA,NA,NA,NA,doc_excluded_local_jail,source type indicates local/federal jail or non-DOC facility,26861 County Road 26,Elkhart,NA,NA,NA
correctional_name_without_local_modifier,Louisiana,#Na,Louisiana Department of Public Safety & Corrections,AVOYELLES WOMEN'S CORRECTIONAL CENTER,hifld_prisons,COUNTY,NA,22,22009,OPEN,doc_excluded_local_jail,source type indicates local/federal jail or non-DOC facility,640 CHOUPIQUE LN,COTTONPORT,Avoyelles,30.97566986740107,-92.05078614868276
correctional_name_without_local_modifier,Louisiana,#Na,Louisiana Department of Public Safety & Corrections,BAYOU CORRECTIONAL CENTER,hifld_prisons,COUNTY,NA,22,22065,OPEN,doc_excluded_local_jail,source type indicates local/federal jail or non-DOC facility,196 OLD HWY 65 S,TALLULAH,Madison,32.39343697148567,-91.20475964639684
correctional_name_without_local_modifier,Louisiana,#Na,Louisiana Department of Public Safety & Corrections,BAYOU DORCHEAT CORRECTIONAL CENTER,hifld_prisons,COUNTY,NA,22,22119,OPEN,doc_excluded_local_jail,source type indicates local/federal jail or non-DOC facility,1455 BRAVO BLVD,MINDEN,Webster,32.566800708117796,-93.41140608049729
correctional_name_without_local_modifier,Louisiana,#Na,Louisiana Department of Public Safety & Corrections,CADDO CORRECTIONAL CENTER,hifld_prisons,COUNTY,NA,22,22017,OPEN,doc_excluded_local_jail,source type indicates local/federal jail or non-DOC facility,1101 FORUM DR,SHREVEPORT,Caddo,32.532386140509985,-93.78137190072218
correctional_name_without_local_modifier,Louisiana,#Na,Louisiana Department of Public Safety & Corrections,CALCASIEU CORRECTIONAL CENTER,hifld_prisons,COUNTY,NA,22,22019,OPEN,doc_excluded_local_jail,source type indicates local/federal jail or non-DOC facility,5410 E BROAD ST,LAKE CHARLES,Calcasieu,30.225794414067163,-93.141457430442955
correctional_name_without_local_modifier,Louisiana,#Na,Louisiana Department of Public Safety & Corrections,CALDWELL CORRECTIONAL CENTER,hifld_prisons,COUNTY,NA,22,22021,OPEN,doc_excluded_local_jail,source type indicates local/federal jail or non-DOC facility,671 STATE HWY 845,GRAYSON,Caldwell,32.03666959212234,-92.1375001331006
correctional_name_without_local_modifier,Louisiana,#Na,Louisiana Department of Public Safety & Corrections,CATAHOULA CORRECTIONAL CENTER,hifld_prisons,COUNTY,NA,22,22025,OPEN,doc_excluded_local_jail,source type indicates local/federal jail or non-DOC facility,499 OLD COLUMBIA RD,HARRISONBURG,Catahoula,31.774902648530656,-91.83703161688724
correctional_name_without_local_modifier,Louisiana,#Na,Louisiana Department of Public Safety & Corrections,LASALLE CORRECTIONAL CENTER,hifld_prisons,COUNTY,NA,22,22059,OPEN,doc_excluded_local_jail,source type indicates local/federal jail or non-DOC facility,15976 US HWY 165,OLLA,Lasalle,31.850977542908844,-92.28499629368144
correctional_name_without_local_modifier,Louisiana,#Na,Louisiana Department of Public Safety & Corrections,LT. SHERMAN WALKER CORRECTIONAL FACILITY,hifld_prisons,COUNTY,NA,22,22095,OPEN,doc_excluded_local_jail,source type indicates local/federal jail or non-DOC facility,100 DEPUTY BARTON GRANIER DR,LAPLACE,St. John The Baptist,30.072250669096295,-90.50592298793244
correctional_name_without_local_modifier,Louisiana,#Na,Louisiana Department of Public Safety & Corrections,NELSON COLEMAN CORRECTIONAL CENTER,hifld_prisons,COUNTY,NA,22,22089,OPEN,doc_excluded_local_jail,source type indicates local/federal jail or non-DOC facility,5061 STATE HWY 3127,KILLONA,St. Charles,29.99232265005079,-90.50257146753458
hifld_prisons_federal,Louisiana,#Na,Louisiana Department of Public Safety & Corrections,ALEXANDRIA STAGING FACILITY,hifld_prisons,FEDERAL,NA,22,22079,OPEN,doc_excluded_local_jail,source type indicates local/federal jail or non-DOC facility,96 GEORGE THOMPSON DR,ALEXANDRIA,Rapides,31.317841756863245,-92.5363825165425
hifld_prisons_federal,Louisiana,#Na,Louisiana Department of Public Safety & Corrections,CENTRAL LOUISIANA ICE PROCESSING CENTER,hifld_prisons,FEDERAL,NA,22,22059,OPEN,doc_excluded_local_jail,source type indicates local/federal jail or non-DOC facility,830 PINEHILL RD,JENA,Lasalle,31.708652033153083,-92.1526338641307
hifld_prisons_federal,Louisiana,#Na,Louisiana Department of Public Safety & Corrections,FCI OAKDALE I,hifld_prisons,FEDERAL,NA,22,22003,OPEN,doc_excluded_local_jail,source type indicates local/federal jail or non-DOC facility,1507 EAST WHATLEY ROAD,OAKDALE,Allen,30.828419122112777,-92.64070373044405
hifld_prisons_federal,Louisiana,#Na,Louisiana Department of Public Safety & Corrections,FCI OAKDALE II,hifld_prisons,FEDERAL,NA,22,22003,OPEN,doc_excluded_local_jail,source type indicates local/federal jail or non-DOC facility,2105 EAST WHATLEY ROAD,OAKDALE,Allen,30.820595827273465,-92.6406382540044
hifld_prisons_federal,Louisiana,#Na,Louisiana Department of Public Safety & Corrections,FCI OAKDALE II CAMP,hifld_prisons,FEDERAL,NA,22,22003,OPEN,doc_excluded_local_jail,source type indicates local/federal jail or non-DOC facility,2105 EAST WHATLEY,OAKDALE,Allen,30.823815682448465,-92.64208178397234
hifld_prisons_federal,Louisiana,#Na,Louisiana Department of Public Safety & Corrections,FCI POLLOCK,hifld_prisons,FEDERAL,NA,22,22043,OPEN,doc_excluded_local_jail,source type indicates local/federal jail or non-DOC facility,1000 AIRBASE RD,POLLOCK,Grant,31.466928244355977,-92.4463706213186
hifld_prisons_federal; correctional_name_without_local_modifier,Louisiana,#Na,Louisiana Department of Public Safety & Corrections,RIVER CORRECTIONAL CENTER,hifld_prisons,FEDERAL,NA,22,22029,OPEN,doc_excluded_local_jail,source type indicates local/federal jail or non-DOC facility,26362 HWY 15,FERRIDAY,Concordia,31.59710018529208,-91.55835111818207
hifld_prisons_federal,Louisiana,#Na,Louisiana Department of Public Safety & Corrections,SOUTH LOUISIANA ICE PROCESSING CENTER,hifld_prisons,FEDERAL,NA,22,22039,OPEN,doc_excluded_local_jail,source type indicates local/federal jail or non-DOC facility,3843 STAGG AVE,BASILE,Evangeline,30.48737326260572,-92.58314152544376
hifld_prisons_federal,Louisiana,#Na,Louisiana Department of Public Safety & Corrections,USP POLLOCK,hifld_prisons,FEDERAL,NA,22,22043,OPEN,doc_excluded_local_jail,source type indicates local/federal jail or non-DOC facility,1000 AIRBASE RD,POLLOCK,Grant,31.469764147854914,-92.4384811968276
hifld_prisons_federal,Louisiana,#Na,Louisiana Department of Public Safety & Corrections,USP POLLOCK CAMP,hifld_prisons,FEDERAL,NA,22,22043,OPEN,doc_excluded_local_jail,source type indicates local/federal jail or non-DOC facility,1000 AIRBASE RD,POLLOCK,Grant,31.466132917725172,-92.43632811503564
correctional_name_without_local_modifier,Louisiana,#Na,Louisiana Department of Public Safety & Corrections,Ascension Correctional Center,jails_prisons,JAILS,NA,NA,NA,NA,doc_excluded_local_jail,source type indicates local/federal jail or non-DOC facility,2384 Lemanville Cutoff Road,Donaldsonville,NA,NA,NA
correctional_name_without_local_modifier,Louisiana,#Na,Louisiana Department of Public Safety & Corrections,Bossier Sheriff Correctional Facility,jails_prisons,JAILS,NA,NA,NA,NA,doc_excluded_local_jail,source type indicates local/federal jail or non-DOC facility,2984 Old Plain Dealing Road,Plain Dealing,NA,NA,NA
correctional_name_without_local_modifier,Louisiana,#Na,Louisiana Department of Public Safety & Corrections,Madison Correctional Center,jails_prisons,JAILS,NA,NA,NA,NA,doc_excluded_local_jail,source type indicates local/federal jail or non-DOC facility,158 Treatment Plant Road,Tallulah,NA,NA,NA
correctional_name_without_local_modifier,Louisiana,#Na,Louisiana Department of Public Safety & Corrections,West Monroe Correctional Center,jails_prisons,JAILS,NA,NA,NA,NA,doc_excluded_local_jail,source type indicates local/federal jail or non-DOC facility,2301 N 7th Street,West Monroe,NA,NA,NA
correctional_name_without_local_modifier,Louisiana,#Na,Louisiana Department of Public Safety & Corrections,WEST MONROE CORRECTIONAL FACILITY,hifld_prisons,LOCAL,NA,22,22073,OPEN,doc_excluded_local_jail,source type indicates local/federal jail or non-DOC facility,2301 NORTH 7TH STREET,WEST MONROE,Ouachita,32.5201571503004,-92.14871243513048
correctional_name_without_local_modifier,Massachusetts,NA,Massachusetts Department of Corrections,WESTERN MASSACHUSETTS REGIONAL WOMEN'S CORRECTIONAL CENTER,hifld_prisons,COUNTY,NA,25,25013,OPEN,doc_excluded_local_jail,source type indicates local/federal jail or non-DOC facility,701 CENTER STREET,CHICOPEE,Hampden,42.12919425599504,-72.61059521637279
hifld_prisons_federal,Massachusetts,NA,Massachusetts Department of Corrections,FMC DEVENS,hifld_prisons,FEDERAL,NA,25,25027,OPEN,doc_excluded_local_jail,source type indicates local/federal jail or non-DOC facility,42 PATTON ROAD,DEVENS,Worcester,42.52538943503912,-71.62068104272774
hifld_prisons_federal,Massachusetts,NA,Massachusetts Department of Corrections,FMC DEVENS CAMP,hifld_prisons,FEDERAL,NA,25,25027,OPEN,doc_excluded_local_jail,source type indicates local/federal jail or non-DOC facility,42 PATTON ROAD,DEVENS,Worcester,42.52822844260485,-71.62057876024281
correctional_name_without_local_modifier,Massachusetts,NA,Massachusetts Department of Corrections,Western Massachusetts Regional Womens Correctional Center (WCC),jails_prisons,JAILS,NA,NA,NA,NA,doc_excluded_local_jail,source type indicates local/federal jail or non-DOC facility,701 Center Street,Chicopee,NA,NA,NA
hifld_prisons_federal,Mississippi,Hinds County,Mississippi Department of Corrections,ADAMS COUNTY CORRECTIONAL CENETER,hifld_prisons,FEDERAL,NA,28,28001,OPEN,doc_excluded_local_jail,source type indicates local/federal jail or non-DOC facility,20 HOBO FORK RD,NATCHEZ,Adams,31.557622599040815,-91.22117125648764
hifld_prisons_federal,Mississippi,Hinds County,Mississippi Department of Corrections,FCI YAZOO CITY LOW,hifld_prisons,FEDERAL,NA,28,28163,OPEN,doc_excluded_local_jail,source type indicates local/federal jail or non-DOC facility,2225 HALEY BARBOUR PARKWAY,YAZOO CITY,Yazoo,32.888484146348645,-90.43217009252731
hifld_prisons_federal,Mississippi,Hinds County,Mississippi Department of Corrections,FCI YAZOO CITY LOW CAMP,hifld_prisons,FEDERAL,NA,28,28163,OPEN,doc_excluded_local_jail,source type indicates local/federal jail or non-DOC facility,2225 HALEY BARBOUR PARKWAY,YAZOO CITY,Yazoo,32.889000174118536,-90.4393239447251
hifld_prisons_federal,Mississippi,Hinds County,Mississippi Department of Corrections,FCI YAZOO CITY MEDIUM,hifld_prisons,FEDERAL,NA,28,28163,OPEN,doc_excluded_local_jail,source type indicates local/federal jail or non-DOC facility,2225 HALEY BARBOUR PARKWAY,YAZOO CITY,Yazoo,32.884055316973736,-90.439665715864
hifld_prisons_federal,Mississippi,Hinds County,Mississippi Department of Corrections,USP YAZOO CITY,hifld_prisons,FEDERAL,NA,28,28163,OPEN,doc_excluded_local_jail,source type indicates local/federal jail or non-DOC facility,2225 HALEY BARBOUR PARKWAY,YAZOO CITY,Yazoo,32.891762256548944,-90.44593844628432
doc_or_state_name,Nebraska,Lincoln County,Nebraska Department of Correctional Services,HALL COUNTY DEPARTMENT OF CORRECTIONS,hifld_prisons,COUNTY,NA,31,31079,OPEN,doc_excluded_local_jail,source type indicates local/federal jail or non-DOC facility,110 PUBLIC SAFETY DR,GRAND ISLAND,Hall,40.92656892811145,-98.32880911209986
doc_or_state_name,Nebraska,Lincoln County,Nebraska Department of Correctional Services,Douglas Department of Corrections,jails_prisons,JAILS,NA,NA,NA,NA,doc_excluded_local_jail,source type indicates local/federal jail or non-DOC facility,710 South 17th Street,Omaha,NA,NA,NA
hifld_prisons_federal,Oklahoma,NA,Oklahoma Department of Corrections,FCI EL RENO,hifld_prisons,FEDERAL,NA,40,40017,OPEN,doc_excluded_local_jail,source type indicates local/federal jail or non-DOC facility,4205 HWY 66 W,EL RENO,Canadian,35.53335946436019,-98.00523358253038
hifld_prisons_federal,Oklahoma,NA,Oklahoma Department of Corrections,FCI EL RENO CAMP,hifld_prisons,FEDERAL,NA,40,40017,OPEN,doc_excluded_local_jail,source type indicates local/federal jail or non-DOC facility,4205 HWY 66 W,EL RENO,Canadian,35.53595201897351,-98.00419714565056
hifld_prisons_federal,Oklahoma,NA,Oklahoma Department of Corrections,FTC OKLAHOMA CITY,hifld_prisons,FEDERAL,NA,40,40109,OPEN,doc_excluded_local_jail,source type indicates local/federal jail or non-DOC facility,7410 S MACARTHUR BLVD,OKLAHOMA CITY,Oklahoma,35.390825814813276,-97.61625561480622
hifld_prisons_federal,South Dakota,#Na,South Dakota Department of Corrections,FPC YANKTON,hifld_prisons,FEDERAL,NA,46,46135,OPEN,doc_excluded_local_jail,source type indicates local/federal jail or non-DOC facility,1016 DOUGLAS AVE,YANKTON,Yankton,42.880325313086814,-97.3903561481005
prison_complex_name,Tennessee,NA,Tennessee Department of Corrections,GIBSON COUNTY CORRECTIONAL COMPLEX,hifld_prisons,COUNTY,NA,47,47053,OPEN,doc_excluded_local_jail,source type indicates local/federal jail or non-DOC facility,401 NORTH COLLEGE ST,TRENTON,Gibson,35.98329014919734,-88.94223335194232
correctional_name_without_local_modifier,Tennessee,NA,Tennessee Department of Corrections,MAXIMUM CORRECTIONAL CENTER,hifld_prisons,COUNTY,NA,47,47037,OPEN,doc_excluded_local_jail,source type indicates local/federal jail or non-DOC facility,5113 HARDING PLACE,NASHVILLE,Davidson,36.088468948969194,-86.68560353952653
hifld_prisons_federal,Tennessee,NA,Tennessee Department of Corrections,FCI MEMPHIS,hifld_prisons,FEDERAL,NA,47,47157,OPEN,doc_excluded_local_jail,source type indicates local/federal jail or non-DOC facility,1101 JOHN A DENIE RD,MEMPHIS,Shelby,35.155761948127925,-89.86723574340316
hifld_prisons_federal,Tennessee,NA,Tennessee Department of Corrections,FCI MEMPHIS CAMP,hifld_prisons,FEDERAL,NA,47,47157,OPEN,doc_excluded_local_jail,source type indicates local/federal jail or non-DOC facility,6696 NAVY RD,MILLINGTON,Shelby,35.33994704043188,-89.83821884228347
correctional_name_without_local_modifier,Utah,NA,Utah Department of Corrections,PURGATORY CORRECTIONAL FACILITY,hifld_prisons,COUNTY,NA,49,49053,OPEN,doc_excluded_local_jail,source type indicates local/federal jail or non-DOC facility,750 S 5300 W,HURRICANE,Washington,37.15814358992702,-113.41205822376529
correctional_name_without_local_modifier,West Virginia,NA,West Virginia Division of Corrections and Rehabilitation,NORTHERN REGIONAL JAIL / CORRECTIONAL FACILITY,hifld_prisons,COUNTY,NA,54,54051,OPEN,doc_excluded_local_jail,source type indicates local/federal jail or non-DOC facility,112 N REGIONAL CORRECTIONAL DR,MOUNDSVILLE,Marshall,39.909081909525575,-80.73026055231693
hifld_prisons_federal,West Virginia,NA,West Virginia Division of Corrections and Rehabilitation,FCI BECKLEY,hifld_prisons,FEDERAL,NA,54,54081,OPEN,doc_excluded_local_jail,source type indicates local/federal jail or non-DOC facility,1600 INDUSTRIAL ROAD,BEAVER,Raleigh,37.81664978645521,-81.12952771964355
hifld_prisons_federal,West Virginia,NA,West Virginia Division of Corrections and Rehabilitation,FCI BECKLEY CAMP,hifld_prisons,FEDERAL,NA,54,54081,OPEN,doc_excluded_local_jail,source type indicates local/federal jail or non-DOC facility,1600 INDUSTRIAL ROAD,BEAVER,Raleigh,37.81175199853306,-81.13155075002251
hifld_prisons_federal,West Virginia,NA,West Virginia Division of Corrections and Rehabilitation,FCI GILMER,hifld_prisons,FEDERAL,NA,54,54021,OPEN,doc_excluded_local_jail,source type indicates local/federal jail or non-DOC facility,201 FCI LANE,GLENVILLE,Gilmer,38.91586342740546,-80.78460729377831
hifld_prisons_federal,West Virginia,NA,West Virginia Division of Corrections and Rehabilitation,FCI GILMER CAMP,hifld_prisons,FEDERAL,NA,54,54021,OPEN,doc_excluded_local_jail,source type indicates local/federal jail or non-DOC facility,201 FCI LANE,GLENVILLE,Gilmer,38.91223969348506,-80.7864554128626
hifld_prisons_federal,West Virginia,NA,West Virginia Division of Corrections and Rehabilitation,FCI HAZELTON,hifld_prisons,FEDERAL,NA,54,54077,OPEN,doc_excluded_local_jail,source type indicates local/federal jail or non-DOC facility,1640 SKY VIEW DR.,BRUCETON MILLS,Preston,39.67052866452383,-79.51460677757517
hifld_prisons_federal,West Virginia,NA,West Virginia Division of Corrections and Rehabilitation,FCI HAZELTON SFF,hifld_prisons,FEDERAL,NA,54,54077,OPEN,doc_excluded_local_jail,source type indicates local/federal jail or non-DOC facility,1640 SKY VIEW DR.,BRUCETON MILLS,Preston,39.667375259637915,-79.50398302894916
hifld_prisons_federal,West Virginia,NA,West Virginia Division of Corrections and Rehabilitation,FCI MCDOWELL,hifld_prisons,FEDERAL,NA,54,54047,OPEN,doc_excluded_local_jail,source type indicates local/federal jail or non-DOC facility,101 FEDERAL DRIVE,WELCH,Mcdowell,37.469790338319186,-81.55314198452464
hifld_prisons_federal,West Virginia,NA,West Virginia Division of Corrections and Rehabilitation,FCI MCDOWELL CAMP,hifld_prisons,FEDERAL,NA,54,54047,OPEN,doc_excluded_local_jail,source type indicates local/federal jail or non-DOC facility,101 FEDERAL DRIVE,WELCH,Mcdowell,37.47598397055152,-81.555315765557
hifld_prisons_federal,West Virginia,NA,West Virginia Division of Corrections and Rehabilitation,FCI MORGANTOWN,hifld_prisons,FEDERAL,NA,54,54061,OPEN,doc_excluded_local_jail,source type indicates local/federal jail or non-DOC facility,446 GREENBAG ROAD,MORGANTOWN,Monongalia,39.601589660468434,-79.94913432905892
hifld_prisons_federal,West Virginia,NA,West Virginia Division of Corrections and Rehabilitation,FPC ALDERSON,hifld_prisons,FEDERAL,NA,54,54089,OPEN,doc_excluded_local_jail,source type indicates local/federal jail or non-DOC facility,GLEN RAY RD,ALDERSON,Summers,37.724233536157186,-80.66915283939387
hifld_prisons_federal,West Virginia,NA,West Virginia Division of Corrections and Rehabilitation,USP HAZELTON,hifld_prisons,FEDERAL,NA,54,54077,OPEN,doc_excluded_local_jail,source type indicates local/federal jail or non-DOC facility,1640 SKY VIEW DR.,BRUCETON MILLS,Preston,39.67295836230066,-79.49687703534967
hifld_prisons_federal,West Virginia,NA,West Virginia Division of Corrections and Rehabilitation,USP HAZELTON CAMP,hifld_prisons,FEDERAL,NA,54,54077,OPEN,doc_excluded_local_jail,source type indicates local/federal jail or non-DOC facility,1640 SKY VIEW DR.,BRUCETON MILLS,Preston,39.67388098945591,-79.5032025935047
