review_reasons,state,county,agency,facility_guess,facility_name,source,facility_source_type,facility_operator_name,facility_source_state_fips,facility_source_county_fips,facility_status,match_type,match_score,facility_address,facility_city,facility_county,facility_latitude,facility_longitude
missing_coordinates; state_level_fuzzy; jails_prisons_source,Alabama,Frankin County,Franklin County Sheriff's Office,Franklin County Jail,Franklin County Jail,jails_prisons,JAILS,NA,NA,NA,NA,fuzzy_state_facility,1,748 Walnut Gate Road,Russellville,NA,NA,NA
missing_coordinates; state_level_fuzzy; jails_prisons_source,Louisiana,Grant Parish,Grant Parish Sheriff's Office,Grant Parish Jail,Grant Parish Jail,jails_prisons,JAILS,NA,NA,NA,NA,fuzzy_state_facility,1,485 Richardson Drive,Colfax,NA,NA,NA
low_confidence_fuzzy,Florida,Pasco County,Pasco County Board of County Commissioners/ Pasco County Corrections,Pasco County Board Of County Commissioners/ Pasco County Corrections,PASCO COUNTY SHERIFFS OFFICE / PASCO COUNTY DETENTION FACILITY WEST JAIL,hifld,SHERIFF'S OFFICE,NA,12,12101,OPEN,fuzzy_county_facility,0.7888789505068575,8700 CITIZEN DRIVE,NEW PORT RICHEY,Pasco,28.2681159,-82.6699356
low_confidence_fuzzy,Florida,Volusia County,Volusia County Division of Corrections,Volusia County Division Of Corrections,VOLUSIA COUNTY SHERIFF - CIVIL DIVISION,hifld,SHERIFF'S OFFICE,NA,12,12127,OPEN,fuzzy_county_facility,0.846994301994302,101 CANAL STREET,NEW SMYRNA BEACH,Volusia,29.0257628,-80.9213051
state_level_fuzzy,Tennessee,Louden County,Louden County Sheriff's Office,Louden County Jail,CITY OF LOUDON POLICE DEPARTMENT,hifld,LOCAL POLICE DEPARTMENT,NA,47,47105,OPEN,fuzzy_state_facility,0.8666666666666667,100 CEDAR STREET,LOUDON,Loudon,35.7418876,-84.3340218
state_level_fuzzy,Virginia,Alleghany County,Alleghany County Sheriff's Office,Alleghany County Jail,ALLEGHANY REGIONAL JAIL,hifld_prisons,COUNTY,NA,51,51580,OPEN,fuzzy_state_facility,0.9007326007326008,268 W MAIN ST,COVINGTON,Covington,37.79276602295681,-79.99573079150215
state_level_fuzzy,Louisiana,Ouachita Parish,Ouachita Parish Sheriff's Office,Ouachita Parish Jail,OUACHITA PARISH SHERIFFS OFFICE,hifld,SHERIFF'S OFFICE,NA,22,22073,OPEN,fuzzy_state_facility,0.903030303030303,"400 SAINT JOHN STREET, SUITE 301",MONROE,Ouachita,32.498650935,-92.115694229
state_level_fuzzy,Louisiana,Calacasieu Parish,Calcasieu Parish Sheriff's Office,Calcasieu Parish Jail,CALCASIEU PARISH SHERIFFS DEPARTMENT,hifld,SHERIFF'S OFFICE,NA,22,22019,OPEN,fuzzy_state_facility,0.9075514874141876,5400 EAST BROAD STREET,LAKE CHARLES,Calcasieu,30.2270933,-93.141241
state_level_fuzzy,Louisiana,Calcasieu Parish,Calcasieu Parish Sheriff's Office,Calcasieu Parish Jail,CALCASIEU PARISH SHERIFFS DEPARTMENT,hifld,SHERIFF'S OFFICE,NA,22,22019,OPEN,fuzzy_state_facility,0.9075514874141876,5400 EAST BROAD STREET,LAKE CHARLES,Calcasieu,30.2270933,-93.141241
state_level_fuzzy,Louisiana,Lafayette Parish,Lafayette Parish Sheriff's Office,Lafayette Parish Jail,LAFAYETTE PARISH SHERIFFS DEPARTMENT,hifld,SHERIFF'S OFFICE,NA,22,22055,OPEN,fuzzy_state_facility,0.9075514874141876,316 WEST MAIN STREET,LAFAYETTE,Lafayette,30.2231079,-92.0216074
state_level_fuzzy,Louisiana,Lafourche Parish,Lafourche Parish Sheriff's Office,Lafourche Parish Jail,LAFOURCHE PARISH SHERIFFS DEPARTMENT,hifld,SHERIFF'S OFFICE,NA,22,22057,OPEN,fuzzy_state_facility,0.9075514874141876,200 CANAL BOULEVARD,THIBODAUX,Lafourche,29.797976461,-90.818596307000007
state_level_fuzzy,Louisiana,Plaquemines Parish,Plaquemines Parish Sheriff's Office,Plaquemines Parish Jail,PLAQUEMINES PARISH SHERIFFS OFFICE,hifld,SHERIFF'S OFFICE,NA,22,22075,OPEN,fuzzy_state_facility,0.9154285714285714,301 MAIN STREET,BELLE CHASSE,Plaquemines,29.8568444,-89.9835302
state_level_fuzzy,Louisiana,German Coast County,St. Charles Parish Sheriff's Office,St. Charles Parish Jail,SAINT CHARLES PARISH SHERIFFS DEPARTMENT,hifld,SHERIFF'S OFFICE,NA,22,22089,OPEN,fuzzy_state_facility,0.9188811188811188,15045 RIVER ROAD,HAHNVILLE,St. Charles,29.9637814,-90.4065549
state_level_fuzzy,Louisiana,Pointe Coupee Parish,Pointe Coupee Parish Sheriff's Office,Pointe Coupee Parish Jail,POINTE COUPEE PARISH SHERIFFS OFFICE,hifld,SHERIFF'S OFFICE,NA,22,22077,OPEN,fuzzy_state_facility,0.9188811188811188,215 EAST MAIN STREET,NEW ROADS,Pointe Coupee,30.694088,-91.4326291
state_level_fuzzy,Louisiana,Chalmette Parish,St. Bernard Parish Sheriff's Office,St. Bernard Parish Jail,ST. BERNARD PARISH PRISON,hifld_prisons,COUNTY,NA,22,22087,OPEN,fuzzy_state_facility,0.931060606060606,1900 PARIS RD,CHALMETTE,St. Bernard,29.935922209608105,-89.96749827989674
state_level_fuzzy,Michigan,Berrian County,Berrian County Sheriff's Office,Berrian County Jail,BERRIEN COUNTY JAIL,hifld_prisons,COUNTY,NA,26,26021,OPEN,fuzzy_state_facility,0.9336363636363636,919 PORT ST,ST. JOSEPH,Berrien,42.109698618768824,-86.47625543151034
state_level_fuzzy,Arkansas,Pop County,Pope County Sheriff's Office,Pope County Jail,POPE COUNTY JAIL,hifld_prisons,COUNTY,NA,05,05115,OPEN,fuzzy_state_facility,1,3 EMERGENCY LN,RUSSELLVILLE,Pope,35.28007851932625,-93.10875291774472
state_level_fuzzy,Louisiana,Bossier Parish,Bossier Parish Sheriff's Office,Bossier Parish Jail,BOSSIER PARISH JAIL,hifld_prisons,COUNTY,NA,22,22015,NOT AVAILABLE,fuzzy_state_facility,1,204 BURT BLVD,BENTON,Bossier,32.67998864411897,-93.74362840806222
state_level_fuzzy,Louisiana,Jefferson Parish,Kenner Police Department,Kenner City Jail,KENNER CITY JAIL,hifld_prisons,LOCAL,NA,22,22051,OPEN,fuzzy_state_facility,1,500 VETERANS BLVD,KENNER,Jefferson,30.006468765738305,-90.26417170384602
state_level_fuzzy,Louisiana,Tangipahoa Parish,Hammond Police Department,Hammond City Jail,HAMMOND CITY JAIL,hifld_prisons,LOCAL,NA,22,22105,OPEN,fuzzy_state_facility,1,303 EAST THOMAS STREET,HAMMOND,Tangipahoa,30.505122386410726,-90.45819290033688
state_level_fuzzy,Texas,Zavala Couny,Zavala County Sheriff's Office,Zavala County Jail,ZAVALA COUNTY JAIL,hifld_prisons,COUNTY,NA,48,48507,OPEN,fuzzy_state_facility,1,200 E UVALDE ST,CRYSTAL CITY,Zavala,28.679451137123472,-99.82694644768179
