page,text,ori_tokens
5,"Requests for additions, deletions, or corrections of ORI's should",ADDITIONS;DELETIONS
8,CORRECTIONS AND *SHERIFF'S OFFICE BIRMINGHAM JEFFERSON AL0010000,JEFFERSON;AL0010000
15,ARIZONA STATE PRISON FLORENCE N/A AZ0119500 KEARNY PD KEARNY PINAL AZ0110900,AZ0119500;AZ0110900
15,*ARIZONA STATE PRISON FLORENCE N/A AZ0119500 “SHERIFF'S OFFICE PRESCOTT YAVAPAI AZ0130000,AZ0119500;AZ0130000
29,weners ree vanePomt . ome corrtonn SOUTH LAKE TAHOE PD SOUTH LAKE TAHOE EL DORADO CA0090200,CA0090200
34,CORRECTIONS CRESTED BUTTE PD CRESTED BUTTE GUNNISON 00260300,
35,CORRECTIONS MINES,
45,DIVISION OF CORRECTIONS TALLAHASSEE N/A FLDOCO00O “HIGHWAY PATROL FORT LAUDERDALE N/A ELFHPO9O0,FLDOCO00O;ELFHPO9O0
49,SHERIFF'S OFFICE FORT PIERCE ST. LUCIE FL0560000 “DIVISION OF CORRECTIONS TALLAHASSEE N/A FLDOCO000 rd,FL0560000;FLDOCO000
81,CORRECTIONS *STATE POLICE LIGONIER N/A INISP2100 ‘,INISP2100
96,*STATE PENITENTIARY EDDYWILLE N/A KY0720100 ;,EDDYWILLE;KY0720100
124,HART PD HART OCEANA Ml6446200 JACKSON PRISON JACKSON N/A MI3897600,ML6446200;MI3897600
125,DRIVER SERVICES MARQUETTE PRISON MARQUETTE N/A Mi5297800,MARQUETTE;MARQUETTE;MI5297800
125,CORRECTIONS *CHOCOLAY TWP PD MARQUETTE MARQUETTE MI5231200,MARQUETTE;MARQUETTE;MI5231200
125,LINCOLN PD LINCOLN ALCONA M10153300 CORRECTIONS,M10153300
135,LYLE PD LYLE MOWER MNO500600 CORRECTIONS,MNO500600
142,jpeomrsorme roma faery | seers corres cook ceva,
165,*NEVADA STATE PRISON CARSON CITY IND. CITY (WAS — NV0130300 SHERIFF'S OFFICE ELKO ELKO Nvo040000,NV0130300;NVO040000
165,NEVADA STATE PRISON CARSON CITY IND. CITY (WAS —NV0130300 IMMIGRATION AND RENO N/A NVINSREOO,NV0130300;NVINSREOO
170,*VOORHEES TOWNSHIP PD —-BERLLIN CAMDEN NJ0043400 CORRECTIONS CENTER PD,NJ0043400
172,ESSEX COUNTY CORRECTIONS CALDWELL ESSEX NJ0072600 GLOUCESTER CITY PD GLOUCESTER CITY CAMDEN NJ0041400,NJ0072600;NJ0041400
174,*SOUTH BRUNSWICK MONMOUTH JUNCTION MIDDLESEX NJ0122100 NEW JERSEY STATE PRISON TRENTON STATEWIDE NJ0225200,BRUNSWICK;MIDDLESEX;NJ0122100;STATEWIDE;NJ0225200
178,*NEW JERSEY STATE PRISON TRENTON STATEWIDE Nu0225200 WEEHAWKEN TOWNSHIP PD = WEEHAWKEN HUDSON NJ0091100,STATEWIDE;NU0225200;WEEHAWKEN;WEEHAWKEN;NJ0091100
179,CORRECTION CENTER AGENCIES INTERNAL REVENUE SERVICE NEWARK N/A NJIRS2200,NJIRS2200
180,CHAMA PD CHAMA RIO ARRIBA NM0210200 MAGDALENA PD MAGDALENA SOCORRO NM0280200,NM0210200;MAGDALENA;MAGDALENA;NM0280200
180,"CORRALES PD CORRALES SANDOVAL NM0230300 NAVAJO TRIBAL PD WINDOW ROCK, ARIZONA MC KINLEY NMO170200",NM0230300;NMO170200
181,SANTA ROSA PD SANTA ROSA GUADALUPE _NM0100100 STATE POLICE SOCORRO N/A NMNSP1100,GUADALUPE;NMNSP1100
181,SHERIFF'S OFFICE SOCORRO SOCORRO NM0280000 NORTHERN PUEBLOS,NM0280000
181,SOCORRO PD SOCORRO SOCORRO NM0280100 NATIONALMONUMENT,NM0280100
181,“STATE POLICE SOCORRO N/A NMNSP1100 CARLSBAD CAVERNS CARLSBAD N/A NMD100600,NMNSP1100;NMD100600
181,“SHERIFF'S OFFICE SOCORRO SOCORRO NM0280000 NATIONALPARK,NM0280000
203,TARHEEL ARMY MISSILE PLANT BURLINGTON N/A NCUSAD400 NORTH CAROLINA RALEIGH N/A NCDCORROO,NCUSAD400;NCDCORROO
209,CINCINNATI PD DETENTION CINCINNATI N/A OHCIP1100 PD,DETENTION;OHCIP1100
228,LEHIGH PD LEHIGH COAL 0K0150500 *STATE PENITENTIARY MCALESTER N/A OKOSPO000,0K0150500;MCALESTER;OKOSPO000
229,CORRECTIONS PANAMA PD PANAMA LE FLORE 0K0402200,0K0402200
232,STATE PENITENTIARY MCALESTER N/A OKOSPO000 THREE SANDS PD THREE SANDS Kay 0K0361600,MCALESTER;OKOSPO000;0K0361600
235,*STATE POLICE LINCOLN CITY N/A OROSP2200 OREGON CORRECTIONS SALEM N/A OROPPROOO,OROSP2200;OROPPROOO
236,"SECURITY ""OREGON CORRECTIONS SALEM N/A OROPPROOO",OROPPROOO
242,COALDALE PD COALDALE SCHUYLKILL PA0541300 CORRY PD CORRY ERIE PA0250100,PA0541300;PA0250100
242,COALPORT PD COALPORT CLEARFIELD PAQ171300 “SHERIFF'S OFFICE CORRY ERIE PA0250000,PAQ171300;PA0250000
242,COATESVILLE PD COATESVILLE CHESTER PA0150100 “STATE POLICE CORRY N/A PAPSP1 400,PA0150100
255,SEVEN SPRINGS PD CHAMPION SOMERSET PA0561900 SHERIFF'S OFFICE CORRY ERIE PAN250000,PA0561900;PAN250000
257,STATE POLICE CORRY N/A PAPSP1400 STATE POLICE SHAMOKIN N/A PAPSP7800,PAPSP1400;PAPSP7800
264,ANDREWS PD ANDREWS GEORGETOWN — SC0220100 CORRECTIONS,SC0220100
264,BONNEAU PD BONNEAU BERKELEY $C0080200 CORRECTIONS,
284,CORRIGAN PD CORRIGAN POLK 1X1870400 DALWORTHINGTON PD ARLINGTON TARRANT 7X2200700,1X1870400;ARLINGTON;7X2200700
287,“RAMONA PD HIDALGO HIDALGO TX1081200 CORRECTIONS,TX1081200
295,STAMFORD PD STAMFORD JONES ™X1270400 CORRECTIONS,
300,AMALGA PD SMITHFIELD CACHE uT0030200 *UTAH STATE PRISON DRAPER SALT LAKE UT0180800,UT0030200;UT0180800
303,UTAH STATE PRISON DRAPER SALT LAKE UT0180800 FORT DOUGLAS SALT LAKE CITY N/A UTUSAO100,UT0180800;UTUSAO100
314,ORTING PD ORTING PIERCE WA0271300 *WASHINGTON CORRECTION SHELTON MASON WA0230600,WA0271300;WA0230600
315,SOAP LAKE PD SOAP LAKE GRANT WwA0130400 WASHINGTON CORRECTION SHELTON MASON WA0230600,WA0230600
315,STATE PENITENTIARY WALLA WALLA WALLA WALLA — WA0360400 WASHINGTON STATE PATROL EPHRATA N/A WAWSP6300,WA0360400;WAWSP6300
315,*STATE PENITENTIARY WALLA WALLA WALLA WALLA — WA0360400 WINTHROP PD WINTHROP OKANOGAN WA0241000,WA0360400;WA0241000
335,ANNISTON 7TH CIRCUIT COURT CALHOUN ALO1 10154 BIRMINGHAM JUVENILE DETENTION CENTER JEFFERSON AL001033C,DETENTION;JEFFERSON;AL001033C
335,ARAB CITY RECORDER'S COURT MARSHALL ALO50011 BIRMINGHAM MUNICIPAL PRISON JEFFERSON ALODIO1IC,MUNICIPAL;JEFFERSON;ALODIO1IC
335,ATMORE HOLMAN UNIT-PRISON FARM ESCAMBIA ALO30025C BREWTON COUNTY CORONER'S OFFICE ESCAMBIA AL030013M,ALO30025C;AL030013M
335,ATMORE PRISON FARM ESCAMBIA ALO30015C BREWTON COUNTY JUVENILE COURT ESCAMBIA AL030023J,ALO30015C;AL030023J
336,COLUMBIANA COUNTY PROBATE COURT SHELBY ALO59013J ELMORE DRAPER CORRECTIONAL ELMORE AL029015C,ALO59013J;AL029015C
337,FLINT CITY JUVENILE DETENTION HOME = MORGAN AL052013C GREENVILLE COUNTY SOLICITOR’S OFFICE BUTLER ALO10013A,DETENTION;AL052013C;SOLICITOR;ALO10013A
338,HUNTSVILLE JUVENILE DETENTION HOME MADISON AL047013C MOBILE BOYS DETENTION HOME MOBILE AL002013C,DETENTION;AL047013C;DETENTION;AL002013C
338,HURTSBORO CITY RECORDER'S COURT RUSSELL ALO57011J MOBILE GIRLS DETENTION HOME MOBILE AL002023C,HURTSBORO;ALO57011J;DETENTION;AL002023C
339,MONTGOMERY FEDERAL PRISON CAMP MONTGOMERY — AL003017C OZARK DISTRICT ATTORNEY DALE AL026015A,AL003017C;AL026015A
339,MONTGOMERY KILBY CORRECTIONS FACILITY MONTGOMERY — AL003025C OZARK PROBATION DEPARTMENT DALE ALO26013G,AL003025C;PROBATION;ALO26013G
339,CORRECTIONS PHENIX CITY ALABAMA BOARD OF PARDONS RUSSELL ALO57015G,ALO57015G
340,AND PAROLES WETUMPKA JULIE TUTWILLER PRISON ELMORE AL029035C,TUTWILLER;AL029035C
341,ANCHORAGE DISTRICT ATTORNEY ANCHORAGE AKO20015A CORRECTIONAL INSTITUTE,ANCHORAGE;ANCHORAGE;AKO20015A;INSTITUTE
341,ANCHORAGE U. 8. MAGISTRATE ANCHORAGE = AKO200174 KETCHIKAN JUVENILE DETENTION HOME KETCHIKAN AK130025C,ANCHORAGE;ANCHORAGE;AKO200174;KETCHIKAN;DETENTION;KETCHIKAN;AK130025C
341,BETHAL MAGISTRATE'S COURT BETHEL AKO50025J KETCHIKAN STATE JAIL AND DETENTION KETCHIKAN AK130015C,AKO50025J;KETCHIKAN;DETENTION;KETCHIKAN;AK130015C
341,FAIRBANKS NORTH REGION CORRECTIONAL FAIRBANKS AK090015C NENANA MAGISTRATE'S COURT won KAU. AK290025),FAIRBANKS;FAIRBANKS;AK090015C
341,JUNEAU DIVISION OF CORRECTIONS JUNEAU AK110035C OFFICE TERSBURG,AK110035C
343,BISBEE JUVENILE DETENTION HOME COCHISE AZ002023C FLORENCE ARIZONA STATE PRISON PINAL AZ011015C,DETENTION;AZ002023C;AZ011015C
343,BUCKEYE GILA BEND CITY MARICOPA AZOO7I71A FLORENCE FEDERAL DETENTION CENTER PINAL AZO11017C,AZOO7I71A;DETENTION;AZO11017C
343,CHINLE JUSTICE COURT APACHE AZ001033) GLOBE COUNTY JUVENILE DETENTION GILA AZ004033C,DETENTION;AZ004033C
343,CLIFTON SUPERIOR COURT GREENLEE AZ006015J DETENTION HOME,AZ006015J;DETENTION
344,HOLBROOK JUSTICE COURT PRECINCT 1 NAVAJO AZ009013J CORRECTIONS,AZ009013J
344,KINGMAN roMe JUVENILE DETENTION = MOHAVE AZOOGOT9C PHOENIX CITY PROSECUTOR'S OFFICE MARICOPA AZOO7OBIA,DETENTION;AZOOGOT9C;AZOO7OBIA
344,KINGMAN COUNTY PROBATION MOHAVE 70080136 PHOENIX COMMUNITY CORRECTIONAL CE MARICOPA AZ007035C,PROBATION;COMMUNITY;AZ007035C
344,KINGMAN SUPERIOR COURT MOHAVE Az0080154 PHOENIX COUNTY JUVENILE DETENTION MARICOPA AZ007023C,AZ0080154;DETENTION;AZ007023C
345,SAFFORD FEDERAL PRISON CAMP GRAHAM AZ005017C TUCSON CITY COURT PIMA AZ010011G,AZ005017C;AZ010011G
347,GOULD MAYOR'S COURT LINCOLN ARO40011J HOT SPRINGS JUVENILE DETENTION HALL GARLAND ARO26013C,ARO40011J;DETENTION;ARO26013C
347,|] CORRECTIONS HOT SPRINGS PROSECUTING ATTORNEY GARLAND ARO26015A,ARO26015A
348,LITTLE ROCK PENAL FARM PULASK! AR060013C MENA MUNICIPAL COURT POLK ARO57011J,AR060013C;MUNICIPAL;ARO57011J
349,|] CORRECTIONS SILOAM SPRINGS MUNICIPAL COURT BENTON AR004031J,MUNICIPAL;AR004031J
350,TUCKER STATE PENITENTIARY JEFFERSON _ARO35015C WHITE HALL MAYOR'S COURT JEFFERSON = AROG5021J,JEFFERSON;JEFFERSON;AROG5021J
351,AZUSA DETENTION CAMP 14 LOS ANGELES — CA019103C BRAWLEY WESTMORLAND GITY ATTORNEY IMPERIAL CA013061A,DETENTION;CA019103C;CA013061A
351,BAKERSFIELD DISTRICT ATTORNEY KERN CA015013A BURLINGAME FEDERAL PRISON SERVICE SAN MATEO CA041017C,CA015013A;CA041017C
351,BAKERSFIELD SUPERIOR COURT KERN CAQT5013J CALABASAS DETENTION CAMP 16 LOS ANGELES CA019123C,CAQT5013J;CALABASAS;DETENTION;CA019123C
352,CHINO INSTITUTION FOR MEN SAN BERNARDI. CA036015C CRESCENT CITY JUVENILE DETENTION HALL DEL NORTE CA008013C,CA036015C;DETENTION;CA008013C
353,CORRECTIONSSPECIAL FREMONT MUNICIPAL COURT ALAMEDA CA001073J,MUNICIPAL;CA001073J
354,HANFORD JUSTICE COURT KINGS CA016033J LA CANADA DETENTION CAMP 18 LOS ANGELES —CA019143C,CA016033J;DETENTION;CA019143C
355,LOMPOC FEDERAL CORRECTIONAL SANTA BARBARA CA042017C LOS ANGELES VINEWOOD CENTER LOS ANGELES CA019015C,CA042017C;CA019015C
355,LOMPOC FEDERAL PRISON CAMP SANTA BARBARA CA042027C LOS ANGELES WOMENS’ BOARD OF TERMS LOS ANGELES CA019015G,CA042027C;CA019015G
355,LOS ANGELES CITY HALL MEDICAL EXAMINER LOS ANGELES CA019019M MALIBU DETENTION CAMP 13 LOS ANGELES —CA019093,CA019019M;DETENTION
356,MILPITAS MEN'S DETENTION FACILITY SANTA CLARA CA043033C OAKLAND COUNTY COUNSEL ALAMEDA CA001023A,DETENTION;CA043033C;CA001023A
356,MILPITAS WOMEN’S DETENTIONN FACILITY SANTA CLARA CA043023C OAKLAND COUNTY JAIL ALAMEDA CA001023C,CA043023C;CA001023C
357,PLEASANTON FEDERAL YOUTH CENTER N/A CA001027C REPRESA STATE PRISON AT FOLSOM SACRAMENTO —- CA034015C,CA001027C;CA034015C
358,SALINAS COUNTY DETENTION CAMP MONTEREY cAa027043C SAN DIEGO DISTRICT ATTORNEY SAN DIEGO caoa7023a,DETENTION;CAOA7023A
358,SALINAS COUNTY PAROLE BOARD MONTEREY CA027023G CORRECTIONALCENTER,CA027023G
358,SALINAS DISTRICT ATTORNEY MONTEREY CA027013A CORRECTIONALCENTER (MALE),CA027013A
359,» SAN JOSE COUNTY PROBATION SANTA CLARA —CA043013G SAN QUENTIN STATE PRISON MARIN CA021015C,PROBATION;CA043013G;CA021015C
360,SANTA BARBARA COUNTY PAROLE BOARD SANTA BARBARA CA042023G SOLEDAD CORRECTIONAL TRAINING MONTEREY CA027015C,CA042023G;CA027015C
360,SAUGUS DETENTION CAMP 11 LOS ANGELES CA019073C SUSANVILLE DISTRICT ATTORNEY LASSEN CADTBO13A,DETENTION;CA019073C;CADTBO13A
360,SAUGUS DETENTION CAMP 12 LOS ANGELES — CA019083C SUSANVILLE SUPERIOR COURT LASSEN CA018013J,DETENTION;CA019083C;CA018013J
360,SAUGUS DETENTION CAMP 17 LOS ANGELES CA019193C SUSANVILLE U. S. MAGISTRATE LASSEN CA018017J,DETENTION;CA019193C;CA018017J
360,PARK TEHACHAPI CORRECTIONAL INSTITUTION KERN CA015015C,TEHACHAPI;CA015015C
360,SNELLING JUSTICE COURT MERCED CA0240934 TERMINAL ISLAND FEDERAL CORRECTIONAL LOS ANGELES CA019017C,CA0240934;CA019017C
361,TERMINAL ISLAND FEDERAL CORRECTIONAL LOS ANGELES — CA019037C VICTORVILLE MUNICIPAL COURT SAN BERNARDI CA036053J,CA019037C;MUNICIPAL;CA036053J
361,TUJUNGA DETENTION CAMP 15 LOS ANGELES — CA019119C WASCO CITY ATTORNEY KERN CADISOS1A,DETENTION;CA019119C;CADISOS1A
361,|] VENTURA LOMA HALL VENTURA CA056043C WOODLAND COUNTY PRISON FARM YOLO CA0570236,CA056043C;CA0570236
363,CANON CITY COLORADO STATE PENITENTIA FREMONT c0022035C DEL NORTE 12TH DISTRICT COURT RIO GRANDE == C0053015J,C0022035C;C0053015J
363,CORRECTIONAL INSTITUTION DENVER CITY JAIL DENVER CO01601 16,
364,PROBATIONCENTER GRAND JUNCTION WESTERN SLOPE DETENTION MESA 0039015C,DETENTION
364,ENGLEWOOD JUVENILE DETENTION FACILITY ARAPOHOE €0003015C GRAND JUNCTION 91ST DISTRICT COURT MESA [00290184,ENGLEWOOD;DETENTION
365,LAS ANIMAS MUNICIPAL COURT BENT 0006011 DETENTIONCENTER,MUNICIPAL
367,BRIDGEPORT JUVENILE COURT FAIRFIELD CT001095J HADDAM STATE CORRECTIONAL CENTER MIDDLESEX CT004015C,FAIRFIELD;CT001095J;MIDDLESEX;CT004015C
367,BRIDGEPORT STATE CORRECTIONAL CENTER FAIRFIELD CT001015C HARTFORD BOARD OF PAROLE HARTFORD CT002015G,FAIRFIELD;CT001015C;CT002015G
367,» BROOKLYN STATE CORRECTIONAL CENTER WINDHAM CTOOBOISC HARTFORD PROSECUTING ATTORNEY HARTFORD —»-CTOO2055AA,CTOOBOISC
367,BURLINGTON PROBATE COURT HARTFORD C1002295J HARTFORD STATE CORRECTIONAL CENTER HARTFORD cT002025C,C1002295J;CT002025C
367,CANAAN PROBATE COURT LITCHFIELD CT003185J HARTFORD STATE DETENTION HOME HARTFORD cT002045C,CT003185J;DETENTION;CT002045C
367,COLCHESTER PROBATE COURT NEW LONDON =—-CT006145J HAZARDVILLE STATE PRISON OSBORN HARTFORD €T002015C,CT006145J
367,DANBURY FEDERAL CORRECTIONAL FAIRFIELD cT001017C KILLINGWORTH PROBATE COURT NEW HAVEN —s-CT005115U,FAIRFIELD;CT001017C;CT005115U
367,DANBURY STATE CORRECTIONAL CENTER FAIRFIELD C€T001025C LITCHFIELD PROBATE COURT LITCHFIELD CT003165J,FAIRFIELD;CT003165J
367,DANBURY SUPERIOR COURT FAIRFIELD CT001285J LITCHFIELD STATE CORRECTIONAL CENTER LITCHFIELD CT003015C,FAIRFIELD;CT001285J;CT003015C
368,MONTVILLE STATE CORRECTIONAL CENTER NEW LONDON CT006025C RIDGEFIELD PROBATE COURT FAIRFIELD CT001175J,MONTVILLE;CT006025C;FAIRFIELD;CT001175J
368,NEW HAVEN STATE CORRECTIONAL CENTER NEW HAVEN CT005025C SIMSBURY PROBATE COURT HARTFORD CT002135J,CT005025C;CT002135J
368,NEW HAVEN STATE DETENTION HOME NEW HAVEN CT005045C SOMERS PROBATE COURT TOLLAND CT007065J,DETENTION;CT005045C;CT007065J
368,NEW HAVEN STATE'S ATTORNEY NEW HAVEN CTOOSO25A SOMERS STATE PRISON TOLLAND CTe07015C,CTOOSO25A;CTE07015C
368,NIANTIC CONNECTICUT CORRECTIONAL NEW LONDON — CTO06015C THOMPSON PROBATE COURT WINDHAM CT008115J,CTO06015C;CT008115J
368,NORTH BRANFORD PROBATE COURT NEW HAVEN CT005195J TOLLAND STATE CORRECTIONAL CENTER TOLLAND cT007025¢,CT005195J
370,CLAYMONT STATE CORRECTIONAL NEW CASTLE DE002025C SEAFORD JUSTICE COURT 4 SUSSEX DE0O3073J,DE002025C;DE0O3073J
370,CLAYMONT WOODS HAVEN KRUSE SCHOOL NEW CASTLE DE002085C CORRECTIONSBUREAU OF,DE002085C
370,FOR GIRLS ADULT CORRECTIO,CORRECTIO
370,DOVER ATTORNEY GENERAL KENT DEQ01015A SMYRNA STATE CORRECTIONAL NEW CASTLE DE002015C,DEQ01015A;DE002015C
370,DISTRICT 2 WILMINGTON BRIDGE HOUSE DETENTION FOR NEWCASTLE DE002095C,DETENTION;NEWCASTLE;DE002095C
370,DOVER STATE CORRECTIONAL KENT DE001015C WILMINGTON CHIEF MEDICAL EXAMINER NEW CASTLE DE002015M,DE001015C;DE002015M
370,GEORGETOWN COUNTY REGISTER'S COURT SUSSEX DE003023J CORRECTIONSJUVENILE,DE003023J
370,GEORGETOWN JUSTICE COURT 3 SUSSEX DE003063J CORRECTIONS,DE003063J
370,GEORGETOWN STATE CORRECTIONAL SUSSEX DE003015C WILMINGTON JUSTICE COURT 10 NEW CASTLE —_ DE0O2053J,DE003015C;DE0O2053J
371,"LORTON, VA D. C, CORRECTIONAL COMPLEX N/A DC001051C DEPT",DC001051C
371,"WASHINGTON, D.C. BUR OF PRISONS. N/A pc0010176 WASHINGTON, D.C. —_U. S. PROBATION OFFICE N/A 1C001017G",PC0010176;PROBATION;1C001017G
372,APALACHICOLA COUNTY ATTORNEY'S OFFICE FRANKLIN FLO19023A BELLE GLADE GLADES CORRECTIONAL PALM BEACH —FLO50015C,FLO19023A;FLO50015C
372,ARCADIA STATE CORRECTIONAL DE SOTO FLO14015C OFFICE,FLO14015C
372,AVON PARK STATE CORRECTIONAL HIGHLANDS FLO28015C BONIFAY COUNTY JUVENILE PROBATION HOLMES FL030013G,HIGHLANDS;FLO28015C;PROBATION;FL030013G
373,BROOKSVILLE DIVISION OF CORRECTIONS © HERNANDO FLO27013C CLEARWATER STATE ATTORNEY'S OFFICE PINELLAS FLOS2015A,FLO27013C;FLOS2015A
373,BUSHNELL STATE CORRECTIONAL SUMTER FLOG001SC COTTONDALE MUNICIPAL COURT JACKSON FLO3201 4,FLOG001SC;MUNICIPAL
373,CHATTAHOOCHEE APALACHEE CORRECTIONAL GADSDEN FLO20015C DISTRICT 19,APALACHEE;FLO20015C
374,CROSS CITY COUNTY PROSECUTOR'S OFFICE DIXIE FLO1S019A DELANO COUNTY PRISON FARM VOLUSIA FLOB4013C,FLO1S019A;FLOB4013C
374,DAYTONA BEACH COUNTY PROSECUTOR'S VOLUSIA FLO64013A EGLIN AFB FEDERAL PRISON CAMP OKALOOSA FLO46017C,FLO64013A;FLO46017C
375,FORT MYERS COUNTY DETENTION HOME LEE FLO36013C GAINESVILLE CITY PROSECUTOR'S OFFICE ALACHUA FLOOIO21A,DETENTION;FLO36013C;FLOOIO21A
375,FORT MYERS COUNTY JUVENILE PROBATION LEE FLO36019G GAINESVILLE COUNTY DETENTION CENTER ALACHUA FL001023C,PROBATION;FLO36019G;DETENTION;FL001023C
375,FORT PIERCE COUNTY COURT ST. LUCIE F.056013) GAINESVILLE SANTE FE CORRECTIONAL ALACHUA FLO01015C,FLO01015C
375,FORT PIERCE COUNTY DETENTION HOME ST. LUCIE FLO56013C GAINESVILLE a,DETENTION;FLO56013C
376,IMMOKALEE COUNTY CRIMINAL COURT COLLIER FLO11043J JASPER COUNTY PRISON HAMILTON FLO24013C,IMMOKALEE;FLO11043J;FLO24013C
376,INVERNESS COUNTY JUDGES COURT CITRUS 10090334 KEY WEST COUNTY DETENTION HOME MONROE FL044023C,INVERNESS;DETENTION;FL044023C
376,DETENTIONDEPARTMENT COUNTY JUVENILE COURT,
376,JACKSONVILLE CITY PRISON FARM DUVAL FLO16021C KEY WEST U. S. DISTRICT COURT MONROE FLO44017J,FLO16021C;FLO44017J
376,JACKSONVILLE COUNTY PRISON FARM DUVAL FLO16031C KISSIMMEE COUNTY JUVENILE PROBATION OSCEOLA FL049013G,FLO16031C;KISSIMMEE;PROBATION;FL049013G
377,LAKE BUTLER COUNTY PROSECUTOR'S OFFICE UNION FLO63013A LOWELL STATE CORRECTIONAL MARION £1042015C,FLO63013A
377,LAKE CITY COUNTY DETENTION CENTER COLUMBIA FLO120130 MACCLENNY COUNTY JUDGE'S COURT BAKER 10020134,DETENTION;FLO120130;MACCLENNY
377,SUB-OFFICE MARIANNA COUNTY PRISON CAMP JACKSON FLO32013C,FLO32013C
378,MIAMI COUNTY CORRECTIONS AND DADE FLO13013C MILTON STATE ATTORNEY'S BRANCH = SANTA ROSA _—FLOS7105A,FLO13013C;FLOS7105A
378,MIAMI FEDERAL CORRECTIONAL N/A FLOIIOITG MOORE HAVEN COUNTY JUDGE'S COURT GLADES FLO22013J,FLOIIOITG;FLO22013J
379,NORTH BAY VILLAGE CITY COURT DADE FLOW3111J ORLANDO CITY PRISON FARM ORANGE FLO48011C,FLOW3111J;FLO48011C
379,OFFICE ORLANDO COUNTY DETENTION HOME ORANGE FLO48023C,DETENTION;FLO48023C
379,OAKLAND PARK CITY PROSECUTOR'S OFFICE BROWARD FLOO6091A ORLANDO COUNTY PRISON FARM ORANGE FLO48013C,FLOO6091A;FLO48013C
380,PANAMA CITY COUNTY DETENTION HOME BAY FLO03013C PLANT CITY STATE ATTORNEY'S BRANCH HILLSBOROUGH —FL029105A,DETENTION;FLO03013C;FL029105A
380,PENSACOLA COUNTY PRISON ESCAMBIA FLO17013C PUNTA GORDA PO OUNTY JOVEN COURT CHARLOTTE FLO08019G,PENSACOLA;FLO17013C;CHARLOTTE;FLO08019G
381,RAIFORD STATE PRISON UNION FLOB3015C SOUTH DAYTONA CITY ATTORNEY'S OFFICE VOLUSIA FLOGSIO1A,FLOB3015C;FLOGSIO1A
381,SARASOTA COUNTY SMALL CLAIMS COURT SARASOTA FLOS8033J ST. PETERSBURG COUNTY JUVENILE DETENTION PINELLAS FLO52013C,FLOS8033J;DETENTION;FLO52013C
381,SARASOTA DEPARTMENT OF AFTERCARE - SARASOTA FLO58015G ST. PETERSBURG COUNTY JUVENILE DETENTION PINELLAS FL062013G,AFTERCARE;FLO58015G;DETENTION;FL062013G
381,SEBRING JUVENILE DETENTION CENTER — HIGHLANDS FLO28013C OFFICE NO. 4,DETENTION;HIGHLANDS;FLO28013C
382,DISTRICT 47 TAMPA COUNTY PRISON HILLSBOROUGH FL029013C,FL029013C
382,TALLAHASSEE COUNTY JUVENILE DETENTION LEON FLO37013¢ TAMPA U. & ATTORNEY HRLSBOROUGH F.020017A,DETENTION
382,TALLAHASSEE oeesaus. CORRECTION ROAD LEON FLOS7015C TARPON SPRINGS MUNICIPAL COURT PINELLAS FLOS2151J,FLOS7015C;MUNICIPAL;FLOS2151J
382,TALLAHASSEE FEDERAL CORRECTIONAL LEON FLO37017C TAVARES COUNTY JUDGE'S COURT LAKE FLossoa3J,FLO37017C;FLOSSOA3J
382,TALLAHASSEE STATE DIVISION OF CORRECT LEON FLO37105C TAVARES STH CIRCUIT COURT LAKE FLO38015J,FLO37105C;FLO38015J
383,TITUSVILLE U. S. MAGISTRATE BREVARD FLOOSO17) WEST PALM BEACH COUNTY DETENTION HOME FOR ST. JOHNS FLOSS043C>,DETENTION;FLOSS043C
383,VENICE MUNICIPAL COURT SARASOTA FL0580214 WEST PALM BEACH — SABAL PALM DETENTION HOME PALM BEACH — FL050033C,MUNICIPAL;FL0580214;DETENTION;FL050033C
384,AMERICUS CIVIL AND CRIMINAL COURT SUMTER GA129013) ATLANTA FEDERAL PRISON SERVICE FULTON Gansoog7C,GANSOOG7C
384,AMERICUS DISTRICT ATTORNEY SUMTER GA1290154 ATLANTA PRISON FARM FULTON GA0S0021C,GA1290154;GA0S0021C
385,ATLANTA U.S. PENITENTIARY FULTON GA060017C BAXLEY CITY ATTORNEY'S OFFICE APPLING GA00101 1A,GA060017C
385,AUGUSTA COUNTY CORRECTIONAL INST! RICHMOND GA121033C BLACKSHEAR CITY ATTORNEY'S OFFICE PIERCE GA11301 1A,GA121033C
385,BAINBRIDGE PRISON BRANCH DEKALB GA044015C BRUNSWICK COUNTY JUVENILE COURT GLYNN GA0G3013J,GA044015C;BRUNSWICK;GA0G3013J
387,DETENTIONHOME CUMMING PROBATION DEPARTMENT FORSYTH GAO58015G,PROBATION;GAO58015G
388,CUSSETA COUNTY PROBATE COURT CHATTAHOO- —«GA026013J DECATUR COUNTY DETENTION HOME DEKALB GA044028¢,CHATTAHOO;GA026013J;DETENTION
388,DAWSON COUNTY CORRECTIONAL TERRELL GA135013C DUBLIN COUNTY JUVENILE COURT LAURENS GA0870234,GA135013C;GA0870234
389,EATONTON COUNTY CORRECTIONAL PUTNAM GA117013C FOLKSTON COUNTY JUVENILE COURT CHARLTON GA0240230,GA117013C;GA0240230
390,GAINESVILLE REGIONAL DETENTION CENTER HALL GA069015C HAMILTON COUNTY JUVENILE COURT HARRIS «no720081,DETENTION;GA069015C
390,GAINESVILLE SUPERIOR COURT HALL GA069018J HAMILTON COUNTY PRISON CAMP HARRIS GA072013C,GA069018J;GA072013C
390,aay COUNTY PROBATE COURT TONES aveson3) HAWKINSVILLE PRISON BRANCH PULASKI GA116015C,GA116015C
391,JASPER COUNTY CORONER'S OFFICE PICKENS GA112013M LA GRANGE COUNTY CORRECTIONAL TROUP GA141013C,GA112013M;GA141013C
391,JESUP PRISON BRANCH WAYNE GA151015C LAVONIA CITY ATTORNEY'S OFFICE FRANKLIN GA059011A,GA151015C;GA059011A
391,JONESBORO COUNTY DETENTION HOME CLAYTON GA031013C LAWRENCEVILLE COUNTY PROBATE COURT GWINNETT GA067043J,JONESBORO;DETENTION;GA031013C;GA067043J
392,LEESBURG COUNTY CORONER'S OFFICE LEE GA088013M MACON COUNTY DETENTION HOME BiBe GAO11013C,GA088013M;DETENTION;GAO11013C
392,LEESBURG PRISON BRANCH LEE GA0e8015C MACON COUNTY PROBATION OFFICE —_BIBB GA0110136,GA0E8015C;PROBATION;GA0110136
392,LOUISVILLE COUNTY PRISON JEFFERSON GA081043C MADISON COUNTY CORONER'S OFFICE © MORGAN GA104013M,JEFFERSON;GA081043C;GA104013M
392,LOUISVILLE PRISON BRANCH JEFFERSON GA081015C MADISON COUNTY PROBATE COURT MORGAN GA104013J,JEFFERSON;GA081015C;GA104013J
393,MCDONOUGH DISTRICT ATTORNEY HENRY GA07S5015A MONTICELLO PRISON CAMP JASPER GA079013C,MCDONOUGH;GA079013C
393,MILLEDGEVILLE COLONY FARMS PRISON CAMP BALDWIN GA005015C MOULTRIE PROBATION DEPARTMENT coLouirT GA035015G,GA005015C;PROBATION;GA035015G
393,MILLEDGEVILLE COUNTY SMALL CLAIMS COURT BALDWIN GA005033U MOUNT VERNON PRISON BRANCH MONTGOMERY GA103015C,GA005033U;GA103015C
393,MONROE COUNTY PRISON WALTON GA1470136 NEWNAN COUNTY SOLICITOR’S OFFICE © COWETA GA0S8023A,GA1470136;SOLICITOR;GA0S8023A
393,MONTEZUMA PRISON BRANCH BIBB GAO 10250 NEWTON COUNTY JUVENILE COURT BAKER GA004013U,MONTEZUMA;GA004013U
394,PEARSON COUNTY COURT ATKINSON GA002023J REIDSVILLE STATE PRISON TATTNALL GA132015C,GA002023J;GA132015C
394,PERRY COUNTY CORONER'S OFFICE HOUSTON GA076013M ROME BATTEY HOSPITAL PRISON FLOYD GA0S7015C,GA076013M;GA0S7015C
394,PERRY PRISON CAMP HOUSTON GA076013C ROME COUNTY PROBATE COURT FLOYD GA057033J,GA076013C;GA057033J
395,D SAVANNAH COUNTY DETENTION HOME 2 CHATHAM GA025023¢ STATESBORO CITY ATTORNEY'S OFFICE BULLOCH GA016011A,DETENTION;GA016011A
395,SAVANNAH COUNTY DETENTION HOME 1 = CHATHAM GA025013C STATESBORO COUNTY ATTORNEY'S OFFICE — BULLOCH GA016013A,DETENTION;GA025013C;GA016013A
395,SAVANNAH PRISON BRANCH CHATHAM GA025015C STATESBORO DISTRICT ATTORNEY BULLOCH GA016015A,GA025015C;GA016015A
395,SAVANNAH U. S. ATTORNEY CHATHAM GAO25017A STONE MOUNTAIN STONE MOUNTAIN PRISON DEKALB GA044025C,GAO25017A;GA044025C
397,VALDOSTA LOWNDES-TROUPEVILLE PRISON LOWNDES GA092015C SUPERIOR COURT,GA092015C
397,VALDOSTA U.S. DISTRICT COURT LOWNDES GA0920174 WAYCROSS WARE CORRECTIONAL WARE GA148015C,GA0920174;GA148015C
397,WARM SPRINGS MERIWETHER PRISON BRANCH MERIWETHER GA099015C WILLACOOCHEE MAYOR'S COURT ATKINSON Ga002021 J,GA099015C
398,HILO COUNTY PROSECUTOR'S OFFICE HAWAI! HI001013A KAILUA YOUTH CORRECTIONAL FACILITY HONOLULU H1002055C,HI001013A;H1002055C
398,HONOLULU JUVENILE DETENTION HOME = HONOLULU H10020456 WAHIAWA aca RURAL DISTRICT HONOLULU 110021584,DETENTION;H10020456;110021584
398,HONOLULU seoutt t 2045 WAILUKU DETENTION HOME SECOND _KAUAI Hi004025¢,DETENTION
398,STATE PRISON HONOLULU CIRCUIT COURT,
399,BOISE BOARD OF CORRECTIONS ADA 100010156 EMMETT COUNTY CORONER'S OFFICE GEM 10023013M,100010156;10023013M
399,BOISE STATE PENITENTIARY ADA 10001015C GRANGEVILLE CITY ATTORNEY'S OFFICE IDAHO 100250114,10001015C;100250114
400,POCATELLO JUVENILE DETENTION HOME = BANNOCK 10003013C TWIN FALLS PROSECUTING ATTORNEY'S TWIN FALLS 1D042013A,POCATELLO;DETENTION;10003013C;1D042013A
401,ANNA LEGAL ADVISORY’S OFFICE UNION ILOS1021A CARBONDALE DEPARTMENT OF CORRECTIONS JACKSON {L039015G,ILOS1021A
401,CORRECTIONS CARLINVILLE 7TH CIRCUIT COURT MACOUPIN 1L059015J,1L059015J
401,BENTON COUNTY CORONER'S OFFICE = FRANKLIN 11.028013M CHAMPAIGN DEPARTMENT OF CORRECTIONS CHAMPAIGN 10100256,CHAMPAIGN;CHAMPAIGN
402,CHICAGO DEPARTMENT OF CORRECTIONS COOK iL016035¢ BKON COUNTY PROBATION OFFICE LEE tosot9G,PROBATION
402,CHICAGO HOUSE OF CORRECTIONS COOK 1L016033C DUNDEE VILLAGE ATTORNEY'S OFFICE KANE 10450414,1L016033C
402,CORRECTIONALCENTER WOMEN,
402,CORRECTIONALCENTER EAST MOLINE CITY ATTORNEY'S OFFICE ROCK ISLAND —_IL081021A,
402,BOYS EAST ST. LOUIS DEPARTMENT OF CORRECTIONS ST CLAIR 10820256 @,
402,CHICAGO SOCIAL SERVICE DEPARTMENT COOK 110160836 EAST ST. LOUIS DEPARTMENT OF CORRECTIONS SANGAMON —_1L084015G,110160836
402,cuicago VILLAGE PROSECUTOR cooK overtta EDWARDSVILLE COUNTY DETENTION HOME MADISON 1L.060013C,DETENTION
403,GENEVA COUNTY CORRECTIONS COMPLE KANE 1L0450336 JACKSONVILLE COUNTY CORONER'S OFFICE MORGAN 1L069013M,1L0450336;1L069013M
403,SOLCONDA coury PORONERS OFFICE ope ioveoray JOLIET DEPARTMENT OF CORRECTIONS WILL 1L09g055C,1L09G055C
403,» GOLCONDA 1ST CIRCUIT COURT POPE 1L076016J JOLIET STATE PENITENTIARY AT Wik ILog9035C,1L076016J;ILOG9035C
403,GRAFTON PERE MARQUETTE BOYS CAMP JERSEY 1L042015C JOLIET STATE PENITENTIARY WILL 1L099025C,MARQUETTE;1L042015C;1L099025C
404,JOLIET STATE PENITENTIARY- WILL ILO99015C MAKANDA GIANT CITY STATE BOYS CAMP JACKSON 1L038018C,ILO99015C;1L038018C
404,JONESBORO STATE'S ATTORNEY UNION 1L091013A MARION FEDERAL PRISON CAMP WILLIAMSON #1000270,JONESBORO;1L091013A
404,JUSTICE VILLAGE ATTORNEY’S OFFICE COOK 1L016231A MARION U. S. PENITENTIARY WILLIAMSON IL100017C,1L016231A;IL100017C
404,LEWISTOWN COUNTY ADULT PROBATION FULTON 1L029013G MENARD MENARD CORRECTIONAL CENTE RANDOLPH ILO79015C,LEWISTOWN;PROBATION;1L029013G;ILO79015C
404,OFFICE MENARD STATE PENITENTIARY- RANDOLPH 1LO79025C,1LO79025C
404,LINCOLN 11TH CIRCUIT COURT LOGAN 1Lo54018J MOLINE DEPARTMENT OF CORRECTIONS ROCK ISLAND _ IL081015G,1LO54018J;IL081015G
405,NASHVILLE 90TH CIRCUIT COURT WASHINGTON (0960184 PEORIA DEPARTMENT OF CORRECTIONS PEORIA 1L072025G,NASHVILLE;1L072025G
405,OTTAWA COUNTY DETENTION HOME LASALLE 1L050013C PITTSFIELD 8TH CIRCUIT COURT PIKE 110750154,DETENTION;1L050013C;110750154
406,PONTIAC PONTIAC CORRECTIONAL CENT LIVINGSTON 1L053015C AUSHVILLE CITY ATTORNEY'S OFFICE SCHUYLER \L085011A,1L053015C;AUSHVILLE
406,ROCK HILLS CITY ATTORNEY'S OFFICE WHITESIDE ILO8011A SHERIDAN SHERIDAN CORRECTIONAL CEN LASALLE ILos0025¢,WHITESIDE
406,ROCK ISLAND U. S. MAGISTRATE ROCK ISLAND —_1L081027J CORRECTIONS,
406,ROCKFORD COUNTY JUVENILE DETENTION WINNEBAGO —_—IL101013C SPRINGFIELD COURT OF CLAIMS SANGAMON ——_IL064035J,DETENTION;WINNEBAGO;IL101013C
406,HOME SPRINGFIELD DEPARTMENT OF CORRECTIONS SANGAMON 1L084025C,1L084025C
406,ROCKFORD PROBATION DEPARTMENT {7TH WINNEBAGO —_{L101015G CORRECTIONS,PROBATION;WINNEBAGO
407,HEADQUARTERS VANDALIA VANDALIA CORRECTIONAL GEN FAYETTE 1L026015C,1L026015C
407,ST. CHARLES STATE TRAINING SCHOOL FOR KANE 1L045035C VIENNA STATE PENITENTIARY JOHNSON 1Lo4ao15c,1L045035C;1LO4AO15C
410,CLAYPOOL CLAY TOWNSHIP JUSTICE KOSCIUSKO IN043021J CROWN POINT COUNTY DETENTION HOME LAKE INo45023C,KOSCIUSKO;IN043021J;DETENTION;INO45023C
411,ENGLISH COUNTY PROBATION CRAWFORD INO13023G FRANKLIN DEPARTMENT OF CORRECTIONS JOHNSON IN041015G,PROBATION;INO13023G;IN041015G
412,GREENSBURG COUNTY CORONER'S OFFICE DECATUR INO16013M INDIANAPOLIS DEPARTMENT OF CORRECTIONS MARION INo49026G,INO16013M;INO49026G
412,HUNTINGBURG CITY ATTORNEY'S OFFICE DUBOIS NO19011A INDIANAPOLIS WOMEN’S PRISON MARION IN049015C,IN049015C
414,MARION COUNTY DETENTION HOME GRANT IN027013C MOUNT VERNON CITY ATTORNEY'S OFFICE POSEY INO65O11A,DETENTION;IN027013C;INO65O11A
414,MICHIGAN CITY STATE PRISON LA PORTE INO46015C NEW ALBANY COUNTY CORONER'S OFFICE — FLOYD INO22013M,INO46015C;INO22013M
416,SHOALS COUNTY PROBATION OFFICE = MARTIN INO51013G TERRE HAUTE FEDERAL PRISON CAMP VIGO iNO84027C,PROBATION;INO51013G;INO84027C
416,SOUTH BEND SUPERIOR COURT NO. 1 ST. JOSEPH INO71023J TERRE HAUTE U. S. PENITENTIARY VIGO INOB4017C,INO71023J;INOB4017C
420,DUBUQUE JUVENILE PROBATION OFFICE DUBUQUE 1A031015G FORT MADISON STATE PENITENTIARY LEE 1A056015C,PROBATION;1A031015G;1A056015C
428,JETMORE CITY ATTORNEY HODGEMAN KS042011A LANSING CORRECTIONAL INSTITUTION LEAVENWORTH — KS052015C,KS042011A;KS052015C
428,JETMORE COUNTY COURT HODGEMAN KS0420134 LANSING STATE PENITENTIARY LEAVENWORTH — KS052025C,KS0420134;KS052025C
428,KANSAS CITY COUNTY PAROLE OFFICE WYANDOTTE —_-KS105013G LEAVENWORTH FEDERAL PRISON CAMP LEAVENWORTH — KS052027C,WYANDOTTE;KS105013G;KS052027C
428,KANSAS CITY JUVENILE DETENTION HOME =» WYANDOTTE ~—=—KS105013C LEAVENWORTH U. S. DISTRICT COURT LEAVENWORTH — KS052017J,DETENTION;WYANDOTTE;KS105013C;KS052017J
428,KANSAS CITY U. 8. ATTORNEY WYANDOTTE —-KS105017A LEAVENWORTH U. S. PENITENTIARY LEAVENWORTH — KS052017C,WYANDOTTE;KS105017A;KS052017C
431,SHAWNEE CITY ATTORNEY JOHNSON KS046121A TOPEKA DEPARTMENT OF CORRECTION SHAWNEE K$089035C,KS046121A
431,TOPEKA ATTORNEY GENERAL SHAWNEE KSOB9015A WAKEENEY JUVENILE DETENTION HALL TREGO kS098013C,KSOB9015A;DETENTION;KS098013C
431,TOPEKA CORRECTIONAL VOCATIONAL SHAWNEE KS089045C WAMEGO CITY ATTORNEY POTTAWATOMIE KSO75021A,KS089045C;KSO75021A
432,WATHENA POLICE COURT DONIPHAN KS022031J WICHITA PRISON FARM SEDGWICK KS087011C,KS022031J;KS087011C
432,WICHITA JUVENILE DETENTION WARD — SEDGWICK KS087033C YATES. CENTER POLICE COURT WOODSON KS104011J,DETENTION;KS087033C;KS104011J
434,BOARD : COVINGTON JUVENILE DETENTION HOME JOHNSON KY058923C,COVINGTON;DETENTION;KY058923C
434,CHENOA DEPARTMENT OF CORRECTIONS BELL KY007015C DANVILLE COUNTY QUARTERLY COURT — BOYLE KYOH1013J,KY007015C;QUARTERLY;KYOH1013J
434,COVINGTON CITY POLICE COURT KENTON KY059051J EDDYVILLE STATE PENITENTIARY LYON KY072015C,COVINGTON;KY059051J;EDDYVILLE;KY072015C
436,DETENTIONHOME JENKINS CITY POLICE COURT LETCHER KYO67011J,KYO67011J
437,LEXINGTON FEDERAL CORRECTIONAL N/A KY034027C,LEXINGTON;KY034027C
437,LEXINGTON FEDERAL CORRECTIONAL N/A Kv0340170 LOUISVILLE U. $. PROBATION OFFICE JEFFERSON KY056017G,LEXINGTON;KV0340170;PROBATION;JEFFERSON;KY056017G
439,PEEWEE VALLEY CORRECTIONAL INSTITUTION OLDHAM Ky093025C RUSSELLVILLE COUNTY PROBATION'S OFFICE LOGAN KYO71013G,KY093025C;PROBATION;KYO71013G
442,ANGOLA STATE PENITENTIARY WEST FELICIANA LA063015C BROUSSARD MAYOR'S COURT LAFAYETTE LA02801 14,FELICIANA;LA063015C;BROUSSARD;LAFAYETTE
442,BATON ROUGE DEPARTMENT OF CORRECTIONS EAST BATON _LAO17035C COTTONPORT CORONER'S OFFICE AVOYELLES ———_LA005013M,AVOYELLES
442,ROUGE DE QUINCY CORRECTIONAL AND CALCASIEU LAQ10015C,CALCASIEU;LAQ10015C
443,FRANKLIN DISTRICT ATTORNEY ST.MARY LAOSI015A LAFAYETTE DEPARTMENT OF CORRECTIONS LAFAYETTE LA028013G,LAOSI015A;LAFAYETTE;LAFAYETTE;LA028013G
443,GRETNA onoaarion AND PAROLE JEFFERSON Lane609s@ LAKE CHARLES JUVENILE DETENTION CENTER — CALCASIEU LA010013C,ONOAARION;JEFFERSON;DETENTION;CALCASIEU;LA010013C
443,HARRISONBURG TH DISTRICT COURT CATAHOULA LA013015) LAKE PROVIDENCE PRISON DISTRICT 1 JUDICIAL EAST CARROLL LA018013C,CATAHOULA;LA018013C
444,MONROE GREEN OAKS DETENTION HOME OUACHITA LA037013C OAK GROVE DISTRICT ATTORNEY WEST CARROLL LA062015A,DETENTION;LA037013C;LA062015A
444,NEW ORLEANS HOUSE OF DETENTION ORLEANS LA0360216 RAYNE CITY COURT ACADIA LA0010234,DETENTION;LA0360216;LA0010234
444,NEW ORLEANS PARISH PRISON ORLEANS LA036011C SHREVEPORT CITY ATTORNEY'S OFFICE CADDO LA009011A,LA036011C;LA009011A
444,NEW ORLEANS SUPREME COURT ORLEANS LA036035J SHREVEPORT PARISH CORRECTION CADDO LAQ09013C ©,LA036035J;LAQ09013C
445,ST. GABRIEL CORRECTIONAL INSTITUTE FO IBERVILLE LA024015C VIAN JUSTICE OF PEACE COURT canoo «00090113,INSTITUTE;IBERVILLE;LA024015C
446,HEALTH & CORRECTIONS MACHIAS PROBATION & PAROLE DISTRICT WASHINGTON — ME015015G,PROBATION;ME015015G
446,"ELLSWORTH STH DISTRICT COURT HANCOCK ME005025,) SOUTH WINDHAM MEN’S CORRECTIONAL CENTER CUMBERLAND = ME003015C",ELLSWORTH;ME003015C
446,FARMINGTON COUNTY ATTORNEY'S OFFICE = FRANKLIN ME004013A THOMASTON - STATE PRISON KNOX ME007015C,ME004013A;THOMASTON;ME007015C
447,ANNAPOLIS COUNTY DETENTION CENTER © ANNE ARUNDEL MD002013C BEL AIR COUNTY PROBATION HARFORD MD013013 G,ANNAPOLIS;DETENTION;MD002013C;PROBATION
447,BALTIMORE DIVISION OF CORRECTIONS INDEPENDENT MD004025C CENTERVILLE STATE ATTORNEY'S OFFICE QUEEN ANNES MD01901<3A,BALTIMORE;MD004025C
447,BALTIMORE DIVISION OF CORRECTIONS BALTIMORE MD003025C CHELTENHAM BOY'S VILLAGE OF MARYLAND PRINCE GEORG. MD017025C,BALTIMORE;BALTIMORE;MD003025C;MD017025C
447,BALTIMORE GROUP HOME FOR GIAL’S INDEPENDENT — MD004075C CHU Ite EASTERN CORRECTIONAL CAMP QUEEN ANNES — MD01801 5G,BALTIMORE;MD004075C
448,FREDERICK COUNTY JUVENILE PROBATION FREDERICK MD011013G QUANTICO POPLAR HILL CORRECTIONAL WICOMICO D023015C,FREDERICK;PROBATION;FREDERICK;MD011013G
448,HAGERSTOWN CITY ATTORNEY'S OFFICE WASHINGTON MD022011A ROCKVILLE COUNTY DETENTION CENTER MONTGOMERY 00160130,MD022011A;ROCKVILLE;DETENTION
448,HAGERSTOWN STATE CORRECTIONAL WASHINGTON —_ MD022025C SABILLASVILLE VICTOR F. CULLEN TRAINING FREDERICK MD011015C,MD022025C;FREDERICK;MD011015C
448,HAGERSTOWN STATE CORRECTIONAL WASHINGTON MD022015C SALISBURY COUNTY ORPHAN'S COURT WICOMICO MD023023J,MD022015C;SALISBURY;MD023023J
448,CORRECTIONAL CAMP SNOW HILL STATE ATTORNEY'S OFFICE WORCESTER MD024019A @,WORCESTER;MD024019A
448,JESSUP CORRECTIONAL CAMP CENTER ANNE ARUNDEL MD002025C TOWSON COUNTY ORPHAN'S COURT BALTIMORE MD003033J,MD002025C;BALTIMORE;MD003033J
448,JESSUP CORRECTIONAL INSTITUTION ANNE ARUNDEL MD002015C TOWSON PATENT BALTIMORE =——_- MD0030196,MD002015C;BALTIMORE;MD0030196
448,JESSUP HOUSE OF CORRECTION ANNE ARUNDEL MD002035C TOWSON ooo BALTIMORE = 400030236,MD002035C;BALTIMORE;400030236
448,LA PLATA STATE ATTORNEY'S OFFICE CHARLES wD009023A UPPER MARLBORO COUNTY DETENTION CENTER PRINCE GEORG- MD017013C,WD009023A;DETENTION;MD017013C
449,AYER COUNTY PROBATION MIDDLESEX MAQ091236 BRIOGEWATER CORRECTIONAL INSTITUTE PLYMOUTH MAQ12025C,PROBATION;MIDDLESEX;MAQ091236;INSTITUTE;MAQ12025C
449,CORRECTIONS BROCKTON COUNTY SUPERIOR COURT PLYMOUTH MAG12073J,MAG12073J
449,BOSTON DEPARTMENT OF CORRECTIONS SUFFOLK MA013095C CHICOPEE sOSTCT GGURT OFFICE = HAMPDEN MA007033G,MA013095C;MA007033G
449,DIVISION CORRECTIONS,
450,EAST CAMBRIDGE COUNTY. SUPERIOR COURT MIDDLESEX MA009013J CORRECTIONS,CAMBRIDGE;MIDDLESEX;MA009013J
450,FRAMINGHAM CORRECTIONAL INSTITUTE MIDDLESEX MA009025C MALDEN FIRST DISTRICT COURT MIDDLESEX MA009083),INSTITUTE;MIDDLESEX;MA009025C;MIDDLESEX
450,GLOUCESTER COUNTY DISTRICT COURT ESSEX MA0050134 MONROE RIDGE CORRECTIONAL INSTITUTE FRANKLIN MA006025C,MA0050134;INSTITUTE;MA006025C
450,GREAT BARRINGTON COUNTY DISTRICT COURT BERKSHIRE MA002033J CORRECTIONS,BERKSHIRE;MA002033J
450,"DEPARTMENT, DISTRICT CORRECTIONS",
450,IPSWICH THIRD DISTRICT COURT ESSEX MA005103J NORFOLK CORRECTIONAL INSTITUTE NORFOLK MAQ11025C,MA005103J;INSTITUTE;MAQ11025C
451,ORANGE CORRECTIONAL INSTITUTE FRANKLIN MA006015C SPRINGFIELD COUNTY SUPERIOR COURT SPR HAMPDEN MA007013J,INSTITUTE;MA006015C;MA007013J
451,CORRECTIONS SUPERIOR COURT,
451,"PLYMOUTH CORRECTIONAL INSTITUTE PLYMOUTH MA012015C DEPARTMENT, SECOND",INSTITUTE;MA012015C
451,SALEM COUNTY JAIL AND HOUSE OF — ESSEX MA005013C WEST CONCORD CORRECTIONAL INSTITUTE MIDDLESEX MA009015C,MA005013C;INSTITUTE;MIDDLESEX;MA009015C
451,CORRECTIONS WEST NEWTON COUNTY PROBATION MIDDLESEX MA009103G,PROBATION;MIDDLESEX;MA009103G
451,SALEM DISTRICT ATTORNEY'S OFFICE ESSEX MAO05015A WESTFIELD COUNTY DETENTION CENTER = HAMPDEN MA00701 SC,MAO05015A;WESTFIELD;DETENTION
451,SOUTH WALPOLE CORRECTIONAL INSTITUTE NORFOLK MA011015C WILLIAMSTOWN U. S. MAGISTRATE BERKSHIRE MA0020274,INSTITUTE;MA011015C;BERKSHIRE;MA0020274
452,CORRECTIONS WORCESTER DISTRICT ATTORNEY'S OFFICE WORCESTER © MAOI4015A,WORCESTER;WORCESTER;MAOI4015A
452,WORCESTER COUNTY DETENTION CENTER WORCESTER — MAQ14015C SUPERIOR COURT,WORCESTER;DETENTION;WORCESTER;MAQ14015C
453,ALPENA CORRECTION CENTER ALPENA Ml040015C BALDWIN COUNTY MEDICAL EXAMINER LAKE MI430013M,ML040015C;MI430013M
453,ANN ARBOR CORRECTION CENTER WASHTENAW —MI810075C BAY CITY CORRECTION CENTER BAY Mi0g0015C,WASHTENAW;MI810075C;MI0G0015C
454,BAY CITY COURT PROBATION OFFICE BAY Ml0900116 CADILLAC CORRECTION CENTER WEXFORD Mig30025C,PROBATION;ML0900116;MIG30025C
454,CADILLAC CAMP HOXEY WORK CAMP WEXFORD MI830015C CHARLEVOIX CORRECTION CENTER CHARLEVOIX —-MI150015C,MI830015C;MI150015C
455,CHEBOYGAN CORRECTION CENTER CHEBOYGAN —- MI160015C 66TH DISTRICT COURT,CHEBOYGAN;CHEBOYGAN;MI160015C
455,CLIO CITY ATTORNEY'S OFFICE GENESEE MI250011A DETROIT CORRECTIONS CENTER WAYNE wig20015C,MI250011A;WIG20015C
456,DETROIT WOMEN'S CORRECTIONS WAYNE mi820025C FLINT COUNTY MEDICAL EXAMINER GENESEE MI250013M,MI820025C;MI250013M
456,EAGEL RIVER COUNTY PROBATE COURT KEWEENAW Ml420013J FLINT STATE CORRECTION CENTER GENESEE Ml250015C,ML420013J;ML250015C
456,ESCANABA CORRECTION CENTER DELTA mi210015¢ GALESBURG CITY PROSECUTOR'S OFFICE KALAMAZOO —MI390011A,GALESBURG;KALAMAZOO;MI390011A
457,GRAND HAVEN CORRECTION CENTER OTTAWA uiroootsc GROSSE POINTE FARMS CITY ATTORNEY'S OFFICE WEXFORD mig30091 A,UIROOOTSC
457,GRAND RAPIDS STATE CORRECTION CENTER KENT Mi410015C HART COUNTY JUVENILE OCEANA Mi640023G,MI410015C;MI640023G
458,2NOISTRICT COURT IRON MOUNTAIN CORRECTION CENTER DICKINSON Mi220015C @,DICKINSON;MI220015C
458,HOLLAND CORRECTION CENTER OTTAWA Mi700026C IRON MOUNTAIN COUNTY PROBATION OFFICE IRON 13600136,MI700026C;PROBATION
458,HOUGHTON 12TH CIRCUIT COURT HOUGHTON MI310015J IRONWOOD CORRECTION CENTER GOGEBIC Mi270025C,MI310015J;MI270025C
459,JACKSON CORRECTION CENTER JACKSON MIg80055C OFFICE,MIG80055C
459,JACKSON STATE PRISON OF SOUTHERN JACKSON MI380045C LANSE COUNTY PROBATION OFFICE ONTONAGON MI660013G,MI380045C;PROBATION;ONTONAGON;MI660013G
459,KALAMAZOO CORRECTION CENTER KALAMAZOO —&€MI390035C LANSING BOY'S TRAINING SCHOOL INGHAM Mi330015C,KALAMAZOO;KALAMAZOO;MI390035C;MI330015C
459,] PROBATIONDEPARTMENT LANSING CORRECTION CENTER INGHAM MI330025C>,MI330025C
459,KALAMAZOO PINE LAKE CORRECTION KALAMAZOO = MI390015¢ LANSING DEPARTMENT OF CORRECTIONS INGHAM MI330035C,KALAMAZOO;KALAMAZOO;MI330035C
459,CENTER LANSING MICHIGAN CORRECTIONS INGHAM Mi330045C,MI330045C
460,LUDINGTON CORRECTION CENTER MASON MIs30025C MARSHALL ‘COUNTY PROBATE COURT CALHOUN Mi130023I.,LUDINGTON;MIS30025C;MI130023I
460,MANISTEE CORRECTION CENTER MANISTEE MI510015C MASON 85TH DISTRICT COURT INGHAM Maz00854,MI510015C
460,MANISTEE COUNTY PROBATE COURT MANISTEE Ml510013J MENOMINEE CORRECTION CENTER MENOMINEE _-MI880018¢,ML510013J;MENOMINEE;MENOMINEE
460,MANISTIQUE COUNTY PROSECUTOR'S OFFICE SCHOOLCRAFT MI770013A MIDLAND CORRECTION CENTER MIDLAND MI560015C,MI770013A;MI560015C
460,MARQUETTE BRANCH PRISON MARQUETTE Mi520015C MIDLAND PAROLE OFFICE MIDLAND MI560015G,MARQUETTE;MARQUETTE;MI520015C;MI560015G
461,MILAN FEDERAL CORRECTIONAL WASHTENAW MI810017C MT. PLEASANT COUNTY PROBATION OFFICE GLADWIN MI260013G,WASHTENAW;MI810017C;PROBATION;MI260013G
461,MONROE CORRECTION CENTER MONROE MI580015C MUNISING COUNTY PROSECUTOR'S OFFICE ALGER Mlo20013A,MI580015C;MLO20013A
461,OFFICE MUSKEGON CORRECTION'S CENTER MUSKEGON MI610015C,MI610015C
461,MONROE PAROLE OFFICE MONROE wise001sG MUSKEGON MUSKEGON CORRECTION MUSKEGON Mi610035C,WISE001SG;MI610035C
461,MT. PLEASANT CORRECTION CENTER {SABELLA MI370015C OAK PARK 45-B DISTRICT COURT OAKLAND Ml630115J,MI370015C;ML630115J
462,PAW PAW COURT PROBATION OFFICE VAN BUREN MI800011G PORT HURON CORRECTIONS CENTER SAINT CLAIR M7405,PROBATION;MI800011G
462,PETOSKEY CORRECTION CENTER EMMET Mi240025C PORT HURON PAROLE OFFICE SAINT CLAIR MI740015G,MI240025C;MI740015G
462,PLYMOUTH DETENTION HOUSE OF WAYNE 182001 1C RIVER ROUGE CITY ATTORNEY'S OFFICE WAYNE MI820221A,DETENTION;MI820221A
462,CORRECTIONS RIVER ROUGE 26TH DISTRICT COURT (MUN) WAYNE Mi820255J,MI820255J
462,PLYMOUTH WOMEN'S CORRECTIONAL WAYNE Mi820055C RIVERVIEW CITY PROBATION DEPARTMENT WAYNE MI820071G,MI820055C;RIVERVIEW;PROBATION;MI820071G
462,PONTIAC CORRECTION CENTER OAKLAND Mi630025C ROCKFORD CITY ATTORNEY'S OFFICE KENT MI410051A,MI630025C;MI410051A
463,ROMEO CITY ATTORNEY'S OFFICE MACOMB MI500091A SAINT JOSEPH BENTON HARBOR CORRECTION BERRIEN MI110015C,MI500091A;MI110015C
463,SAGINAW CORRECTIONS CENTER SAGINAW MI730015C SAULT STE MARIE COUNTY PROBATE COURT CHIPPEWA MI170023J,MI730015C;MI170023J
463,SAGINAW U. 8. MAGISTRATE SAGINAW MI730017J SAULT STE. MARIE CORRECTION CENTER MACKINAG Ml490015C,MI730017J;ML490015C
464,SPRINGFIELD CITY ATTORNEY'S OFFICE CALHOUN MI130051A TRAVERSE CITY CORRECTION CENTER GRAND TRA- —- MI280025C,MI130051A;MI280025C
464,ST. JOSEPH CORRECTION CENTER BERRIEN Mit y0026C TRAVERSE CITY COUNTY PROBATE COURT GRAND TRA. —_Ml280013J,
464,TAWAS CITY CORRECTION CENTER 10SCO MI350015C VICKSBURG CITY ATTORNEY'S OFFICE KALAMAZOO —MIS90051A,MI350015C;VICKSBURG;KALAMAZOO;MIS90051A
467,CAMBRIDGE COUNTY CORONER'S OFFICE SANTI MNO30013M CORRECTIONAL CENTER,CAMBRIDGE;MNO30013M
470,MAPLEWOOD COUNTY COURT DIVISION 6 RAMSEY MN062063J MOOSE LAKE PENAL CAMP | CARLTON unooso1sc,MAPLEWOOD;MN062063J;UNOOSO1SC
472,CORRECTION CENTER ST. LOUIS PARK MUNICIPAL COURT HENNEPIN MNOG27051d,MUNICIPAL
472,SLAYTON COUNTY CORONER'S OFFICE MURRAY MNO51013M CORRECTIONS FIELD,MNO51013M
472,PAROLE OFFICE CORRECTIONS,
473,ST. PAUL WOODVIEW DETENTION HOME RAMSEY MNO62033C WABASHA COUNTY PROBATION AND WABASHA MNO79013G,DETENTION;MNO62033C;PROBATION;MNO79013G
473,D STILLWATER STATE PRISON FOR MEN WASHINGTON — MNOB2015C WARREN COUNTY COURT MARSHALL MNO0450 13J,MNOB2015C
476,GREENWOOD COUNTY PENAL FARM LEFLORE MS042013C JACKSON COUNTY COURT DISTRICT 4 HINDS MS025013d,GREENWOOD;MS042013C;MS025013D
476,GREENWOOD PROBATION DEPARTMENT LEFLORE MS042013G JACKSON JUVENILE DETENTION HINDS MS025011C,GREENWOOD;PROBATION;MS042013G;DETENTION;MS025011C
476,HATTIESBURG PROBATION DEPARTMENT FORREST MS016013G LAMBERT STATE PENITENTIARY QUITMAN MS060015C,PROBATION;MS016013G;MS060015C
477,COUNTY YOUTH COURT PARCHMAN STATE PENITENTIARY SUNFLOWER MS067015C,SUNFLOWER;MS067015C
477,MOSS POINT CITY ATTORNEY'S OFFICE JACKSON MS030011A RAYMOND COUNTY PENAL FARM HINDS MS025013C,MS030011A;MS025013C
480,CAPE GIRARDEAU JUVENILE DETENTION HOME CAPE GIRAR- MOQ016013C CHILLIGOTHE COUNTY PROSECUTING LIVINGSTON MO059013A,GIRARDEAU;DETENTION;MO059013A
480,CHESTERFIELD COUNTY CORRECTIONAL ST. LOUIS MQ095023C CRANE COUNTY CORONER'S OFFICE = STONE MO105013M,MQ095023C;MO105013M
482,ATTORNEY CORRECTIONSDIVISION OF,
482,HIGGINSVILLE POLICE COURT LAFAYETTE MO054021J PENITENTIARY FOR ME,LAFAYETTE;MO054021J
482,HILLSBORO COUNTY MAGISTRATE COURT — JEFFERSON MO050023J JEFFERSON CITY STATE PENITENTIARY COLE MO026045C,HILLSBORO;JEFFERSON;MO050023J;JEFFERSON;MO026045C
483,KANSAS CITY CORRECTIONAL INSTITUTION JACKSON M0048011C KINGSTON COUNTY PROSECUTING CALDWELL MO01301 GA,M0048011C
483,KANSAS CITY COUNTY DETENTION HOME JACKSON wi0048063C KIRKSVILLE COUNTY MAGISTRATE COURT — ADAIR M00010234,DETENTION;M00010234
483,KANSAS CITY FEDERAL PRISON SERVICE = JACKSON mo048027C LANCASTER COUNTY CORONER'S OFFICE SCHUYLER MO0990 13M,MO048027C;LANCASTER
485,NEOSHO COUNTY DETENTION HOME NEWTON ¥40073013C PARIS COUNTY MAGISTRATE COURT | MONROE MO069023U,DETENTION;40073013C;MO069023U
486,ROLLA COUNTY PROBATION OFFICE © CRAWFORD M0028013G PRISONERS,PROBATION;M0028013G;PRISONERS
487,DISTRICT 6 TIPTON STATE CORRECTIONAL MONITEAU MO0680 15G,
487,"ST. LOUIS CRIMINAL CORRECTIONS COURT INDEPENDENT MO116041,) TRENTON COUNTY PROBATE COURT GRUNDY MO040013",
487,ST. LOUIS JUVENILE DETENTION CENTER INDEPENDENT — MO116031C TROY COUNTY CORONER'S OFFICE LINCOLN MO057013M,DETENTION;MO116031C;MO057013M
487,ST. LOUIS JUVENILE DETENTION HOME —_—ST. LOUIS. MO095043C OFFICE,DETENTION;MO095043C
490,DEER LODGE STATE PRISON POWELL MT039015C GERALDINE POLICE COURT CHOUTEAU MT008061J,MT039015C;GERALDINE;MT008061J
497,LINCOLN GOUNTY YOUTH DETENTION = LANCASTER = NB058013C NORTH BEND POLICE MAGISTRATE COURT DODGE NB027021 J,DETENTION;LANCASTER;NB058013C
497,LINCOLN crate PENAL CORRECTIONAL — LANCASTER NBOS5015C NORTH PLATTE COUNTY ATTORNEY'S OFFICE LOGAN NBDSTOISA,LANCASTER;NBOS5015C;NBDSTOISA
500,CARSON CITY MAXIMUM SECURITY PRISON INDEPENDENT NV018035C HENDERSON MUNICIPAL COURT CLARK nvooe0t,NV018035C;HENDERSON;MUNICIPAL
500,CARSON CITY MEDIUM SECURITY PRISON INDEPENDENT ~—_NVO018045C HIKO JUSTICE OF THE PEACE COURT LINCOLN Nvo09033J,NVO09033J
500,CARSON CITY STATE WOMEN'S PRISON INDEPENDENT — NV018025C OFFICE,NV018025C
502,EXAMINER'SOFFICE CORRECTION,
502,CORRECTION GRASMERE COUNTY HOUSE OF HILLSBORO NH006013C,HILLSBORO;NH006013C
502,CLAREMONT DISTRICT COURT SULLIVAN NHO10023J CORRECTION,CLAREMONT;NHO10023J
502,CONCORD STATE PRISON MERRIMACK NHO007015C LACONIA COUNTY PROBATE COURT BELKNAP NH001013J,MERRIMACK;NH001013J
503,OSSIPEE SUPERIOR COURT CARROLL NHO02015) CORRECTION AND JAIL,
504,AUDUBON PARK BOROUGH SOLICITOR CAMDEN NJoO4011A BERKLEY HEIGHTS G. HERLICH DETENTION CENTER UNION NJ020023C,SOLICITOR;NJOO4011A;DETENTION;NJ020023C
505,BOUND BROOK BOROUGH COUNSEL SOMERSET NJO18021A CALDWELL COUNTY PENITENTIARY ESSEX NJ007013C,NJO18021A;NJ007013C
507,EGG HARBOR COUNTY DETENTION HOUSE — ATLANTIC NJO01013C PRETRIALINTERVENTION,DETENTION;NJO01013C
508,FREEHOLD COUNTY YOUTH DETENTION © MONMOUTH —-NJO19013C HAINESPORT TOWNSHIP SOLICITOR BURLINGTON NJO03191A,DETENTION;NJO19013C;SOLICITOR;NJO03191A
509,JERSEY CITY COUNTY COURT HUDSON Nu00s0235 LEESBURG STATE PRISON FARM CUMBERLAND —_NJO06015C,NU00S0235
509,JERSEY CITY COUNTY PENITENTIARY HUDSON Nyo09023C LINDEN CITY ATTORNEY UNION Nu020071A,NYO09023C;NU020071A
510,MARLBORO STATE PRISON RAHWAY UNIT MONMOUTH NJ013025C MONTCLAIR MUNICIPAL COURT ESSEX NJoo7081J,NJ013025C;MONTCLAIR;MUNICIPAL;NJOO7081J
511,PROGRAM NEW LISBON COUNTY JUVENILE DETENTION BURLINGTON — NJ0030136,DETENTION;NJ0030136
512,NORTH BRUNSWICK COUNTY DETENTION HOME MIDDLESEX NJ012033C PARSIPPANY - ONTY YOUTH SHELT woneis NJotaogac,BRUNSWICK;DETENTION;MIDDLESEX;NJ012033C;NJOTAOGAC
513,PERRINEVILLE MILLSTONE MUNICIPAL COURT MONMOUTH — NJo1g42tJ RAHWAY STATE PRISON FARM UNION NJ020015C,MILLSTONE;MUNICIPAL;NJO1G42TJ;NJ020015C
515,SOLICITOR TRENTON STATE PRISON MERCER NJO11045C,SOLICITOR;NJO11045C
516,ATTORNEY WEST TRENTON STATE PRISON MERCER NJO11055C,NJO11055C
517,WOODBURY COUNTY PRISON GLOUCESTER NJO08013C WOODSTOWN Pi Paaints TOWNSHIP SALEM NUOT712 1A,NJO08013C;WOODSTOWN
517,PROGRAM CORRECTION CENTER,
518,ALBUQUERQUE couny JUVENILE DETENTION BERNALILLO NM001013G CLAYTON STATE MAGISTRATE UNION wMostots,DETENTION;NM001013G
520,ROSWELL ADULT PROBATION AND PAROLE CHAVES NM003013G SOCORRO CHIEF PROBATION OFFICE SOCORRO NM028015G,PROBATION;NM003013G;PROBATION;NM028015G
520,OFFICE SOCORRO CITY ATTORNEY SOCORRO NMO28021A,NMO28021A
520,aan on irony OFFICE raves pope SOCORRO DISTRICT ATTORNEY SOCORRO NM028015A,NM028015A
520,SOCORRO MAGDALENA CITY ATTORNEY SOCORRO NMO028011A,MAGDALENA
520,ROSWELL COUNTY CORONER'S OFFICE CHAVES NMO03013M SOCORRO MAGISTRATE COURT soconRo wo28023),NMO03013M
520,ROSWELL HAGERMAN CITY ATTORNEY — CHAVES NM003011A SOCORRO eves AND PAROLE SOCORRO Na0280256,NM003011A;NA0280256
520,ROSWELL MAGISTRATE COURT DIVISION 1 CHAVES NM0030234 SOCORRO STATE MAGISTRATE SOCORRO ntwo280254,NM0030234
520,ROSWELL MUNICIPAL COURT CHAVES wMoo3024J SOCORRO 7TH JUDICIAL DISTRICT COURT SOCORRO NM028015J,MUNICIPAL;WMOO3024J;NM028015J
520,SANTA FE JUVENILE DETENTION HOME SANTA FE NM026013C TRUTH OR STATE MAGISTRATE SIERRA wwo27018),DETENTION;NM026013C
520,SANTA FE STATE PENITENTIARY SANTA FE NM026015C BOARD,NM026015C
521,ALBION WESTERN CORRECTIONAL ORLEANS NY036025C,NY036025C
521,AFTON TOWN JUSTICE CHENANGO NYOOB091J ALDEN COUNTY CORRECTIONAL FACIL ERIE N¥014013C,NYOOB091J
521,ALBANY COUNTY PENITENTIARY ALBANY NY001013C ALMOND ACTING JUSTICE ALLEGANY NY002181J,NY001013C;NY002181J
521,CORRECTIONAL SERVICES ALTAMONT TOWN JUSTICE OF ALBANY NY0011915,NY0011915
521,CORRECTIONAL SERVICES ALTAMONT VILLAGE JUSTICE ALBANY NY001124J,NY001124J
522,ATTICA CORRECTIONAL FACILITY WYOMING NY060015C BARNES CORNERS TOWN JUSTICE OF WORTH JEFFERSON NY0222214,NY060015C;JEFFERSON;NY0222214
522,AUBURN PRISON CORRECTIONAL CAYUGA NY005015C BATAVIA SUPREME COURT GENESEE Nyota018J,NY005015C;NYOTA018J
522,AVA TOWN JUSTICE ONEIDA NvOd2111J BEACON FISHKILL CORRECTIONAL DUTCHESS NY019045C,NVOD2111J;NY019045C
522,AVOCA TOWN JUSTICE STEUBEN NY0504814 BEACON GLENHAM CORRECTIONAL DUTCHESS NY013035C,NY0504814;NY013035C
523,BEDFORD HILLS CORRECTIONAL FACILITY WESTCHESTER — NYOS9015C BOMBAY TOWN JUSTICE FRANKLIN NY01611.1J,NYOS9015C
523,BINGHALITON U. & MAGISTRATE BROOME y0030273 BRONX HOUSE OF DETENTION BRONX NY062011C,DETENTION;NY062011C
526,CORRECTIONAL INSTITUTION CUBA VILLAGE JUSTICE ALLEGANY Nyoo2as1J,NYOO2AS1J
526,DANNEMORA ADIRONDACK CORRECTIONAL CLINTON NY009035C,DANNEMORA;NY009035C
526,CONSTABLE TOWN JUSTICE FRANKLIN NyOt6t71J DANNEMORA CLINTON CORRECTIONAL CLINTON Nyoo9015C,CONSTABLE;NYOT6T71J;DANNEMORA;NYOO9015C
527,DEPEW ACTING JUSTICE ERIE nvot4tetd EAST ELMHURST NEW YORK CITY CORRECTIONAL QUEENS NY040031C,NVOT4TETD;NY040031C
528,ELMIRA CORRECTIONAL FACILITY CHEMUNG NYO07015C WAPPINGERS,NYO07015C
531,HUDSON FALLS ACTING JUSTICE WASHINGTON —NY057231J JAMESVILLE COUNTY PENITENTIARY ONONDAGA NY039013C,NY057231J;NY039013C
532,HARPERSFIELD CORRECTIONAINSTITUTION,
532,KEW GARDENS HOUSE OF DETENTION QUEENS Nyo40021C LAWRENCE ACTING JUSTICE NASSAU wv0o9614J,DETENTION;NYO40021C;WV0O9614J
533,DETENTION FOR MEN MALONE ACTING JUSTICE FRANKLIN NY016351J,DETENTION;NY016351J
535,MONROE ACTING JUSTICE ORANGE NYO35971J NAPANOCH EASTERN CORRECTIONAL ULSTER NY055025C,NYO35971J;NY055025C
536,NEW YORK DEPARTMENT OF CORRECTIONS QUEENS NY040011C NICHOLS TOWN JUSTICE TIOGA Ny053021J,NY040011C;NY053021J
536,CORRECTIONALCENTER- NORTH BLENHEIM TOWN JUSTICE OF BLENHEIM SCHOHARIE NY047281J,SCHOHARIE;NY047281J
536,CORRECTIONALCENTER-MALE NORTH COHOCTON TOWN JUSTICE OF COHOCTON STEUBEN NY05021J,
537,NORWICH FAMILY COURT CHENANGO =——_NY00802HJ OSSINING CORRECTIONAL FACILITY WESTCHESTER — NY0S9035C,NY0S9035C
539,QUEENS CORRECTIONAL RECEPTION AND QUEENS NY040061C BELLE TERRE,RECEPTION;NY040061C
542,STORMVILLE GREEN HAVEN CORRECTIONAL DUTCHESS NY013015C TONAWANDA CITY COURT RE NyO14031,NY013015C;TONAWANDA
543,TUPPER LAKE VILLAGE JUSTICE FRANKLIN NYO16131J WALLKILL CORRECTIONAL FACILITY ULSTER NY055015C,NYO16131J;NY055015C
543,VALHALLA COUNTY CORRECTIONAL WESTCHESTER NY059013C WARSAW DISTRICT ATTORNEY WYOMING nyoe0013A,NY059013C;NYOE0013A
544,WATERLOO FAMILY COURT SENECA NY048023J WEST COXSACKIE COXSACKIE CORRECTIONAL = GREENE NYO19015C,NY048023J;COXSACKIE;COXSACKIE;NYO19015C
545,WHITEHALL TOWN JUSTICE OF GRANVILLE WASHINGTON —NY057341J WOODBOURNE CORRECTIONAL INSTITUTION SULLIVAN NY052015C,WHITEHALL;GRANVILLE;NY057341J;NY052015C
546,ASHEVILLE GRAGGY PRISON BUNCOMBE = NODI10150 CONCORD COUNTY CORONER'S OFFICE CABARRUS NCO13013M,ASHEVILLE;NODI10150;NCO13013M
546,BLANCH BLANGH PRISON CASWELL NCO17025C DURHAM U. §. MAGISTRATE DURHAM NC032027J,NCO17025C;NC032027J
546,CORRECTIONAL RESEARCH FAYETTEVILLE U. S. MAGISTRATE CUMBERLAND NC026027J,NC026027J
546,CORRECTIONAL RESEARCH FAYETTEVILLE 12TH DISTRICT COURT CUMBERLAND —_NC026025J,
546,CARTHAGE COUNTY CORONER'S OFFICE © MOORE NC063013M GASTONIA COUNTY DETENTION HOME GASTON NC036013C,NC063013M;DETENTION;NC036013C
546,OFFICE GIBSONVILLE PRISON FARM GUILFORD NC041013C,NC041013C
547,GREENSBORO JUVENILE DETENTION HOME GUILFORD NC041053C LILLINGTON YOUTH CENTER HARNETT NC043015C,DETENTION;NC041053C;NC043015C
547,GREENVILLE COUNTY CORONER’S OFFICE PITT NCO074013M LUMBERTON ROBESON COUNTY PRISON ROBESON NC078015C,LUMBERTON;NC078015C
547,EXAMINER 'SOFFICE MC CAIN STATE PRISON SANATORIUM = HOKE NC04701 5C,
547,HILLSBOROUGH COUNTY JAIL ORANGE NC068013C CORRECTIONALCENTER,NC068013C
547,JACKSON ODOM PRISON NORTHAMPTON NC066015C NASHYILLE YOUTH CENTER NASH NC0640 15C,NC066015C;NASHYILLE
548,RALEIGH CENTRAL PRISON WAKE NC092015C STATESVILLE SUPERIOR COURT CURRITUCK ——-NCO27018J,NC092015C;CURRITUCK;NCO27018J
548,RALEIGH COMMUNITY CORRECTIONAL WAKE NC092035C STATESVILLE U. S. DISTRICT COURT IREDELL NC049017J,COMMUNITY;NC092035C;NC049017J
548,RALEIGH STATE CORRECTIONAL WAKE NC092025C TARBORO SUPERIOR COURT EDGECOMBE = NO033015J,NC092025C;EDGECOMBE;NO033015J
548,RALEIGH US ATTORNEY WAKE Nco%2017A TILLERY CALEDONIA PRISON HALIFAX NC042015C,CALEDONIA;NC042015C
548,SANFORD COMMUNITY CORRECTIONAL LEE NC053015C WILKESBORO U.S. MAGISTRATE WILKES Nco970274,COMMUNITY;NC053015C;NCO970274
550,BISMARCK STATE PENITENTIARY BURLEIGH NDO08015C DICKINSON MUNICIPAL COURT STARK ND045021J,NDO08015C;DICKINSON;MUNICIPAL;ND045021J
550,BOWBELLS COUNTY ATTORNEY'S OFFICE BURKE ND007013A FARGO JUVENILE DETENTION HOME CASS ND009013C,ND007013A;DETENTION;ND009013C
553,AKRON JUVENILE DETENTION HOME SURMMIT OH0770030 BATAVIA county JUVENILE DETENTION CLERMONT 0H013013C,DETENTION;OH0770030;DETENTION;0H013013C
554,BRYAN CITY ATTORNEY'S OFFICE WILLIAMS OHO86011A CANTON COUNTY JUVENILE DETENTION STARK 0H076013C,OHO86011A;DETENTION;0H076013C
555,CHILLICOTHE STATE CORRECTIONAL ROSS OHO071015C COURT,
555,CHILLICOTHE U. S. MAGISTRATE ROSS OH0710174 CLEVELAND COUNTY DETENTION HOME CUYAHOGA 0H018043C,OH0710174;CLEVELAND;DETENTION;0H018043C
555,CINCINNATI COUNTY CORONER'S OFFICE HAMILTON 0H031013M CLEVELAND HOUSE OF CORRECTIONS CUYAHOGA ono180116,0H031013M;CLEVELAND;ONO180116
555,CINCINNATI COUNTY JUVENILE DETENTION HAMILTON OHO31023C REGIONAL OFFICE,DETENTION;OHO31023C
555,CIRCLEVILLE CITY SOLICITOR'S OFFICE PICKAWAY OH0650214 COLUMBUS CORRECTIONAL INSTITUTION FRANKLIN 0H025011C,SOLICITOR;OH0650214;0H025011C
556,COLUMBUS COUNTY JAIL FRANKLIN 0H025013C DAYTON CORRECTIONAL FARM MONTGOMERY QHO57011C,0H025013C;QHO57011C
556,COLUMBUS COUNTY JUVENILE DETENTION — FRANKLIN OH025023C DAYTON COUNTY ADULT PROBATION MONTGOMERY — 0H057029G,DETENTION;OH025023C;PROBATION;0H057029G
556,COLUMBUS PROBATION DEVELOPMENT FRANKLIN 0H025015G DAYTON JUVENILE DETENTION HOME MONTGOMERY — OH0670230,PROBATION;0H025015G;DETENTION;OH0670230
557,OFFICE FREMONT COUNTY DETENTION HOME SANDUSKY 0H072013C,DETENTION;0H072013C
558,HAMILTON CITY PROSECUTOR'S OFFICE BUTLER OHO09011A JEFFERSON vou JUVENILE DETENTION — ASHTABULA = OH004013C,OHO09011A;JEFFERSON;DETENTION;ASHTABULA;OH004013C
559,LEBANON STATE CORRECTIONAL WARREN 0H083015C LONDON MAYOR'S COURT MADISON OH049011 J,0H083015C
559,INSTITUTION LONDON STATE CORRECTIONAL MADISON OH049015C,OH049015C
560,MARION STATE CORRECTIONAL MARION 0H051015C MIAMISBURG COUNTY MUNICIPAL COURT MONTGOMERY — OH057073J,0H051015C;MUNICIPAL;OH057073J
561,NEW PHILADELPHIA JUVENILE DETENTION HOME TUSCARAWAS ~—_OHO79013C OREGON CITY SOLICITOR'S OFFICE LUCAS 0H048041A,DETENTION;SOLICITOR;0H048041A
561,NEWBURGH HEIGHTS VILLAGE PROSECUTOR'S OFFICE CUYAHOGA OHO18221A PAINESVILLE oOuE JUVENILE DETENTION LAKE OH043013C,OHO18221A;DETENTION;OH043013C
562,PORT CLINTON CITY SOLICITORS OFFICE OTTAWA OH062011A SANDUSKY COUNTY DETENTION HOME ERIE 0H022013C,OH062011A;DETENTION;0H022013C
563,SPRINGFIELD COUNTY JUVENILE DETENTION CLARK 0H012013C TILTONSVILLE MAYOR'S COURT JEFFERSON = OH041051J,DETENTION;0H012013C;JEFFERSON;OH041051J
564,COURT WHITEHOUSE HOUSE OF CORRECTIONS LUCAS OH048011C,OH048011C
565,WOODLAWN MAYOR'S COURT HAMILTON onngt24tJ YOUNGSTOWN COUNTY DETENTION HOUSE MAHONING OH050013C,ONNGT24TJ;DETENTION;OH050013C
566,AROMORE 20TH DISTRICT COURT CARTER 0K010015) EL RENO FEDERAL CORRECTIONAL N/A 0K009017C,0K009017C
566,BETHANY MUNICIPAL COURT OKLAHOMA OK0550110 FARRIS. STATE PENITENTIARY ATOKA 0K003015C,MUNICIPAL;OK0550110;0K003015C
567,TREATMENT CENTER OKLAHOMA CITY BERRY HOUSE DETENTION OKLAHOMA 0K055013C,TREATMENT;DETENTION;0K055013C
567,PENITENTIARY SOUTHERN DISTRICT,
567,MC ALESTER STATE PENITENTIARY PITTSBURG OK061015C OKLAHOMA CITY DEPARTMENT OF CORRECTIONS OKLAHOMA OK05S065G,PITTSBURG;OK061015C;OK05S065G
567,PENITENTIARY OKLAHOMA CITY DISTRICT ATTORNEY OKLAHOMA OKO55025A,OKO55025A
568,POTEAU CITY ATTORNEY LE FLORE oKo40014A TULSA DETENTION CENTER TULSA 0K0720116,OKO40014A;DETENTION;0K0720116
568,STRINGTOWN STATE PENITENTIARY ATOKA OK003025C WEWOKA MUNICIPAL COURT SEMINOLE OK0670214,OK003025C;MUNICIPAL;OK0670214
570,EUGENE CORRECTIONS DIVISION- LANE OR020033C HARRISBURG MUNICIPAL COURT LINN oR022021J,OR020033C;MUNICIPAL;OR022021J
570,EUGENE CORRECTIONS DIVISION: WORK LANE OR020043C HEPPNER CIRCUIT COURT MORROW 0025015),OR020043C
570,EUGENE COUNTY JUVENILE DETENTION LANE oR0200230,DETENTION;OR0200230
571,MADRAS COUNTY COURT JEFFERSON OR016033J NORTH BEND CORRECTIONS DIVISION- Co0s OR006023C,JEFFERSON;OR016033J;OR006023C
571,MEDFORD COUNTY JUVENILE DETENTION JACKSON 0R015013C OREGON CITY COUNTY RANCH CLACKAMAS OR003023G,DETENTION;0R015013C;CLACKAMAS;OR003023G
571,MILWAUKIE CORRECTIONS DIVISION WORK CLACKAMAS OR003025C REGIONAL OFFICE,MILWAUKIE;CLACKAMAS;OR003025C
572,PORTLAND CORRECTIONS DIVISION- MULTNOMAH — ORO26065C SALEM ATTORNEY GENERAL- MARION ORO24015A,MULTNOMAH;ORO26065C;ORO24015A
572,PORTLAND CORRECTIONS DIVISION: MEN = MULTNOMAH ~—OR026075C SALEM BOARD OF PAROLE AND MARION OR0240356,MULTNOMAH;OR026075C;OR0240356
572,PORTLAND CORRECTIONS DIVISION- MULTNOMAH —ORO26055C SALEM CIRCUIT COURT MARION OR0240254,MULTNOMAH;ORO26055C;OR0240254
572,HALFWAY HOUSE SALEM CORRECTIONS DIVISION- ADULT MARION OR024095C,OR024095C
572,OFFICE SALEM CORRECTIONS DIVISION. MARION OR024085C,OR024085C
572,PORTLAND OREGON STATE CORRECTION MULTNOMAH —-OR026085C OFFICE,MULTNOMAH;OR026085C
572,REGIONAL OFFICE CORRECTIONS SYSTEM,
572,SALEM STATE CORRECTIONAL MARION OR024025C,OR024025C
572,PRINEVILLE COUNTY JUSTICE COURT CROOK OR0070134 SALEM STATE PENITENTIARY MARION On024015C,OR0070134;ON024015C
572,PRINEVILLE MUNICIPAL COURT CROOK OR0070114 SALEM STATE PENITENTIARY FOR MARION OR024075C,MUNICIPAL;OR0070114;OR024075C
572,RAINIER MUNICIPAL COURT COLUMBIA OR005021J SALEM STATE PENITENTIARY ANNEX MARION OR024065C,MUNICIPAL;OR005021J;OR024065C
572,REDMOND MUNICIPAL COURT DESCHUTES OR009021J SALEM WOMEN’S CORRECTIONAL MARION 0R024035C,MUNICIPAL;DESCHUTES;OR009021J;0R024035C
573,TROUTDALE COUNTY CORRECTIONAL MULTNOMAH OR026013C WILSONVILLE DAMMASGH STATE MENTAL CLACKAMAS OR00301 5C,TROUTDALE;MULTNOMAH;OR026013C;CLACKAMAS
574,ALLENTOWN BOARD OF PAROLE LEHIGH PA039015G BEAVER COUNTY PRISON BEAVER PA004023C,ALLENTOWN;PA039015G;PA004023C
574,ALLENTOWN COUNTY DETENTION HOME LEHIGH PAQ39023C BEAVER JUSTICE OF THE PEACE BEAVER PA004053J,ALLENTOWN;DETENTION;PAQ39023C;PA004053J
574,ALLENTOWN COUNTY PRISON LEHIGH PA039013C DISTRICT 36-2-02,ALLENTOWN;PA039013C
574,ALLENTOWN COUNTY PROBATION OFFICE — LEHIGH PA039013G BEAVER JUVENILE DETENTION HOME BEAVER PA004013C,ALLENTOWN;PROBATION;PA039013G;DETENTION;PA004013C
574,ALLENTOWN JUSTICE OF THE PEACE LEHIGH PA09103 BEDFORD COUNTY PRISON BEDFORD PA00S013C,ALLENTOWN;PA00S013C
574,DISTRICT 31-3-04 BELLEFONTE COUNTY PRISON CENTRE PA014013C,PA014013C
574,ALTOONA BOARD OF PAROLE BLAIR PA007015G BELLEFONTE STATE CORRECTIONAL CENTRE PAQ14015C,PA007015G;PAQ14015C
574,ALTOONA JUVENILE DETENTION HOME —BLAIR PAQO7023C DISTRICT 05-2-20,DETENTION;PAQO7023C
575,BIRDSBORO JUSTICE OF THE PEACE BERKS PA006119J BUTLER COUNTY CORRECTIONAL BUTLER PA010013C,BIRDSBORO;PA006119J;PA010013C
575,BLAIRSVILLE COUNTY PRISON INDIANA PA032013C BUTLER COUNTY PRISON BUTLER PA010023C,PA032013C;PA010023C
575,BLOOMSBURG GOUNTY PRISON COLUMBIA PAOI9013C CAMBRIDGE SPRINGS JUSTICE OF THE PEACE CRAWFORD PA020033u,PAOI9013C;CAMBRIDGE;PA020033U
575,"BLOOMSBURG JUSTICE OF THE PEACE COLUMBIA PA019013U CAMP HILL BUREAU OF CORRECTIONS, CUMBERLAND PA021025C",PA019013U;PA021025C
575,DISTRICT 02-3-06 CAMP HILL STATE CORRECTIONAL CUMBERLAND ~—- PAQ21015C,PAQ21015C
575,DISTRICT 23-3-02 CARLISLE COUNTY PRISON CUMBERLAND —- PAO21013G,PAO21013G
575,BROOKVILLE ADULT PROBATION OFFICE JEFFERSON PA033013G CHAMBERSBURG COUNTY PRISON FRANKLIN PA028013C,PROBATION;JEFFERSON;PA033013G;PA028013C
575,BROOKVILLE COUNTY PRISON JEFFERSON = PA0330136 CHAMBERSBURG JUSTICE OF THE PEACE FRANKLIN PA028013J,JEFFERSON;PA0330136;PA028013J
576,DISTRICT 50-3-02 CORRY JUSTICE OF THE PEACE ERIE PA025123J,PA025123J
576,DISTRICT 18 COUDERSPORT COUNTY PRISON POTTER PA053013C,PA053013C
576,CLARION COUNTY PRISON CLARION PAO16013C COQUDERSPORT DISTRICT ATTORNEY POTTER PA053013A,PAO16013C;PA053013A
576,CLEARFIELD COUNTY PRISON CLEARFIELD PAQ17019C DALLAS STATE CORRECTIONAL LUZERNE PA040035C,PAQ17019C;PA040035C
576,CLEARFIELD JUSTICE OF THE PEACE CLEARFIELD PAD17043/ DANVILLE COUNTY PRISON MONTOUR PA0A7013C,PA0A7013C
576,COCHRANTON JUSTICE OF THE PEACE CRAWFORD PA0200734 DOYLESTOWN COUNTY PRISON BUCKS PA009013C,PA0200734;PA009013C
577,EASTON COUNTY PRISON NORTHAMPTON — PA048013C DISTRICT 06-1-01,PA048013C
577,EASTON JUVENILE DETENTION HOME = NORTHAMPTON PA048023C DISTRICT 06-1-04,DETENTION;PA048023C
577,EBENSBURG COUNTY PRISON CAMBRIA PAO11013C ERIE cl AND PAROLE ERIE PA02501 3G,EBENSBURG;PAO11013C
577,EDISON JUVENILE DETENTION HOME BUCKS PAQ09023C,DETENTION;PAQ09023C
577,EMPORIUM COUNTY PRISON CAMERON PAQ12013C FEASTERVILLE usm OF te PEACE BUCKS,PAQ12013C
577,ERIE COUNTY PRISON ERIE PA025013C DISTRICT 05-2-08,PA025013C
578,DISTRICT 44-4-03 CORRECTIONAL FACILITY #5,
578,FRANKLIN COUNTY PRISON VENANGO PA061013C DISTRICT 51-3-03,PA061013C
578,GETTYSBURG COMMON PLEAS COURT ADAMS PAOO10154 HARRISBURG COUNTY PRISON DAUPHIN paog201ac,PAOO10154;PAOG201AC
578,GETTYSBURG COUNTY PRISON ADAMS PADO10196 HARRISBURG JUSTICE OF THE PEACE DAUPHIN pA022103J,PADO10196;PA022103J
578,DISTRICT 32-2-05 HARRISBURG JUVENILE DETENTION HOME DAUPHIN PA022023C,DETENTION;PA022023C
578,GRATERFORD STATE CORRECTIONAL MONTGOMERY — PA046025C HARRISBURG U. S. DISTRICT COURT DAUPHIN PAd220174,PA046025C;PAD220174
578,GREENSBURG COUNTY PRISON WESTMORELAND PAQ66013C HAVERTOWN JUSTICE OF THE PEACE DELAWARE PA023073J,PAQ66013C;HAVERTOWN;PA023073J
578,GREENSBURG JUVENILE DETENTION HOME = WESTMORELAND PA065023C HAZLETON JUSTICE OF THE PEACE LUZERNE paosooaad,DETENTION;PA065023C;PAOSOOAAD
579,HOLLIDAYSBURG COUNTY PRISON BLAIR PAOO7013C IRWIN JUSTICE OF THE PEACE WESTMORELAND PA065083.J,PAOO7013C
579,HONESDALE COUNTY PRISON WAYNE PA064013C JESSUP JUSTICE OF THE PEACE LACKAWANNA —- PAO35063.5,HONESDALE;PA064013C
579,DISTRICT 22.3-02 JIM THORPE COUNTY PRISON CARBON PANI3N3G,
579,HUNTINGDON COUNTY PRISON HUNTINGDON PAOSIO18C KINTNERSVILLE JUSTICE OF THE PEACE BUCKS PAQUSI7SJ,PAOSIO18C;PAQUSI7SJ
579,HUNTINGDON NMAC 2030 EACE HUNTINGDON PA0S10134 KITTANNING COUNTY PRISON ARMSTRONG PA003013C,PA0S10134;ARMSTRONG;PA003013C
579,HUNTINGDON STATE CORRECTIONAL HUNTINGDON PA031035C DISTRICT 33,PA031035C
580,LANCASTER COUNTY DETENTION HOUSE LANCASTER PA036023C LEVITTOWN JUSTICE OF THE PEACE BUCKS PA009043J,LANCASTER;DETENTION;LANCASTER;PA036023C;LEVITTOWN;PA009043J
580,LANCASTER COUNTY PRISON LANCASTER PA036013C DISTRICT 07-1-04,LANCASTER;LANCASTER;PA036013C
580,DISTRICT 02-1-02 LEWISBURG COUNTY PRISON UNION PA060013C,LEWISBURG;PA060013C
580,LANDISVILLE aioe Oopoe LANCASTER ——_PA036073J LEWISBURG U. S. PENITENIARY UNION PAQ60017C,LANCASTER;LEWISBURG;PAQ60017C
580,DISTRICT 2.4 LEWISTOWN COUNTY PRISON MIFFLIN PA044013C,LEWISTOWN;PA044013C
580,LAPORTE COUNTY PRISON SULLIVAN PA057013C DISTRICT 58-3-02,PA057013C
580,LATROBE JUSTICE OF THE PEACE WESTMORELAND PAQ65213J LIMA JUVENILE DETENTION HOME = DELAWARE PA029033¢,PAQ65213J;DETENTION
580,LEBANON COUNTY PRISON LEBANON PA038013C LOCK HAVEN COUNTY PRISON CLINTON PA018013C,PA038013C;PA018013C
581,DISTRICT 14-3-01 MIDDLEBURG COUNTY PRISON SNYDER PA0S5013C,PA0S5013C
581,MC CONNELLSBURG | COUNTY PRISON FULTON PA029013C MIDDLEBURG JUSTICE OF THE PEACE SNYDER PA0S5023,PA029013C
581,MC CUNGIE JUSTICE OF THE PEACE LEHIGH PA039133J MIFFLINTOWN COUNTY PRISON JUNIATA PAN34013C,PA039133J;PAN34013C
581,DISTRICT 05-3-05 MILFORD COUNTY PRISON PIKE PA052013C,PA052013C
581,MEAOVILLE COUNTY PRISON CRAWFORD —PAG20013C MILLHUM sien eo CENTRE PAO140435,MEAOVILLE;PAG20013C;PAO140435
581,"DISTRICT 32-2-13 MONTGOMERY FEDERAL PRISON CAMP, N/A PA041017C",PA041017C
581,MEDIA PROBATION OFFICE DOMESTIC DELAWARE PA023033G MONTOURSVILLE JUVENILE DETENTION HOME —- LYCOMING PA041023C,PROBATION;PA023033G;DETENTION;PA041023C
581,DISTRICT 35 MONTROSE COUNTY PRISON SUSQUEHANNA PA058013C,PA058013C
582,MOUNT PLEASANT JUSTICE OF THE PEACE WESTMORELAND PA065243J NORRISTOWN COUNTY PRISON MONTGOMERY — PAG46013C,PA065243J;PAG46013C
582,MUNCY STATE CORRECTIONAL LYCOMING PAQ41015C NORRISTOWN JUSTICE OF THE PEACE MONTGOMERY — PA046263J,PAQ41015C;PA046263J
582,MUSE JUSTICE OF THE PEACE WASHINGTON —— PAQ63103J NORRISTOWN JUVENILE DETENTION HOME = MONTGOMERY — PA046033C,PAQ63103J;DETENTION;PA046033C
582,NEW BLOOMFIELD COUNTY PRISON PERRY PA050013C DISTRICT 45-1-01,PA050013C
582,NEW CASTLE COUNTY DETENTION HOME LAWRENCE PA037013C ORWIGSBURG ; sree 0 ae ;,DETENTION;PA037013C
582,NEW CASTLE. COUNTY PRISON LAWRENCE PA037023C petmicy ore pace SCHUYLKILL PA054143J,PA037023C;PA054143J
583,PHILADELPHIA CENTRAL DETENTION CENTER PHILADELPHIA PA051041C PITTSBURGH JUSTICE OF THE PEACE ALLEGHENY PA002463J,DETENTION;PA051041C;ALLEGHENY;PA002463J
583,PHILADELPHIA CITY PRISON PHILADELPHIA PAOS1011C DISTRICT 05-3-01,PAOS1011C
583,PHILADELPHIA COUNTY PRISON PHILADELPHIA PAOS1013C PITTSBURGH JUSTICE OF THE PEACE ALLEGHENY PA002443J,PAOS1013C;ALLEGHENY;PA002443J
583,PHILADELPHIA DETENTION GENTER PHILADELPHIA PA0S1031C PITTSBURGH a eeraicn teoty ALLEGHENY PAO02NO3,DETENTION;PA0S1031C;ALLEGHENY
583,PHILADELPHIA FEDERAL PRISON SEAVICE PHILADELPHIA PAQ51017C DISTRICT 05-2-03,PAQ51017C
583,PHILADELPHIA WOMEN'S DETENTION HOUSE PHILADELPHIA PA051051C DISTRICT 05-2-30,DETENTION;PA051051C
583,PITTSBURGH COUNTY DETENTION HOME ALLEGHENY PA002033C DISTRICT 05-2.18,DETENTION;ALLEGHENY;PA002033C
583,PITTSBURGH COUNTY PRISON ALLEGHENY = PA002029C PITTSBURGH JUSTICE OF THE PEACE ALLEGHENY PA002233.J,ALLEGHENY;PA002029C;ALLEGHENY
583,PITTSBURGH JUSTICE OF THE PEACE ALLEGHENY PA002043J PITTSBURGH STATE CORRECTIONAL ALLEGHENY PA00201 5C,ALLEGHENY;PA002043J;ALLEGHENY
584,DISTRICT 11-1-08 RIDGWAY COUNTY PRISON ELK PA024013C,PA024013C
584,POTTSVILLE COUNTY PRISON SCHUYLKILL PA054013C DISTRICT 103-10,PA054013C
584,READING COUNTY PRISON BERKS PA006013C DISTRICT 57-3-01,PA006013C
584,READING JUSTICE OF THE PEACE BERKS PA006033U SCRANTON COUNTY DETENTION HOUSE LACKAWANNA PA035023C,PA006033U;DETENTION;PA035023C
585,D SHAVERTOWN JUSTICE OF THE PEACE LUZERNE PA040103J STROUDSBURG COUNTY PRISON MONROE PA0ASO13C,PA040103J;PA0ASO13C
585,SLATINGTON JUSTICE OF THE PEACE LEHIGH PA039123J SUNBURY COUNTY PRISON NORTHUMBER- PA049013C,PA039123J;PA049013C
585,SMETHPORT COUNTY PRISON MC KEAN PA042013C SUNBURY JUVENILE PROBATION OFFICE © NORTHUMBER- PA049013G,SMETHPORT;PA042013C;PROBATION;PA049013G
585,SOMERSET COUNTY PRISON SOMERSET PAQ56013C THOMASVILLE JUSTICE OF THE PEACE YORK PAO67123),PAQ56013C
586,THORTON COUNTY PRISON DELAWARE PAG23013C DISTRICT 07-1-09,PAG23013C
586,TIONESTA COUNTY PRISON FOREST PA027013C WARREN COUNTY PRISON WARREN PAN62013C,PA027013C;PAN62013C
586,TOWANDA COUNTY PRISON BRADFORD PAQ0BO23C WASHINGTON COMMON PLEAS COURT WASHINGTON PAQ63015J,PAQ0BO23C;PAQ63015J
586,TROY JUVENILE DETENTION HOME BRADFORD PAQ08019C alse te ce WASHINGTON PAQ63139J,DETENTION;PAQ08019C;PAQ63139J
586,TULLYTOWN ace onnon BUCKS PADOSOS3U WASHINGTON JUVENILE DETENTION HOME WASHINGTON —_-PA0630296,TULLYTOWN;PADOSOS3U;DETENTION;PA0630296
586,TUNKHANNOCK COUNTY PRISON WYOMING PA066013C,PA066013C
586,UNIONTOWN COUNTY DETENTION CENTER FAYETTE PA026013C WAYNESBURG COUNTY PRISON GREENE PA03O013C,UNIONTOWN;DETENTION;PA026013C;PA03O013C
586,UNIONTOWN COUNTY PRISON FAYETTE pAg2609aC WAYNESBURG DISTRICT ATTORNEY GREENE PA03O013A,UNIONTOWN;PAG2609AC;PA03O013A
586,DISTRICT 92-2.12 WELLSBORO COUNTY PRISON TIOGA PAOSSO13C,WELLSBORO;PAOSSO13C
587,WEST CHESTER COUNTY PRISON CAMP CHESTER PA015013C WILLIAMSPORT JUVENILE PROBATION OFFICE = LYCOMING PA041023G,PA015013C;PROBATION;PA041023G
587,WILKES BARRE COUNTY PRISON LUZERNE PA040013C DISTRICT 19,PA040013C
587,WILKES BARRE JUSTICE OF THE PEACE LUZERNE PA040013J YORK COUNTY PRISON YORK pA067013C,PA040013J;PA067013C
587,"WILKES BARRE U, S. MAGISTRATE LUZERNE PA040027J YORK JUVENILE DETENTION HOME YORK PA067023C",PA040027J;DETENTION;PA067023C
587,WILLIAMSPORT COUNTY PRISON LYCOMING PAO41013C DISTRICT 10-2.01,PAO41013C
588,CORRECTIONAL SERVICE PROVIDENCE MEDICAL EXAMINER'S DIVISION PROVIDENCE —AIO04015M,AIO04015M
588,HOWARD ADMINISTRATION AND PROVIDENCE RI004015C CORRECTIONAL SERVICE,RI004015C
588,HOWARD YOUTH CORRECTIONAL CENTER PROVIDENCE — RI004065C PROVIDENCE U. 8. DISTRICT COURT PROVIDENCE _-Rloo4o17J,RI004065C;RLOO4O17J
588,PROVIDENCE DIVISION OF CORRECTIONAL PROVIDENCE —R004015G OFFICE,
589,ABBEVILLE COUNTY PRISON DARLINGTON SCo16013C BENNETTSVILLE RECORDER'S COURT MARLBORO §C0350114,ABBEVILLE;SCO16013C
589,ABBEVILLE PROBATE COURT ABBEVILLE §C001013J BISHOPVILLE COUNTY PRISON LEE §C031013C,ABBEVILLE;ABBEVILLE
589,RELATIONS COURT BOWMAN COUNTY PRISON ORANGEBURG $C038013G,RELATIONS
589,AIKEN PROBATE COURT AIKEN $c002013J CORRECTIONAL INSTITUTION,
589,ALLENDALE COUNTY PRISON ALLENDALE $C003013C CAMDEN PROBATE COURT KERSHAW $C028013J,ALLENDALE;ALLENDALE
589,ANDERSON MAGISTRATE COURT ANDERSON = $0004028) CHARLESTON COUNTY PRISON CHARLESTON $C010013G,
589,ANDERSON 1TH CIRCUIT COURT ANDERSON = 5004015) CHARLESTON JUVENILE DETENTION HOME CHARLESTON —-SC010023C.,DETENTION;SC010023C
589,BALLENTINE COUNTY PRISON 2 RICHLAND S0040083¢ CHARLESTON PROBATE COURT CHARLESTON —SC010013J,SC010013J
589,BARNWELL COUNTY PRISON CAMP BARNWELL 800060136 CHARLESTON 9TH CIRCUIT COURT CHARLESTON SCO10015u,800060136;SCO10015U
589,BENNETTSVILLE COUNTY ATTORNEY'S OFFICE MARLBORO SO03S013A CHESTERFIELD COUNTY PRISON CHESTERFIELD — $C013013C,SO03S013A
590,CORRECTIONS DARLINGTON 4TH CIRCUIT COURT DARLINGTON — SCQ16015J,SCQ16015J
590,CORRECTIONS DUE WEST MUNICIPAL COURT ABBEVILLE $C001033,MUNICIPAL;ABBEVILLE
590,COLUMBIA COUNTY PRISON 1 RICHLAND $C040023¢ DUNCAN CHAIN GANG CAMP NO. 2 SPARTENBURG — SC042023C,SC042023C
590,COLUMBIA FOREST ACRES CITY ATTORNEY RICHLAND sco40021A EASTOVER COUNTY PRISON 3 RICHLAND 5c040043C,SCO40021A;5C040043C
590,COLUMBIA GOODMAN CORRECTIONAL RICHLAND $C040075C EDGEFIELD COUNTY ATTORNEY'S OFFICE EDGEFIELD SC019013A,EDGEFIELD;EDGEFIELD;SC019013A
590,COLUMBIA MAGISTRATE COURT RICHLAND $C040053) EDGEFIELD COUNTY PRISON EDGEFIELD $C019023C,EDGEFIELD;EDGEFIELD
590,COLUMBIA MANNING CORRECTIONAL RICHLAND §c040045C EDGEFIELD eel aati EDGEFIELD SC019013G,EDGEFIELD;EDGEFIELD;SC019013G
590,COLUMBIA MAXIMUM DETENTION RICHLAND $c040065C EDGEFIELD PROBATE COURT EDGEFIELD = 8019053,DETENTION;EDGEFIELD;EDGEFIELD
590,COLUMBIA STATE PENITENTIARY RICHLAND $¢040015C FLORENCE COUNTY JAIL FLORENCE $C021013C,
590,COLUMBIA WALDEN CORRECTIONAL RICHLAND $C040035C FOLLY BEACH CITY ATTORNEY'S OFFICE CHARLESTON — SCO10031A,SCO10031A
590,CONWAY COUNTY ATTORNEYS OFFICE HORRY $C026013A GAFFNEY COUNTY PRISON CAMP CHEROKEE Sc011019C,ATTORNEYS;SC011019C
590,CONWAY COUNTY PRISON HORRY $0026013C GAFFNEY PROBATION AND PAROLE CHEROKEE $0011013G,PROBATION
591,GREENVILLE CITY STOCKADE GREENVILLE = SC023011C LANCASTER COUNTY PRISON FARM LANCASTER —»-$C029013G,SC023011C;LANCASTER;LANCASTER
591,GREENVILLE U. S. DISTRICT COURT GREENVILLE $C0023017J LAURENS COUNTY PRISON LAURENS §0030013C,C0023017J
591,GREENWOOD COUNTY PRISON CAMP GREENWOOD == $0024013C LEESVILLE COUNTY CHAIN GANG NO. 3 LEXINGTON $C032033C,GREENWOOD;GREENWOOD;LEESVILLE;LEXINGTON
591,GREER O'NEAL PRISON CAMP GREENVILLE $6028029C LEXINGTON TOWN ATTORNEY'S OFFICE LEXINGTON $C032011A,LEXINGTON;LEXINGTON
591,INMAN MUNICIPAL COURT SPARTENBURG $C042021J MARION COUNTY PRISON MARION $c0a4013C,MUNICIPAL
591,IRMO HARBISON CORRECTIONAL LEXINGTON $C032025C,LEXINGTON
591,JOHNSTON MAGISTRATE COURT 3 EDGEFIELD $0019033J MC CORMICK COUNTY PRISON MCCORMICK = 80039013,EDGEFIELD;MCCORMICK
591,KERSHAW COUNTY PRISON KERSHAW $c028013C MC CORMICK MAGISTRATE COURT 5 EDGEFIELD $C019043,EDGEFIELD
591,D KINGSTREE COUNTY PRISON WILLIAMSBURG — SC045013C MC CORMICK PROBATE COURT MCCORMICK = 8C039043,KINGSTREE;SC045013C;MCCORMICK
592,MYRTLE BEACH MAGISTRATE COURT HORRY $60260734 SIMPSONVILLE GIVENS YOUTH CORRECTIONAL GREENVILLE $C023025C,
592,NEESES COUNTY PRISON ORANGEBURG — $C038023C SPARTANBURG CHAIN GANG CAMP NO. 4 SPARTENBURG $C042043C,
592,NEWBERRY COUNTY PRISON MARLBORO $C035023C SPARTANBURG CITY ATTORNEY'S OFFICE SPARTENBURG $C042011A,
592,NEWBERRY COUNTY PRISON NEWBERRY $C036013C SPARTANBURG CIVIL COURT SPARTENBURG — $C042053J,
592,PAGELAND MAGISTRATE COURT CHESTERFIELD $C013073J ST. MATTHEWS COUNTY PRISON CALHOUN $C009013C,
592,PICKENS COUNTY PRISON PICKENS §$00390130 SUMMERVILLE MAYOR'S COURT DORCHESTER $0018021J,
592,RIDGELAND PROBATION AND PAROLE JASPER $C027013G SUMTER COUNTY PRISON SUMTER $0043033C,RIDGELAND;PROBATION
592,RIDGEVILLE YOUTH CORRECTIONAL CENTER DORCHESTER $C018015C SUMTER MAGISTRATE COURT SUMTER 50043033),
592,SALUDA COUNTY PRISON SALUDA $0041013C SUMTER 3RD CIRCUIT COURT SUMTER $0049015J,
593,WALHALLA PROBATE COURT OCONEE 50037023) WINNSBORO COUNTY DETENTION CENTER FAIRFIELD $¢020013C,WINNSBORO;DETENTION;FAIRFIELD
593,WALTERBORO RECORDER'S COURT COLLETON $C015011J YORK COUNTY PRISON YORK $C046013C,
594,FORT PIERRE STATE'S ATTORNEY’S OFFICE STANLEY $D058013A SIOUX FALLS STATE PENITENTIARY MOODY $D050015C,
596,ATOKA COUNTY PENAL FARM TIPTON TN0B4013C CHARLOTTE COUNTY ATTORNEY'S OFFICE DICKSON TNO22013A,TN0B4013C;CHARLOTTE;TNO22013A
596,BOLIVAR CITY ATTORNEY'S OFFICE HARDEMAN TNO35011A CHATTANOOGA JUVENILE DETENTION UNIT HAMILTON TNO33033C,TNO35011A;DETENTION;TNO33033C
596,BRISTOL GENERAL SESSIONS COURT SULLIVAN TNO82023 CHATTANOOGA WOMEN’S DETENTION HOME HAMILTON TN0O33023C,DETENTION
599,KNOXVILLE JUVENILE DETENTION HOME == KNOX TNO47OHG LOOKOUT MOUNTAIN CITY ATTORNEY'S OFFICE HAMILTON TNO33041A,KNOXVILLE;DETENTION;TNO33041A
600,MCMINNVILLE CITY ATTORNEY'S OFFICE WARREN TNOSQOT1A CORRECTIONS,TNOSQOT1A
600,MEMPHIS COUNTY DETENTION HOME SHELBY TNO79013C NASHVILLE COURT OF APPEALS DAVIDSON TNOT9O1EJ,DETENTION;TNO79013C;NASHVILLE;TNOT9O1EJ
600,MEMPHIS COUNTY JAIL SHELBY 7No790236 NASHVILLE DEPARTMENT OF CORRECTIONS DAVIDSON TN019015G,7NO790236;NASHVILLE;TN019015G
600,PROBATIONDEPARTMENT NASHVILLE JUVENILE DETENTION CENTER — DAVIDSON TNO19011C,NASHVILLE;DETENTION;TNO19011C
600,MEMPHIS COUNTY PENAL FARM SHELBY TNO79033C NASHVILLE JUVENILE PROBATION DAVIDSON TNO19021G,TNO79033C;NASHVILLE;PROBATION;TNO19021G
600,MEMPHIS U. S. ATTORNEY OFFICE SHELBY TNO79017A CORRECTIONS,TNO79017A
600,MEMPHIS U. S. MAGISTRATE SHELBY TNO79027J NASHVILLE STATE PRISON DAVIDSON TNO19015C,TNO79027J;NASHVILLE;TNO19015C
600,MILAN CITY JUVENILE COURT GIBSON TN027031J NASHVILLE WOMEN'S PRISON DAVIDSON TNO19025C,TN027031J;NASHVILLE;TNO19025C
601,PETROS BRUSHY MOUNTAIN PRISON MORGAN TNO85015C SMITHVILLE COUNTY COURT DE KALB sNostotad,TNO85015C;SNOSTOTAD
603,ABILENE COUNTY DOMESTIC TAYLOR 7X221023 AMARILLO POTTER DETENTION HOME POTTER TX188013G,DETENTION;TX188013G
604,AUSTIN JUVENILE CORRECTIONAL TRAVIS TX227013C BEAUMONT COUNTY CRIMINAL DISTRICT JEFFERSON TX123065J,TX227013C;JEFFERSON;TX123065J
607,CARTHAGE MUNICIPAL COURT PANOLA TX189011J CLEBURNE JUVENILE DETENTION HOME © JOHNSON 1X126013C,MUNICIPAL;TX189011J;DETENTION;1X126013C
608,CONROE JUVENILE DETENTION HOME MONTGOMERY —Tx170013C CROSBYTON CITY COURT CROSBY TX054011J,DETENTION;TX170013C;CROSBYTON;TX054011J
608,CORRIGAN JUSTICE COURT PRECINCT 3 POLK 1X187043J DALHART JUSTICE COURT PRECINCT 2 DALAM 11056043),1X187043J
609,DALLAS FEDERAL PRISON SERVICE DALLAS TX057037C DENISON CITY ATTORNEY GRAYSON TXO91011A,TX057037C;TXO91011A
609,DALLAS JUVENILE DETENTION HOME —DALLAS TX057023C DENTON COUNTY JUSTICE COURT DENTON 1061043 J,DETENTION;TX057023C
610,DUMAS JUVENILE PROBATION OFFICE DALLAM TX056013G EL PASO FEDERAL DETENTION CENTER = N/A TX07 10276 ‘,PROBATION;TX056013G;DETENTION
610,DUNAS 69TH DISTRICT COURT MOORE TX171015J EL PASO JUVENILE DETENTION HOME EL PASO 1X071013C,TX171015J;DETENTION;1X071013C
611,FLOYDADA COUNTY ATTORNEY FLOYD 1X077013A FORT WORTH FEDERAL CORRECTIONAL INST- TARRANT 1X220017C,1X077013A;1X220017C
611,3 FT. WORTH FEDERAL CORRECTIONAL N/A 7X2200276,7X2200276
612,GALVESTON JUVENILE DETENTION HOME GALVESTON —Tx084013C GOLDTHWAITE COUNTY ATTORNEY MILLS TX167013A,GALVESTON;DETENTION;GALVESTON;TX084013C;TX167013A
614,HOUSTON CITY PRISON FARM HARRIS TX101011C HOUSTON 174TH DISTRICT COURT HARRIS TX101175J,TX101011C;TX101175J
614,HOUSTON JUVENILE DETENTION HOME = HARRIS TX101043C HUNTSVILLE RECEIVING UNIT WALKER TX236055C,DETENTION;TX101043C;RECEIVING;TX236055C
616,KOUNTZE COUNTY ATTORNEY HARDIN 7x100013A LAREDO JUVENILE DETENTION HOME —- WEBB Tx240013C,7X100013A;DETENTION;TX240013C
616,ren FEDERAL CORRECTIONAL EL PASO +x0710170 LEWISVILLE CORPORATION COURT DENTON Tx06102td,TX06102TD
623,SEAGOVILLE FEDERAL CORRECTIONAL DALLAS 1X057017C SILVERTON MUNICIPAL COURT BRISCOE TxX02901 14,1X057017C;SILVERTON;MUNICIPAL
624,STRATFORD COUNTY JUVENILE COURT SHERMAN TX211023J TEXARKANA FEDERAL CORRECTIONAL BOWIE TX019017C,STRATFORD;TX211023J;TEXARKANA;TX019017C
625,UNIVERSAL CITY CITY ATTORNEY BEXAR TXO15051A WACO JUVENILE DETENTION HOME = MG LENNAN TX155013C,UNIVERSAL;TXO15051A;DETENTION;TX155013C
627,AMERICAN FORK JUSTICE OF THE PEACE UTAH UT02501 tJ DRAPER STATE PRISON SALT LAKE UT018015C,UT018015C
628,HENEFER JUSTICE OF THE PEACE SUMMIT uTo22031J MANTI COUNTY JUVENILE DETENTION SANPETE uTo20013C,UTO22031J;DETENTION;UTO20013C
628,LOGAN COUNTY DETENTION CENTER CACHE UT003013C NORTH OGDEN JUSTICE OF THE PEACE WEBER UT029081J,DETENTION;UT003013C;UT029081J
629,OGDEN JUVENILE DETENTION HOME WEBER UT029013C AICHFIELD COUNTY ATTORNEY SEVIER uTooto13A,DETENTION;UT029013C;AICHFIELD;UTOOTO13A
629,PRICE ciry couRT CARBON ureosaetd SALT LAKE CITY COMMUNITY CORRECTION SALT LAKE UT018011C,UREOSAETD;COMMUNITY;UT018011C
629,DETENTIONFACILITY SALT LAKE CITY DEPARTMENT OF BUSINESS SALT LAKE UTO18015R,UTO18015R
629,PROVIDENCE JUSTICE OF THE PEACE CACHE UTOO30S1J SALT LAKE CITY JUVENILE DETENTION CENTER SALT LAKE uT018013C,UTOO30S1J;DETENTION;UT018013C
630,ST. GEORGE COUNTY DETENTION CENTER WASHINGTON UT027013C WEST BOUNTIFUL JUSTICE OF THE PEACE DAVIS UT006101J,DETENTION;UT027013C;BOUNTIFUL;UT006101J
631,BRATTLEBORO PROBATE COURT MARLBORO — WINDHAM VT013013J CORRECTIONS,VT013013J
631,BURLINGTON CITY ATTORNEY'S OFFICE CHITTENDEN —- VTO04011A RUTLAND COMMUNITY CORRECTIONAL RUTLAND VTO11015C,VTO04011A;COMMUNITY;VTO11015C
631,BURLINGTON COMMUNITY CORRECTIONAL CHITTENDEN —-VT004015C CENTER,COMMUNITY;VT004015C
631,BURLINGTON U.S PROBATION OFFICE 2ND CHITTENDEN _—vToo4o17@ ST. ALBANS COMMUNITY CORRECTIONAL FRANKLIN VT006015C,PROBATION;COMMUNITY;VT006015C
631,FAIRHAVEN COUNTY PROBATE COURT RUTLAND VT011023J ST. JOHNSBURY COMMUNITY CORRECTIONAL CALEDONIA VT003015C,FAIRHAVEN;VT011023J;JOHNSBURY;COMMUNITY;CALEDONIA;VT003015C
631,WINDSOR STATE PRISON AND HOUSE OF WINDSOR yT014015C,YT014015C
631,MONTPELIER ATTORNEY GENERAL WASHINGTON —-VT012015A CORRECTIONS,VT012015A
631,MONTPELIER COUNTY PROBATE COURT WASHINGTON —-VT012013J WwooDsTOcK COMMUNITY CORRECTIONAL WINDSOR yto14025C,VT012013J;COMMUNITY;YTO14025C
632,ALEXANDRIA JUVENILE AND DOMESTIC INDEPENDENT VA099031J BARHAMSVILLE BUREAU OF CORRECTIONS NEW KENT VA063015C,VA099031J;VA063015C
632,RELATIONS COURT city BASKERVILLE BUREAU OF CORRECTIONS MECKLENBURG — VA0S8015C,RELATIONS;VA0S8015C
632,DETENTION HOME city BEDFORD JUVENILE AND DOMESTIC BEDFORD vA010023J,DETENTION;VA010023J
633,BLAND CORRECTIONAL FARM BLAND VAO110186 BUENA VISTA MEDICAL EXAMINER'S OFFICE INDEPENDENT —VA101011M,VAO110186;VA101011M
634,CHATHAM BUREAU OF CORRECTIONS PITTSYLVANIA —-VAO71015C CLINTWOOD MUNICIPAL COURT DICKENSON VA02601 1,VAO71015C;CLINTWOOD;MUNICIPAL;DICKENSON
634,CHATHAM CIRCUIT COURT PITTSYLVANIA —-VAO71015J COEBURN BUREAU OF CORRECTIONS WISE VA096015C,VAO71015J;VA096015C
634,CHESAPEAKE BUREAU OF CORRECTIONS INDEPENDENT — VA103015C OFFICE CITY,VA103015C
634,CHESAPEAKE TIDEWATER DETENTION HOME — INDEPENDENT V¥A103021C DEPARTMENT city,TIDEWATER;DETENTION
634,CHESTERFIELD BUREAU OF CORRECTIONS oveSTERPELD VA021025C CREWE TOWN ATTORNEY'S OFFICE NOTTOWAY YA067O2IA,VA021025C;YA067O2IA
634,CULPEPER BUREAU OF CORRECTIONS CULPEPER VA024015C,VA024015C
634,CHURCH ROAD BUREAU OF CORRECTIONS DINWIDDIE VA027015C CUMBERLAND U. S. MAGISTRATE CUMBERLAND —_ VA025017J,DINWIDDIE;VA027015C;VA025017J
634,CLINTWOOD GIRCUIT COURT DICKENSON VA026015J DANVILLE CITY PRISON FARM INDEPENDENT —-VA107011C @,CLINTWOOD;DICKENSON;VA026015J;VA107011C
635,DUBLIN BUREAU OF CORRECTIONS PULASKI VAO77015C FINCASTLE COMMONWEALTH ATTORNEY'S BOTETOURT VA012013A,VAO77015C;FINCASTLE;BOTETOURT;VA012013A
635,"ne BUREAU! OF CORRECTIONS FAIRFAX van2a018C FREDERICKSBURG COMMONWEALTH ATTORNEY'S INDEPENDENT VA10901 1A,",VAN2A018C
636,GATE city CIRCUIT COURT scott vaos4o1s/ HANOVER BUREAU OF CORRECTIONS HANOVER vA042015C,VA042015C
636,SLOUCESTER incur court GLOUCESTER Vag360t84 HARRISONBURG BUREAU OF CORRECTIONS ROCKINGHAM — VA082015C,VAG360T84;VA082015C
636,GOOCHLAND VIRGINIA CORRECTIONAL GOOCHLAND ¥A037025C HARRISONBURG COUNTY PROBATION DEPARTME ROCKINGHAM VA082013G,GOOCHLAND;GOOCHLAND;PROBATION;VA082013G
636,GREENVILLE BUREAU OF CORRECTIONS AUGUSTA VA008015C HARRISONBURG MEDICAL EXAMINER'S OFFICE INDEPENDENT = VA112011M,VA008015C;VA112011M
636,GRUNDY eae oe COUNT BUCHANNAN ——VA014023J HAYMARKET BUREAU OF CORRECTIONS PRINCE WILLIAM VA075015C,BUCHANNAN;VA014023J;HAYMARKET;VA075015C
636,HALIFAX BUREAU OF CORRECTIONS HALIFAX VA041015C HEATHSVILLE COMMONWEALTH ATTORNEY'S NORTHUMBER- VAO86013A,VA041015C;VAO86013A
638,OFFICE MARTINSVILLE CITY PRISON FARM INDEPENDENT —-VA115011C,VA115011C
638,LYNCHBURG JUVENILE DETENTION HOME INDEPENDENT -VA114021C MARTINSVILLE 6TH REGIONAL JUVENILE INDEPENDENT VA115015G,LYNCHBURG;DETENTION;VA114021C;VA115015G
638,LYNCHBURG U. S. MAGISTRATE OP ADENT. YATAOZr4 MONETA BUREAU OF CORRECTIONS © BEDFORD VA010018C,LYNCHBURG;VA010018C
638,MARION JUVENILE PROBATION OFFICE = SMYTH ¥A0860136 NEWPORT NEWS CITY DETENTION HOME INDEPENDENT —_VA116031C,PROBATION;DETENTION
639,NORFOLK J. S. DISTRICT COURT INDEPENDENT —-VA117017J PETERSBURG DETENTION HOME INDEPENDENT — VA119021C,VA117017J;DETENTION;VA119021C
640,City RICHMOND BUREAU OF CORRECTIONS INDEPENDENT VA122045C,VA122045C
640,OFFICE RICHMOND DETENTION HOME INDEPENDENT —VA122021C,DETENTION;VA122021C
640,PULASKI JUVENILE DETENTION HOME —_—PULASK! VA077013C,DETENTION;VA077013C
640,ULA RICHMOND STATE PENITENTIARY INDEPENDENT —-VA122015C,VA122015C
641,RIDGEWAY BUREAU OF CORRECTIONS HENRY VA044015C SALEM COMMONWEALTH ATTORNEY'S INDEPENDENT — VA125011A,VA044015C;VA125011A
641,ROANOKE JUVENILE DETENTION HOME = INDEPENDENT —- VA123021C SALUDA COMMONWEALTH ATTORNEY'S MIDDLESEX VA059013A,DETENTION;VA123021C;MIDDLESEX;VA059013A
641,city STAFFORD BUREAU OF CORRECTIONS STAFFORD VA089015C,VA089015C
641,ROCKY MOUNT U. S. MAGISTRATE FRANKLIN VA033017J STATE FARM PENITENTIARY FARM FOR GOOCHLAND VA037015C,VA033017J;GOOCHLAND;VA037015C
641,RUSTBURG BUREAU OF CORRECTIONS CAMPBELL VA016015C DEFECTIVE MISDEMEANANT,VA016015C;DEFECTIVE
642,STAUNTON CIVIL COURT INDEPENDENT —-VA126021J TAZEWELL BUREAU OF CORRECTIONS TAZEWELL VA092015C,VA126021J;VA092015C
642,DETENTION HOME TROUTVILLE BUREAU OF CORRECTIONS BOTETOURT VA012015C,DETENTION;BOTETOURT;VA012015C
642,STAUNTON U. S. MAGISTRATE INDEPENDENT — VA126017J TROY BUREAU OF CORRECTIONS = FLUVANNA VA032015C,VA126017J;VA032015C
642,DOMESTIC RELATIONS city VANSANT BUREAU OF CORRECTIONS BUCHANNAN —-VA014015C,RELATIONS;BUCHANNAN;VA014015C
642,BOARD cITy WALTERS BUREAU OF CORRECTIONS ISLE OF WIGHT — VA046015C,VA046015C
643,WHITE POST BUREAU OF CORRECTIONS CLARKE VA022015C WISE COUNTY GENERAL DISTRICT G WISE VA096013J,VA022015C;VA096013J
643,CITY WOODBRIDGE BUREAU OF CORRECTIONS PRINCE WILLIAM VA075025C,VA075025C
643,WILLIS BUREAU OF CORRECTIONS FLOYD VA031015C OFFICE,VA031015C
644,BELLINGHAM COUNTY vente DETENTION WHATCOM WA037013C aE MUNICIPAL COURT LEW waoot0214,DETENTION;WA037013C;MUNICIPAL;WAOOT0214
646,KELSO COUNTY PROBATION OFFICE COWLITZ wA008013G MCNEIL ISLAND FEDERAL PRISON CAMP PIERCE wao27027G,PROBATION;WA008013G;WAO27027G
646,KELSO COUNTY PROSECUTOR'S OFFICE COWLITZ WA008013A MCNEIL ISLAND U. S. PENITENTIARY PIERCE WA027017C,WA008013A;WA027017C
646,KELSO JUVENILE DETENTION CENTER COWLITZ WA008011C MEDICAL LAKE MUNICIPAL COURT SPOKANE WA0320314,DETENTION;WA008011C;MUNICIPAL;WA0320314
647,MONTESANO SUPERIOR COURT GRAYS HARBOR WA014015J DETENTIONHOME,MONTESANO;WA014015J
648,PORT ORCHARD COUNTY DETENTION CENTER _ KITSAP WAG18013C RITZVILLE SUPERIOR COURT ADAMS WA0010254,DETENTION;WAG18013C;RITZVILLE;WA0010254
648,RITZVILLE CITY ATTORNEY'S OFFICE ADAMS WAQO1021A SHELTON CORRECTIONS CENTER MASON WA023025C,RITZVILLE;WAQO1021A;WA023025C
649,SPOKANE COUNTY DETENTION HOME SPOKANE WA032013C VADER MUNICIPAL COURT LEWIS Wa021094 J,DETENTION;WA032013C;MUNICIPAL
649,"SUMNER CITY ATTORNEY'S OFFICE PIERCE WA027091A WALLA WALLA STATE PENITENTIARY, WALLA WALLA WAQ36015C",WA027091A;WAQ36015C
650,COUNTY JUVENILE COURT YAKIMA COUNTY DETENTION HOME YAKIMA WA039013C,DETENTION;WA039013C
652,HINTON JUVENILE DETENTION HOME SUMMERS WV045013C MARTINSBURG COUNTY JAIL BERKELEY wv002013C,DETENTION;WV045013C;WV002013C
652,HUTTONSVILLE MEDIUM SECURITY PRISON RANDOLPH WVv042015C MONONGAH CITY ATTORNEY'S OFFICE MARION WV025041A,WV025041A
653,MORGANTOWN CITY ATTORNEY'S OFFICE MONONGALIA —- WV031031A PENCE SPRINGS STATE PRISON FOR WOMEN SUMMERS wV045015C,WV031031A;WV045015C
653,DETENTION HOME,DETENTION
653,MOUNDSVILLE STATE PENITENTIARY MARSHALL wv026015C POINT PLEASANT COUNTY COURT MASON Wv0270134,WV026015C;WV0270134
654,WHEELING COUNTY DETENTION CENTER OHIO WV035013C,DETENTION;WV035013C
656,ELKHORN STATE CORRECTIONAL CENTER WALWORTH wi065018C BRANCH 2,WI065018C
656,FOX LAKE STATE CORRECTIONAL DODGE wio1401sc HUDSON MUNICIPAL JUSTICE COURT SAINT CROIX — wios6021J,WIO1401SC;MUNICIPAL;WIOS6021J
657,JUNEAU 13TH CIRCUIT COURT DODGE wi014015J MADISON DIVISION OF CORRECTIONS DANE W1013055C,WI014015J;W1013055C
657,KENOSHA civ srroenere orice KENOSHA 10300118 MADISON JUVENILE DETENTION CENTER DANE Wi013013C,SRROENERE;DETENTION;WI013013C
657,DEPARTMENT MADISON STATE CORRECTIONAL CAMP DANE Wi013038C,WI013038C
658,MILWAUKEE COMMUNITY CORRECTIONAL MILWAUKEE wio41015C NEW RICHMOND CITY ATTORNEY'S OFFICE SAINT CROK wiossotiA,MILWAUKEE;COMMUNITY;MILWAUKEE;WIO41015C;WIOSSOTIA
658,MILWAUKEE HOUSE OF CORRECTIONS MILWAUKEE wio41013C OREGON STATE FARM DANE Wi013025C,MILWAUKEE;MILWAUKEE;WIO41013C;WI013025C
658,MILWAUKEE HUBER PRISONER'S QUARTERS MILWAUKEE wi041053C OSHKOSH CITY ATTORNEY'S OFFICE WINNEBAGO —WIO71021A,MILWAUKEE;MILWAUKEE;WI041053C;WINNEBAGO;WIO71021A
658,MILWAUKEE JUVENILE DETENTION HOME MILWAUKEE wio41023C OSHKOSH COUNTY CORONER'S OFFICE © WINNEBAGO —WI071019M,MILWAUKEE;DETENTION;MILWAUKEE;WIO41023C;WINNEBAGO;WI071019M
659,OXFORD FEDERAL CORRECTIONAL N/A wio39017C RICHLAND CENTER COUNTY CORONER'S OFFICE RICHLAND WI053013M,WIO39017C;WI053013M
659,CORRECTIONAL INSTITUTE SHAWANO COUNTY CORONER'S OFFICE SHAWANO WI059013M,INSTITUTE;WI059013M
659,RACINE COUNTY DETENTION HOME RACINE Wi052013C STEVENS POINT CITY ATTORNEY'S OFFICE PORTAGE WI050011A,DETENTION;WI052013C;WI050011A
660,STURTEVANT MUNICIPAL JUSTICE COURT RACINE Wi052011d WAUPUN STATE PRISON FOND DU LAC Wi020015C,MUNICIPAL;WI052011D;WI020015C
660,TAYCHEEDAH TAYCHEEDAH CORRECTIONAL FOND DU LAC wi020025C OFFICE,WI020025C
662,RAWLINS STATE PENITENTIARY CARBON WY004015C THERMOPOLIS JUSTICE COURT HOT SPRINGS WY009013J,WY004015C;WY009013J
662,RIVERTON STATE PRISON FARM FREMONT WY007015C TORRINGTON JUSTICE COURT GOSHEN WY008012J,WY007015C;WY008012J
