"source","as_of","state","agency","model","date_signed","needs_review","repaired"
"CRS RL32270 App. A (11 Mar 2009)",2009-02-01,"Alabama","AL State Police","Task Force",2003-09-10,FALSE,FALSE
"CRS RL32270 App. A (11 Mar 2009)",2009-02-01,"Alabama","Etowah County Sheriff's Office","Jail Enforcement",2008-07-08,FALSE,FALSE
"CRS RL32270 App. A (11 Mar 2009)",2009-02-01,"Arizona","AZ Department of Corrections","Jail Enforcement",2005-09-16,FALSE,FALSE
"CRS RL32270 App. A (11 Mar 2009)",2009-02-01,"Arizona","AZ Department of Public Safety","Task Force",2007-04-15,FALSE,FALSE
"CRS RL32270 App. A (11 Mar 2009)",2009-02-01,"Arizona","City of Phoenix Police Department","Task Force",2008-03-10,FALSE,FALSE
"CRS RL32270 App. A (11 Mar 2009)",2009-02-01,"Arizona","Maricopa County Sheriff's Office","Hybrid",2007-02-07,FALSE,FALSE
"CRS RL32270 App. A (11 Mar 2009)",2009-02-01,"Arizona","Pima County Sheriff's Office","Hybrid",2008-03-10,FALSE,FALSE
"CRS RL32270 App. A (11 Mar 2009)",2009-02-01,"Arizona","Pinal County Sheriff's Office","Hybrid",2008-03-10,FALSE,FALSE
"CRS RL32270 App. A (11 Mar 2009)",2009-02-01,"Arizona","Yavapai County Sheriff's Office","Hybrid",2008-03-10,FALSE,FALSE
"CRS RL32270 App. A (11 Mar 2009)",2009-02-01,"Arkansas","Benton County Sheriff's Office","Hybrid",2007-09-26,FALSE,FALSE
"CRS RL32270 App. A (11 Mar 2009)",2009-02-01,"Arkansas","City of Springdale Police Department","Task Force",2007-09-26,FALSE,FALSE
"CRS RL32270 App. A (11 Mar 2009)",2009-02-01,"Arkansas","Rogers Police Department","Task Force",2007-09-25,FALSE,FALSE
"CRS RL32270 App. A (11 Mar 2009)",2009-02-01,"Arkansas","Washington County Sheriff's Office AR","Hybrid",2007-09-26,FALSE,FALSE
"CRS RL32270 App. A (11 Mar 2009)",2009-02-01,"California","Los Angeles County Sheriff's Office","Jail Enforcement",2005-02-01,FALSE,FALSE
"CRS RL32270 App. A (11 Mar 2009)",2009-02-01,"California","Orange County Sheriff's Office","Jail Enforcement",2006-11-02,FALSE,FALSE
"CRS RL32270 App. A (11 Mar 2009)",2009-02-01,"California","Riverside County Sheriff's Office","Jail Enforcement",2006-04-28,FALSE,FALSE
"CRS RL32270 App. A (11 Mar 2009)",2009-02-01,"California","San Bernardino County Sheriff's Office","Jail Enforcement",2005-10-19,FALSE,FALSE
"CRS RL32270 App. A (11 Mar 2009)",2009-02-01,"Colorado","CO Department of Public Safety","Task Force",2007-03-29,FALSE,FALSE
"CRS RL32270 App. A (11 Mar 2009)",2009-02-01,"Colorado","El Paso County Sheriff's Office","Jail Enforcement",2007-05-17,FALSE,FALSE
"CRS RL32270 App. A (11 Mar 2009)",2009-02-01,"Florida","Bay County Sheriff's Office","Task Force",2008-06-15,FALSE,FALSE
"CRS RL32270 App. A (11 Mar 2009)",2009-02-01,"Florida","Brevard County Sheriff's Office","Jail Enforcement",2008-08-13,FALSE,FALSE
"CRS RL32270 App. A (11 Mar 2009)",2009-02-01,"Florida","Collier County Sheriff's Office","Hybrid",2007-08-06,FALSE,FALSE
"CRS RL32270 App. A (11 Mar 2009)",2009-02-01,"Florida","FL Department of Law Enforcement","Task Force",2002-07-02,FALSE,FALSE
"CRS RL32270 App. A (11 Mar 2009)",2009-02-01,"Florida","Jacksonville Sheriff's Office","Jail Enforcement",2008-07-08,FALSE,FALSE
"CRS RL32270 App. A (11 Mar 2009)",2009-02-01,"Florida","Manatee County Sheriff's Office","Jail Enforcement",2008-07-08,FALSE,FALSE
"CRS RL32270 App. A (11 Mar 2009)",2009-02-01,"Georgia","Cobb County Sheriff's Office","Jail Enforcement",2007-02-13,FALSE,FALSE
"CRS RL32270 App. A (11 Mar 2009)",2009-02-01,"Georgia","GA Department of Public Safety","Task Force",2007-07-27,FALSE,FALSE
"CRS RL32270 App. A (11 Mar 2009)",2009-02-01,"Georgia","Hall County Sheriff's Office","Hybrid",2008-02-29,FALSE,FALSE
"CRS RL32270 App. A (11 Mar 2009)",2009-02-01,"Georgia","Whitfield County Sheriff's Office","Jail Enforcement",2008-02-04,FALSE,FALSE
"CRS RL32270 App. A (11 Mar 2009)",2009-02-01,"Maryland","Frederick County Sheriff's Office","Hybrid",2008-02-06,FALSE,FALSE
"CRS RL32270 App. A (11 Mar 2009)",2009-02-01,"Massachusetts","Barnstable County Sheriff's Office","Jail Enforcement",2007-08-25,FALSE,FALSE
"CRS RL32270 App. A (11 Mar 2009)",2009-02-01,"Massachusetts","Framingham Police Department","Task Force",2007-08-14,FALSE,FALSE
"CRS RL32270 App. A (11 Mar 2009)",2009-02-01,"Massachusetts","MA Department of Corrections","Jail Enforcement",2007-03-26,FALSE,FALSE
"CRS RL32270 App. A (11 Mar 2009)",2009-02-01,"Minnesota","MN Department of Public Safety","Task Force",2008-09-22,FALSE,FALSE
"CRS RL32270 App. A (11 Mar 2009)",2009-02-01,"Missouri","MO State Highway Patrol","Task Force",2008-06-25,FALSE,FALSE
"CRS RL32270 App. A (11 Mar 2009)",2009-02-01,"Nevada","Las Vegas Metropolitan Police Dept","Jail Enforcement",2008-09-08,FALSE,FALSE
"CRS RL32270 App. A (11 Mar 2009)",2009-02-01,"New Hampshire","Hudson City Police Department","Task Force",2007-05-05,FALSE,FALSE
"CRS RL32270 App. A (11 Mar 2009)",2009-02-01,"New Jersey","Hudson County Department of Corrections","Jail Enforcement",2008-08-11,FALSE,FALSE
"CRS RL32270 App. A (11 Mar 2009)",2009-02-01,"New Mexico","NM Department of Corrections","Jail Enforcement",2007-09-17,FALSE,FALSE
"CRS RL32270 App. A (11 Mar 2009)",2009-02-01,"North Carolina","Alamance County Sheriff's Office","Jail Enforcement",2007-01-10,FALSE,FALSE
"CRS RL32270 App. A (11 Mar 2009)",2009-02-01,"North Carolina","Cabarrus County Sheriff's Office","Jail Enforcement",2007-08-02,FALSE,FALSE
"CRS RL32270 App. A (11 Mar 2009)",2009-02-01,"North Carolina","Cumberland County Sheriff's Office","Jail Enforcement",2008-06-25,FALSE,FALSE
"CRS RL32270 App. A (11 Mar 2009)",2009-02-01,"North Carolina","Durham Police Department","Task Force",2008-02-01,FALSE,FALSE
"CRS RL32270 App. A (11 Mar 2009)",2009-02-01,"North Carolina","Gaston County Sheriff's Office","Jail Enforcement",2007-02-22,FALSE,FALSE
"CRS RL32270 App. A (11 Mar 2009)",2009-02-01,"North Carolina","Henderson County Sheriff's Office","Jail Enforcement",2008-06-25,FALSE,FALSE
"CRS RL32270 App. A (11 Mar 2009)",2009-02-01,"North Carolina","Mecklenburg County Sheriff's Office","Jail Enforcement",2006-02-27,FALSE,FALSE
"CRS RL32270 App. A (11 Mar 2009)",2009-02-01,"North Carolina","Wake County Sheriff's Office","Jail Enforcement",2008-06-25,FALSE,FALSE
"CRS RL32270 App. A (11 Mar 2009)",2009-02-01,"Ohio","Butler County Sheriff's Office","Hybrid",2008-02-05,FALSE,FALSE
"CRS RL32270 App. A (11 Mar 2009)",2009-02-01,"Oklahoma","Tulsa County Sheriff's Office","Hybrid",2007-08-06,FALSE,FALSE
"CRS RL32270 App. A (11 Mar 2009)",2009-02-01,"South Carolina","Beaufort County Sheriff's Office","Task Force",2008-06-25,FALSE,FALSE
"CRS RL32270 App. A (11 Mar 2009)",2009-02-01,"South Carolina","York County Sheriff's Office","Jail Enforcement",2007-10-16,FALSE,FALSE
"CRS RL32270 App. A (11 Mar 2009)",2009-02-01,"Tennessee","Davidson County Sheriff's Office","Jail Enforcement",2007-02-21,FALSE,FALSE
"CRS RL32270 App. A (11 Mar 2009)",2009-02-01,"Tennessee","TN Department of Safety","Task Force",2008-06-25,FALSE,FALSE
"CRS RL32270 App. A (11 Mar 2009)",2009-02-01,"Texas","Carrollton Police Department","Jail Enforcement",2008-08-12,FALSE,FALSE
"CRS RL32270 App. A (11 Mar 2009)",2009-02-01,"Texas","Farmers Branch Police Dept.","Task Force",2008-07-08,FALSE,FALSE
"CRS RL32270 App. A (11 Mar 2009)",2009-02-01,"Texas","Harris County Sheriff's Office","Jail Enforcement",2008-07-20,FALSE,FALSE
"CRS RL32270 App. A (11 Mar 2009)",2009-02-01,"Utah","Washington County Sheriff's Office UT","Jail Enforcement",2008-09-22,FALSE,FALSE
"CRS RL32270 App. A (11 Mar 2009)",2009-02-01,"Utah","Weber County Sheriff's Office","Jail Enforcement",2008-09-22,FALSE,FALSE
"CRS RL32270 App. A (11 Mar 2009)",2009-02-01,"Virginia","City of Manassas Police Department","Task Force",2008-03-05,FALSE,FALSE
"CRS RL32270 App. A (11 Mar 2009)",2009-02-01,"Virginia","Herndon Police Department","Task Force",2007-03-21,FALSE,FALSE
"CRS RL32270 App. A (11 Mar 2009)",2009-02-01,"Virginia","Loudoun County Sheriff's Office","Task Force",2008-06-25,FALSE,FALSE
"CRS RL32270 App. A (11 Mar 2009)",2009-02-01,"Virginia","Manassas Park Police Department","Task Force",2008-03-10,FALSE,FALSE
"CRS RL32270 App. A (11 Mar 2009)",2009-02-01,"Virginia","Prince William County Police Department","Task Force",2008-02-26,FALSE,FALSE
"CRS RL32270 App. A (11 Mar 2009)",2009-02-01,"Virginia","Prince William County Sheriff's Office","Task Force",2008-02-26,FALSE,FALSE
"CRS RL32270 App. A (11 Mar 2009)",2009-02-01,"Virginia","Prince William-Manassas Adult Detention Center","Jail Enforcement",2007-07-09,FALSE,FALSE
"CRS RL32270 App. A (11 Mar 2009)",2009-02-01,"Virginia","Rockingham County Sheriff's Office","Hybrid",2007-04-25,FALSE,FALSE
"CRS RL32270 App. A (11 Mar 2009)",2009-02-01,"Virginia","Shenandoah County Sheriff's Office","Hybrid",2007-05-10,FALSE,FALSE
"Cato WP 52 Table A1 (2018)",,"North Carolina","Alamance County Sheriff's Office",,2007-01-10,FALSE,FALSE
"Cato WP 52 Table A1 (2018)",,"North Carolina","Cabarrus County Sheriff's Office",,2007-08-02,FALSE,FALSE
"Cato WP 52 Table A1 (2018)",,"North Carolina","Cumberland County Sheriff's Office",,2008-06-25,FALSE,FALSE
"Cato WP 52 Table A1 (2018)",,"North Carolina","Durham County Sheriff's Office",,2008-02-01,FALSE,FALSE
"Cato WP 52 Table A1 (2018)",,"North Carolina","Gaston County Sheriff's Office",,2007-02-22,FALSE,FALSE
"Cato WP 52 Table A1 (2018)",,"North Carolina","Guilford County Sheriff's Office",,2009-10-15,FALSE,FALSE
"Cato WP 52 Table A1 (2018)",,"North Carolina","Henderson County Sheriff's Office",,2008-06-25,FALSE,FALSE
"Cato WP 52 Table A1 (2018)",,"North Carolina","Mecklenburg County Sheriff's Office",,2006-02-27,FALSE,FALSE
"Cato WP 52 Table A1 (2018)",,"North Carolina","Wake County Sheriff's Office",,2008-06-25,FALSE,FALSE
"GAO-09-109 App. III (1 Sep 2007)",2007-09-01,,"Alabama Department of Public Safety",,,FALSE,FALSE
"GAO-09-109 App. III (1 Sep 2007)",2007-09-01,,"Alamance County Sheriff's Office (North Carolina)",,,FALSE,FALSE
"GAO-09-109 App. III (1 Sep 2007)",2007-09-01,,"Arizona Department of Corrections",,,FALSE,FALSE
"GAO-09-109 App. III (1 Sep 2007)",2007-09-01,,"Arizona Department of Public Safety",,,FALSE,FALSE
"GAO-09-109 App. III (1 Sep 2007)",2007-09-01,,"Barnstable County Sheriff's Office (Massachusetts)",,,FALSE,FALSE
"GAO-09-109 App. III (1 Sep 2007)",2007-09-01,,"Cabarrus County Sheriff's Office (North Carolina)",,,FALSE,FALSE
"GAO-09-109 App. III (1 Sep 2007)",2007-09-01,,"Cobb County Sheriff's Office (Georgia)",,,FALSE,FALSE
"GAO-09-109 App. III (1 Sep 2007)",2007-09-01,,"Collier County Sheriff's Office (Florida)",,,FALSE,FALSE
"GAO-09-109 App. III (1 Sep 2007)",2007-09-01,,"Colorado Department of Public Safety/State Patrol",,,FALSE,FALSE
"GAO-09-109 App. III (1 Sep 2007)",2007-09-01,,"Davidson County Sheriff's Office (Tennessee)",,,FALSE,FALSE
"GAO-09-109 App. III (1 Sep 2007)",2007-09-01,,"El Paso County Sheriff's Office (Colorado)",,,FALSE,FALSE
"GAO-09-109 App. III (1 Sep 2007)",2007-09-01,,"Florida Department of Law Enforcement",,,FALSE,FALSE
"GAO-09-109 App. III (1 Sep 2007)",2007-09-01,,"Framingham Police Department (Massachusetts)",,,FALSE,FALSE
"GAO-09-109 App. III (1 Sep 2007)",2007-09-01,,"Gaston County Sheriff's Office (North Carolina)",,,FALSE,FALSE
"GAO-09-109 App. III (1 Sep 2007)",2007-09-01,,"Georgia Department of Public Safety",,,FALSE,FALSE
"GAO-09-109 App. III (1 Sep 2007)",2007-09-01,,"Herndon Police Department (Virginia)",,,FALSE,FALSE
"GAO-09-109 App. III (1 Sep 2007)",2007-09-01,,"Hudson Police Department (New Hampshire)",,,FALSE,FALSE
"GAO-09-109 App. III (1 Sep 2007)",2007-09-01,,"Los Angeles County Sheriff's Office (California)",,,FALSE,FALSE
"GAO-09-109 App. III (1 Sep 2007)",2007-09-01,,"Maricopa County Sheriff's Office (Arizona)",,,FALSE,FALSE
"GAO-09-109 App. III (1 Sep 2007)",2007-09-01,,"Massachusetts Department of Corrections",,,FALSE,FALSE
"GAO-09-109 App. III (1 Sep 2007)",2007-09-01,,"Mecklenburg County Sheriff's Office (North Carolina)",,,FALSE,FALSE
"GAO-09-109 App. III (1 Sep 2007)",2007-09-01,,"New Mexico Department of Corrections",,,FALSE,FALSE
"GAO-09-109 App. III (1 Sep 2007)",2007-09-01,,"Orange County Sheriff's Office (California)",,,FALSE,FALSE
"GAO-09-109 App. III (1 Sep 2007)",2007-09-01,,"Prince William-Manassas Adult Detention Center (Virginia)",,,FALSE,FALSE
"GAO-09-109 App. III (1 Sep 2007)",2007-09-01,,"Riverside County Sheriff's Office (California)",,,FALSE,FALSE
"GAO-09-109 App. III (1 Sep 2007)",2007-09-01,,"Rockingham County Sheriff's Office (Virginia)",,,FALSE,FALSE
"GAO-09-109 App. III (1 Sep 2007)",2007-09-01,,"San Bernardino County Sheriff's Office (California)",,,FALSE,FALSE
"GAO-09-109 App. III (1 Sep 2007)",2007-09-01,,"Shenandoah County Sheriff's Office (Virginia)",,,FALSE,FALSE
"GAO-09-109 App. III (1 Sep 2007)",2007-09-01,,"Tulsa County Sheriff's Office (Oklahoma)",,,FALSE,FALSE
"MPI A Program in Flux App. 1 (Jan 2010)",2010-01-01,"Alabama","Alabama Department of Public Safety","Task Force",2003-09-10,FALSE,TRUE
"MPI A Program in Flux App. 1 (Jan 2010)",2010-01-01,"Alabama","Etowah County Sheriff's Office","Jail Enforcement",2008-07-08,FALSE,FALSE
"MPI A Program in Flux App. 1 (Jan 2010)",2010-01-01,"Arizona","Benton County Sheriff's Office","Hybrid",2007-09-26,FALSE,FALSE
"MPI A Program in Flux App. 1 (Jan 2010)",2010-01-01,"Arizona","City of Mesa Police Department","Task Force",2009-11-19,FALSE,FALSE
"MPI A Program in Flux App. 1 (Jan 2010)",2010-01-01,"Arizona","City of Phoenix Police Department","Task Force",2008-03-10,FALSE,FALSE
"MPI A Program in Flux App. 1 (Jan 2010)",2010-01-01,"Arizona","Arizona Department of Corrections","Jail Enforcement",2005-09-16,FALSE,TRUE
"MPI A Program in Flux App. 1 (Jan 2010)",2010-01-01,"Arizona","Arizona Department of Public Safety","Task Force",2007-04-15,FALSE,TRUE
"MPI A Program in Flux App. 1 (Jan 2010)",2010-01-01,"Arizona","Florence Police Department","Task Force",2009-10-21,FALSE,FALSE
"MPI A Program in Flux App. 1 (Jan 2010)",2010-01-01,"Arizona","Maricopa County Sheriff's Office","Jail Enforcement",2007-02-07,FALSE,FALSE
"MPI A Program in Flux App. 1 (Jan 2010)",2010-01-01,"Arizona","Pima County Sheriff's Office","Hybrid",2008-03-10,FALSE,FALSE
"MPI A Program in Flux App. 1 (Jan 2010)",2010-01-01,"Arizona","Pinal County Sheriff's Office","Hybrid",2008-03-10,FALSE,FALSE
"MPI A Program in Flux App. 1 (Jan 2010)",2010-01-01,"Arizona","Yavapai County Sheriff's Office","Hybrid",2008-03-10,FALSE,FALSE
"MPI A Program in Flux App. 1 (Jan 2010)",2010-01-01,"Arkansas","City of Springdale Police Department","Task Force",2007-09-26,FALSE,FALSE
"MPI A Program in Flux App. 1 (Jan 2010)",2010-01-01,"Arkansas","Rogers Police Department","Task Force",2007-09-25,FALSE,FALSE
"MPI A Program in Flux App. 1 (Jan 2010)",2010-01-01,"Massachusetts","Massachusetts Department of Corrections","Jail Enforcement",2007-03-26,FALSE,TRUE
"MPI A Program in Flux App. 1 (Jan 2010)",2010-01-01,"New Mexico","New Mexico Department of Corrections","Jail Enforcement",2007-09-17,FALSE,TRUE
"MPI A Program in Flux App. 1 (Jan 2010)",2010-01-01,"California","Orange County Sheriff's Office","Jail Enforcement",2006-11-02,FALSE,FALSE
"MPI A Program in Flux App. 1 (Jan 2010)",2010-01-01,"California","Riverside County Sheriff's Office","Jail Enforcement",2006-04-28,FALSE,FALSE
"MPI A Program in Flux App. 1 (Jan 2010)",2010-01-01,"California","San Bernardino County Sheriff's Office","Jail Enforcement",2005-11-19,FALSE,FALSE
"MPI A Program in Flux App. 1 (Jan 2010)",2010-01-01,"Colorado","Colorado Department of Public Safety","Task Force",2007-03-29,FALSE,TRUE
"MPI A Program in Flux App. 1 (Jan 2010)",2010-01-01,"Colorado","El Paso County Sheriff's Office","Jail Enforcement",2007-05-17,FALSE,FALSE
"MPI A Program in Flux App. 1 (Jan 2010)",2010-01-01,"Connecticut","City of Danbury Police Department**","Task Force",2009-10-15,FALSE,FALSE
"MPI A Program in Flux App. 1 (Jan 2010)",2010-01-01,"Delaware","Bay County Sheriff's Office","Task Force",2008-06-15,FALSE,FALSE
"MPI A Program in Flux App. 1 (Jan 2010)",2010-01-01,"Delaware","Delaware Department of Corrections","Jail Enforcement",2009-10-15,FALSE,TRUE
"MPI A Program in Flux App. 1 (Jan 2010)",2010-01-01,"Florida","Cobb County Sheriff's Office","Jail Enforcement",2007-02-13,FALSE,FALSE
"MPI A Program in Flux App. 1 (Jan 2010)",2010-01-01,"Florida","Collier County Sheriff's Office","Hybrid",2007-08-06,FALSE,FALSE
"MPI A Program in Flux App. 1 (Jan 2010)",2010-01-01,"Florida","Florida Department of Law Enforcement","Task Force",2002-07-02,FALSE,TRUE
"MPI A Program in Flux App. 1 (Jan 2010)",2010-01-01,"Florida","Jacksonville Sheriff's Office","Jail Enforcement",2008-07-08,FALSE,FALSE
"MPI A Program in Flux App. 1 (Jan 2010)",2010-01-01,"Georgia","Georgia Department of Public Safety","Task Force",2007-07-27,FALSE,TRUE
"MPI A Program in Flux App. 1 (Jan 2010)",2010-01-01,"Georgia","Gwinnett County Sheriff's Office","Jail Enforcement",2009-10-15,FALSE,FALSE
"MPI A Program in Flux App. 1 (Jan 2010)",2010-01-01,"Georgia","Hall County Sheriff's Office","Hybrid",2008-02-29,FALSE,FALSE
"MPI A Program in Flux App. 1 (Jan 2010)",2010-01-01,"Georgia","Whitfield County Sheriff's Office","Jail Enforcement",2008-02-04,FALSE,FALSE
"MPI A Program in Flux App. 1 (Jan 2010)",2010-01-01,"Maryland","Frederick County Sheriff's Office","Hybrid",2008-02-06,FALSE,FALSE
"MPI A Program in Flux App. 1 (Jan 2010)",2010-01-01,"Minnesota","Minnesota Department of Public Safety","Task Force",2008-09-22,FALSE,TRUE
"MPI A Program in Flux App. 1 (Jan 2010)",2010-01-01,"Missouri","Alamance County Sheriff's Office","Jail Enforcement",2007-01-10,FALSE,FALSE
"MPI A Program in Flux App. 1 (Jan 2010)",2010-01-01,"Missouri","Butler County Sheriff's Office","Hybrid",2008-02-05,FALSE,FALSE
"MPI A Program in Flux App. 1 (Jan 2010)",2010-01-01,"North Carolina","Gaston County Sheriff's Office","Jail Enforcement",2007-02-22,FALSE,TRUE
"MPI A Program in Flux App. 1 (Jan 2010)",2010-01-01,"Missouri","Cabarrus County Sheriff's Office","Jail Enforcement",2007-08-02,FALSE,FALSE
"MPI A Program in Flux App. 1 (Jan 2010)",2010-01-01,"Nevada","Las Vegas Metropolitan Police Department","Jail Enforcement",2008-09-08,FALSE,TRUE
"MPI A Program in Flux App. 1 (Jan 2010)",2010-01-01,"Missouri","Durham Police Department","Task Force",2008-02-01,FALSE,FALSE
"MPI A Program in Flux App. 1 (Jan 2010)",2010-01-01,"Missouri","Guilford County Sheriff's Office***","Task Force",2009-10-15,FALSE,FALSE
"MPI A Program in Flux App. 1 (Jan 2010)",2010-01-01,"Missouri","Henderson County Sheriff's Office","Jail Enforcement",2008-06-25,FALSE,FALSE
"MPI A Program in Flux App. 1 (Jan 2010)",2010-01-01,"Missouri","Hudson City Police Department","Task Force",2007-05-05,FALSE,FALSE
"MPI A Program in Flux App. 1 (Jan 2010)",2010-01-01,"Missouri","Mecklenburg County Sheriff's Office","Jail Enforcement",2006-02-27,FALSE,FALSE
"MPI A Program in Flux App. 1 (Jan 2010)",2010-01-01,"Missouri","Monmouth County Sheriff's Office **","Jail Enforcement",2009-10-15,FALSE,FALSE
"MPI A Program in Flux App. 1 (Jan 2010)",2010-01-01,"Missouri","State Highway Patrol","Task Force",2008-06-25,FALSE,FALSE
"MPI A Program in Flux App. 1 (Jan 2010)",2010-01-01,"Missouri","Tulsa County Sheriff's Office","Hybrid",2007-08-06,FALSE,FALSE
"MPI A Program in Flux App. 1 (Jan 2010)",2010-01-01,"Missouri","Wake County Sheriff's Office","Jail Enforcement",2008-06-25,FALSE,FALSE
"MPI A Program in Flux App. 1 (Jan 2010)",2010-01-01,"South Carolina","Charleston County Sheriff's Office","Jail Enforcement",2009-11-09,FALSE,TRUE
"MPI A Program in Flux App. 1 (Jan 2010)",2010-01-01,"Rhode Island","Carrollton Police Department","Jail Enforcement",2008-08-12,FALSE,FALSE
"MPI A Program in Flux App. 1 (Jan 2010)",2010-01-01,"Rhode Island","Davidson County Sheriff's Office","Jail Enforcement",2007-02-21,FALSE,FALSE
"MPI A Program in Flux App. 1 (Jan 2010)",2010-01-01,"Rhode Island","Department of Safety","Task Force",2008-06-25,TRUE,FALSE
"MPI A Program in Flux App. 1 (Jan 2010)",2010-01-01,"South Carolina","Beaufort County Sheriff's Office","Task Force",2008-06-25,FALSE,TRUE
"MPI A Program in Flux App. 1 (Jan 2010)",2010-01-01,"Rhode Island","Rhode Island State Police","Task Force",2009-10-15,FALSE,TRUE
"MPI A Program in Flux App. 1 (Jan 2010)",2010-01-01,"Rhode Island","York County Sheriff's Office","Jail Enforcement",2007-10-16,FALSE,FALSE
"MPI A Program in Flux App. 1 (Jan 2010)",2010-01-01,"Texas","Farmers Branch Police Department","Task Force",2008-07-08,FALSE,FALSE
"MPI A Program in Flux App. 1 (Jan 2010)",2010-01-01,"Texas","Harris County Sheriff's Office","Jail Enforcement",2008-07-20,FALSE,FALSE
"MPI A Program in Flux App. 1 (Jan 2010)",2010-01-01,"Virginia","Prince William County Police Department",,2008-02-26,FALSE,TRUE
"MPI A Program in Flux App. 1 (Jan 2010)",2010-01-01,"Utah","Herndon Police Department",,2007-03-21,FALSE,FALSE
"MPI A Program in Flux App. 1 (Jan 2010)",2010-01-01,"Utah","Los Angeles County Sheriff's Office","Jail Enforcement",2005-02-01,FALSE,FALSE
"MPI A Program in Flux App. 1 (Jan 2010)",2010-01-01,"Utah","Loudoun County Sheriff's Office","Task Force",2008-06-25,FALSE,FALSE
"MPI A Program in Flux App. 1 (Jan 2010)",2010-01-01,"Utah","Manassas Park Police Department","Task Force",2008-03-10,FALSE,FALSE
"MPI A Program in Flux App. 1 (Jan 2010)",2010-01-01,"Utah","Manassas Police Department","Task Force",2008-03-05,FALSE,FALSE
"MPI A Program in Flux App. 1 (Jan 2010)",2010-01-01,"Utah","Prince William County Sheriff's Office","Task Force",2008-02-26,FALSE,FALSE
"MPI A Program in Flux App. 1 (Jan 2010)",2010-01-01,"Utah","Prince William-Manassas Regional Jail","Jail Enforcement",2007-07-09,FALSE,FALSE
"MPI A Program in Flux App. 1 (Jan 2010)",2010-01-01,"Utah","Rockingham County Sheriff's Office","Hybrid",2007-04-25,FALSE,FALSE
"MPI A Program in Flux App. 1 (Jan 2010)",2010-01-01,"Utah","Shenandoah County Sheriff's Office","Hybrid",2007-05-10,FALSE,FALSE
"MPI A Program in Flux App. 1 (Jan 2010)",2010-01-01,"Utah","Weber County Sheriff's Office","Jail Enforcement",2008-09-22,FALSE,FALSE
"MPI A Program in Flux App. 1 (Jan 2010)",2010-01-01,"Utah","Washington County Sheriff Office","Jail Enforcement",2008-09-22,FALSE,TRUE
"MPI A Program in Flux App. 1 (Jan 2010)",2010-01-01,"Washington","County Sheriff's Office","Hybrid",2007-09-26,TRUE,FALSE
"MPI Delegation and Divergence App. 2 (Aug 2010)",2010-08-01,"Arizona","Arizona Department of Corrections","Jail Enforcement",2005-09-16,FALSE,FALSE
"MPI Delegation and Divergence App. 2 (Aug 2010)",2010-08-01,"Arizona","Arizona Department of Public Safety","Hybrid",2007-04-15,FALSE,FALSE
"MPI Delegation and Divergence App. 2 (Aug 2010)",2010-08-01,"Arizona","City of Mesa Police Department","Hybrid",2009-11-19,FALSE,FALSE
"MPI Delegation and Divergence App. 2 (Aug 2010)",2010-08-01,"Arizona","City of Phoenix Police Department","Hybrid",2008-03-10,FALSE,FALSE
"MPI Delegation and Divergence App. 2 (Aug 2010)",2010-08-01,"Arizona","Florence Police Department","Task Force",2009-10-21,FALSE,FALSE
"MPI Delegation and Divergence App. 2 (Aug 2010)",2010-08-01,"Arizona","Maricopa County Sheriff's Office","Jail Enforcement",2007-02-07,FALSE,FALSE
"MPI Delegation and Divergence App. 2 (Aug 2010)",2010-08-01,"Arizona","Pima County Sheriff's Office","Hybrid",2008-03-10,FALSE,FALSE
"MPI Delegation and Divergence App. 2 (Aug 2010)",2010-08-01,"Arizona","Pinal County Sheriff's Office","Hybrid",2008-03-10,FALSE,FALSE
"MPI Delegation and Divergence App. 2 (Aug 2010)",2010-08-01,"Arizona","Yavapai County Sheriff's Office","Hybrid",2008-03-10,FALSE,FALSE
"MPI Delegation and Divergence App. 2 (Aug 2010)",2010-08-01,"Arkansas","Benton County Sheriff's Office","Hybrid",2007-09-26,FALSE,FALSE
"MPI Delegation and Divergence App. 2 (Aug 2010)",2010-08-01,"Arkansas","City of Springdale Police Department","Task Force",2007-09-26,FALSE,FALSE
"MPI Delegation and Divergence App. 2 (Aug 2010)",2010-08-01,"Arkansas","Rogers Police Department","Task Force",2007-09-25,FALSE,FALSE
"MPI Delegation and Divergence App. 2 (Aug 2010)",2010-08-01,"Arkansas","Washington County Sheriff's Office","Hybrid",2007-09-26,FALSE,FALSE
"MPI Delegation and Divergence App. 2 (Aug 2010)",2010-08-01,"California","Los Angeles County Sheriff's Office","Jail Enforcement",2005-02-01,FALSE,FALSE
"MPI Delegation and Divergence App. 2 (Aug 2010)",2010-08-01,"California","Orange County Sheriff's Office","Jail Enforcement",2006-11-02,FALSE,FALSE
"MPI Delegation and Divergence App. 2 (Aug 2010)",2010-08-01,"California","Riverside County Sheriff's Office","Jail Enforcement",2006-04-28,FALSE,FALSE
"MPI Delegation and Divergence App. 2 (Aug 2010)",2010-08-01,"California","San Bernardino County Sheriff's Office","Jail Enforcement",2005-11-19,FALSE,FALSE
"MPI Delegation and Divergence App. 2 (Aug 2010)",2010-08-01,"Colorado","Colorado Department of Public Safety","Task Force",2007-03-29,FALSE,FALSE
"MPI Delegation and Divergence App. 2 (Aug 2010)",2010-08-01,"Colorado","El Paso County Sheriff's Office","Jail Enforcement",2007-05-17,FALSE,FALSE
"MPI Delegation and Divergence App. 2 (Aug 2010)",2010-08-01,"Connecticut","City of Danbury Police Department","Task Force",2009-10-15,FALSE,FALSE
"MPI Delegation and Divergence App. 2 (Aug 2010)",2010-08-01,"Delaware","Delaware Department of Corrections","Jail Enforcement",2009-10-15,FALSE,FALSE
"MPI Delegation and Divergence App. 2 (Aug 2010)",2010-08-01,"Florida","Bay County Sheriff's Office","Task Force",2008-06-15,FALSE,FALSE
"MPI Delegation and Divergence App. 2 (Aug 2010)",2010-08-01,"Florida","Collier County Sheriff's Office","Hybrid",2007-08-06,FALSE,FALSE
"MPI Delegation and Divergence App. 2 (Aug 2010)",2010-08-01,"Florida","Florida Department of Law Enforcement","Task Force",2002-07-02,FALSE,FALSE
"MPI Delegation and Divergence App. 2 (Aug 2010)",2010-08-01,"Florida","Jacksonville Sheriff's Office","Jail Enforcement",2008-07-08,FALSE,FALSE
"MPI Delegation and Divergence App. 2 (Aug 2010)",2010-08-01,"Georgia","Cobb County Sheriff's Office","Jail Enforcement",2007-02-13,FALSE,FALSE
"MPI Delegation and Divergence App. 2 (Aug 2010)",2010-08-01,"Georgia","Georgia Department of Public Safety","Task Force",2007-07-27,FALSE,FALSE
"MPI Delegation and Divergence App. 2 (Aug 2010)",2010-08-01,"Georgia","Gwinnett County Sheriff's Office","Jail Enforcement",2009-10-15,FALSE,FALSE
"MPI Delegation and Divergence App. 2 (Aug 2010)",2010-08-01,"Georgia","Hall County Sheriff's Office","Hybrid",2008-02-29,FALSE,FALSE
"MPI Delegation and Divergence App. 2 (Aug 2010)",2010-08-01,"Georgia","Whitfield County Sheriff's Office","Jail Enforcement",2008-02-04,FALSE,FALSE
"MPI Delegation and Divergence App. 2 (Aug 2010)",2010-08-01,"Maryland","Frederick County Sheriff's Office","Hybrid",2008-02-06,FALSE,FALSE
"MPI Delegation and Divergence App. 2 (Aug 2010)",2010-08-01,"Minnesota","Minnesota Department of Public Safety","Task Force",2008-09-22,FALSE,FALSE
"MPI Delegation and Divergence App. 2 (Aug 2010)",2010-08-01,"Missouri","Missouri State Highway Patrol","Task Force",2008-06-25,FALSE,FALSE
"MPI Delegation and Divergence App. 2 (Aug 2010)",2010-08-01,"Nevada","Las Vegas Metropolitan Police Department","Jail Enforcement",2008-09-08,FALSE,FALSE
"MPI Delegation and Divergence App. 2 (Aug 2010)",2010-08-01,"New Hampshire","Hudson City Police Department","Task Force",2007-05-05,FALSE,FALSE
"MPI Delegation and Divergence App. 2 (Aug 2010)",2010-08-01,"New Jersey","Hudson County Department of Corrections","Hybrid",2008-08-11,FALSE,FALSE
"MPI Delegation and Divergence App. 2 (Aug 2010)",2010-08-01,"New Jersey","Monmouth County Sheriff's Office","Jail Enforcement",2009-10-15,FALSE,FALSE
"MPI Delegation and Divergence App. 2 (Aug 2010)",2010-08-01,"New Mexico","New Mexico Department of Corrections","Jail Enforcement",2007-09-17,FALSE,FALSE
"MPI Delegation and Divergence App. 2 (Aug 2010)",2010-08-01,"North Carolina","Alamance County Sheriff's Office","Jail Enforcement",2007-01-10,FALSE,FALSE
"MPI Delegation and Divergence App. 2 (Aug 2010)",2010-08-01,"North Carolina","Cabarrus County Sheriff's Office","Jail Enforcement",2007-08-02,FALSE,FALSE
"MPI Delegation and Divergence App. 2 (Aug 2010)",2010-08-01,"North Carolina","Durham Police Department","Task Force",2008-02-01,FALSE,FALSE
"MPI Delegation and Divergence App. 2 (Aug 2010)",2010-08-01,"North Carolina","Gaston County Sheriff's Office","Jail Enforcement",2007-02-22,FALSE,FALSE
"MPI Delegation and Divergence App. 2 (Aug 2010)",2010-08-01,"North Carolina","Guilford County Sheriff's Office","Task Force",2009-10-15,FALSE,FALSE
"MPI Delegation and Divergence App. 2 (Aug 2010)",2010-08-01,"North Carolina","Henderson County Sheriff's Office","Jail Enforcement",2008-06-25,FALSE,FALSE
"MPI Delegation and Divergence App. 2 (Aug 2010)",2010-08-01,"North Carolina","Mecklenburg County Sheriff's Office","Jail Enforcement",2006-02-27,FALSE,FALSE
"MPI Delegation and Divergence App. 2 (Aug 2010)",2010-08-01,"North Carolina","Wake County Sheriff's Office","Jail Enforcement",2008-06-25,FALSE,FALSE
"MPI Delegation and Divergence App. 2 (Aug 2010)",2010-08-01,"Ohio","Butler County Sheriff's Office","Hybrid",2008-02-05,FALSE,FALSE
"MPI Delegation and Divergence App. 2 (Aug 2010)",2010-08-01,"Oklahoma","Tulsa County Sheriff's Office","Hybrid",2007-08-06,FALSE,FALSE
"MPI Delegation and Divergence App. 2 (Aug 2010)",2010-08-01,"Rhode Island","Rhode Island State Police","Task Force",2009-10-15,FALSE,FALSE
"MPI Delegation and Divergence App. 2 (Aug 2010)",2010-08-01,"South Carolina","Beaufort County Sheriff's Office","Task Force",2008-06-25,FALSE,FALSE
"MPI Delegation and Divergence App. 2 (Aug 2010)",2010-08-01,"South Carolina","Charleston County Sheriff's Office","Jail Enforcement",2009-11-09,FALSE,FALSE
"MPI Delegation and Divergence App. 2 (Aug 2010)",2010-08-01,"South Carolina","York County Sheriff's Office","Jail Enforcement",2007-10-16,FALSE,FALSE
"MPI Delegation and Divergence App. 2 (Aug 2010)",2010-08-01,"Tennessee","Davidson County Sheriff's Office","Jail Enforcement",2007-02-21,FALSE,FALSE
"MPI Delegation and Divergence App. 2 (Aug 2010)",2010-08-01,"Tennessee","Tennessee Department of Safety","Task Force",2008-06-25,FALSE,FALSE
"MPI Delegation and Divergence App. 2 (Aug 2010)",2010-08-01,"Texas","Carrollton Police Department","Jail Enforcement",2008-08-12,FALSE,FALSE
"MPI Delegation and Divergence App. 2 (Aug 2010)",2010-08-01,"Texas","Farmers Branch Police Department","Task Force",2008-07-08,FALSE,FALSE
"MPI Delegation and Divergence App. 2 (Aug 2010)",2010-08-01,"Texas","Harris County Sheriff's Office","Jail Enforcement",2008-07-20,FALSE,FALSE
"MPI Delegation and Divergence App. 2 (Aug 2010)",2010-08-01,"Utah","Washington County Sheriff Office","Jail Enforcement",2008-09-22,FALSE,FALSE
"MPI Delegation and Divergence App. 2 (Aug 2010)",2010-08-01,"Utah","Weber County Sheriff's Office","Jail Enforcement",2008-09-22,FALSE,FALSE
"MPI Delegation and Divergence App. 2 (Aug 2010)",2010-08-01,"Virginia","Herndon Police Department","Task Force",2007-03-21,FALSE,FALSE
"MPI Delegation and Divergence App. 2 (Aug 2010)",2010-08-01,"Virginia","Loudoun County Sheriff's Office","Task Force",2008-06-25,FALSE,FALSE
"MPI Delegation and Divergence App. 2 (Aug 2010)",2010-08-01,"Virginia","Manassas Park Police Department","Task Force",2008-03-10,FALSE,FALSE
"MPI Delegation and Divergence App. 2 (Aug 2010)",2010-08-01,"Virginia","Manassas Police Department","Task Force",2008-03-05,FALSE,FALSE
"MPI Delegation and Divergence App. 2 (Aug 2010)",2010-08-01,"Virginia","Prince William County Police Department","Task Force",2008-02-26,FALSE,FALSE
"MPI Delegation and Divergence App. 2 (Aug 2010)",2010-08-01,"Virginia","Prince William County Sheriff's Office","Task Force",2008-02-26,FALSE,FALSE
"MPI Delegation and Divergence App. 2 (Aug 2010)",2010-08-01,"Virginia","Prince William-Manassas Regional Jail","Jail Enforcement",2007-07-09,FALSE,FALSE
"MPI Delegation and Divergence App. 2 (Aug 2010)",2010-08-01,"Virginia","Rockingham County Sheriff's Office","Hybrid",2007-04-25,FALSE,FALSE
"MPI Delegation and Divergence App. 2 (Aug 2010)",2010-08-01,"Virginia","Shenandoah County Sheriff's Office","Hybrid",2007-05-10,FALSE,FALSE
"McCann et al. 2024 Appendix",,"Alabama","Etowah County Sheriff’s Office",,2016-06-08,FALSE,FALSE
"McCann et al. 2024 Appendix",,"Alaska","Department of Corrections",,2020-07-24,TRUE,FALSE
"McCann et al. 2024 Appendix",,"Alaska","Kodiak Police Department",,2020-07-20,FALSE,FALSE
"McCann et al. 2024 Appendix",,"Arizona","Arizona Department of Corrections",,2020-06-16,FALSE,FALSE
"McCann et al. 2024 Appendix",,"Arizona","La Paz County Sheriff’s Office",,2020-02-27,FALSE,FALSE
"McCann et al. 2024 Appendix",,"Arizona","La Paz County Sheriff’s Office",,2020-03-12,FALSE,FALSE
"McCann et al. 2024 Appendix",,"Arizona","Mesa Police Department",,2020-06-08,FALSE,FALSE
"McCann et al. 2024 Appendix",,"Arizona","Pinal County Sheriff’s Office",,2020-06-09,FALSE,FALSE
"McCann et al. 2024 Appendix",,"Arizona","Yavapai County Sheriff’s Office",,2020-06-09,FALSE,FALSE
"McCann et al. 2024 Appendix",,"Arkansas","Benton County Sheriff’s Office",,2020-06-30,FALSE,FALSE
"McCann et al. 2024 Appendix",,"Arkansas","Craighead County Sheriff’s Office",,2020-06-18,FALSE,FALSE
"McCann et al. 2024 Appendix",,"Colorado","Teller County Sheriff’s Office",,2020-06-08,FALSE,FALSE
"McCann et al. 2024 Appendix",,"Florida","Baker County Sheriff’s Office",,2019-10-15,FALSE,FALSE
"McCann et al. 2024 Appendix",,"Florida","Bay County Sheriff’s Office",,2019-10-15,FALSE,FALSE
"McCann et al. 2024 Appendix",,"Florida","Bradford County Sheriff’s Office",,2019-10-15,FALSE,FALSE
"McCann et al. 2024 Appendix",,"Florida","Brevard County Sheriff’s Office",,2019-05-06,FALSE,FALSE
"McCann et al. 2024 Appendix",,"Florida","Broward County Sheriff’s Office",,2019-09-09,FALSE,FALSE
"McCann et al. 2024 Appendix",,"Florida","Calhoun County Sheriff’s Office",,2019-09-09,FALSE,FALSE
"McCann et al. 2024 Appendix",,"Florida","Charlotte County Sheriff’s Office",,2019-05-06,FALSE,FALSE
"McCann et al. 2024 Appendix",,"Florida","Clay County Sheriff’s Office",,2020-03-11,FALSE,FALSE
"McCann et al. 2024 Appendix",,"Florida","Collier County Sheriff’s Office",,2020-06-09,FALSE,FALSE
"McCann et al. 2024 Appendix",,"Florida","Columbia County Sheriff’s Office",,2019-05-06,FALSE,FALSE
"McCann et al. 2024 Appendix",,"Florida","DeSoto County Sheriff’s Office",,2019-10-15,FALSE,FALSE
"McCann et al. 2024 Appendix",,"Florida","Flagler County Sheriff’s Office",,2019-09-09,FALSE,FALSE
"McCann et al. 2024 Appendix",,"Florida","Florida Department of Corrections",,2020-08-21,FALSE,FALSE
"McCann et al. 2024 Appendix",,"Florida","Franklin County Sheriff’s Office",,2019-10-15,FALSE,FALSE
"McCann et al. 2024 Appendix",,"Florida","Hamilton County Sheriff’s Office",,2019-10-15,FALSE,FALSE
"McCann et al. 2024 Appendix",,"Florida","Hendry County Sheriff’s Office",,2019-10-15,FALSE,FALSE
"McCann et al. 2024 Appendix",,"Florida","Hernando County Sheriff’s Office",,2019-05-06,FALSE,FALSE
"McCann et al. 2024 Appendix",,"Florida","Hernando County Sheriff’s Office",,2020-06-09,FALSE,FALSE
"McCann et al. 2024 Appendix",,"Florida","Highlands County Sheriff’s Office",,2019-10-15,FALSE,FALSE
"McCann et al. 2024 Appendix",,"Florida","Holmes County Sheriff’s Office",,2019-10-15,FALSE,FALSE
"McCann et al. 2024 Appendix",,"Florida","Indian River County Sheriff’s Office",,2019-10-15,FALSE,FALSE
"McCann et al. 2024 Appendix",,"Florida","Jacksonville Sheriff’s Office",,2020-06-09,FALSE,FALSE
"McCann et al. 2024 Appendix",,"Florida","Jefferson County Sheriff’s Office",,2019-10-15,FALSE,FALSE
"McCann et al. 2024 Appendix",,"Florida","Lafayette County Sheriff’s Office",,2019-10-15,FALSE,FALSE
"McCann et al. 2024 Appendix",,"Florida","Lake County Sheriff’s Office",,2019-10-15,FALSE,FALSE
"McCann et al. 2024 Appendix",,"Florida","Leon County Sheriff’s Office",,2019-10-15,FALSE,FALSE
"McCann et al. 2024 Appendix",,"Florida","Levy County Sheriff’s Office",,2019-05-06,FALSE,FALSE
"McCann et al. 2024 Appendix",,"Florida","Liberty County Sheriff’s Office",,2019-09-09,FALSE,FALSE
"McCann et al. 2024 Appendix",,"Florida","Madison County Sheriff’s Office",,2019-09-09,FALSE,FALSE
"McCann et al. 2024 Appendix",,"Florida","Manatee County Sheriff’s Office",,2019-05-06,FALSE,FALSE
"McCann et al. 2024 Appendix",,"Florida","Marion County Sheriff’s Office",,2019-10-15,FALSE,FALSE
"McCann et al. 2024 Appendix",,"Florida","Martin County Sheriff’s Office",,2020-01-22,FALSE,FALSE
"McCann et al. 2024 Appendix",,"Florida","Monroe County Sheriff’s Office",,2019-10-15,FALSE,FALSE
"McCann et al. 2024 Appendix",,"Florida","Nassau County Sheriff’s Office",,2019-10-15,FALSE,FALSE
"McCann et al. 2024 Appendix",,"Florida","Okeechobee County Sheriff’s Office",,2019-10-15,FALSE,FALSE
"McCann et al. 2024 Appendix",,"Florida","Osceola County Corrections Depart-",,2019-10-15,FALSE,FALSE
"McCann et al. 2024 Appendix",,"Florida","Pasco County Sheriff’s Office",,2020-06-10,FALSE,FALSE
"McCann et al. 2024 Appendix",,"Florida","Pinellas County Sheriff’s Office",,2019-04-24,FALSE,FALSE
"McCann et al. 2024 Appendix",,"Florida","Polk County Sheriff’s Office",,2019-05-06,FALSE,FALSE
"McCann et al. 2024 Appendix",,"Florida","Putnam County Sheriff’s Office",,2019-10-15,FALSE,FALSE
"McCann et al. 2024 Appendix",,"Florida","Santa Rosa County Sheriff’s Office",,2019-10-15,FALSE,FALSE
"McCann et al. 2024 Appendix",,"Florida","Sarasota County Sheriff’s Office",,2019-05-06,FALSE,FALSE
"McCann et al. 2024 Appendix",,"Florida","Seminole County Sheriff’s Office",,2019-09-04,FALSE,FALSE
"McCann et al. 2024 Appendix",,"Florida","St Johns County Sheriff’s Office",,2019-10-15,FALSE,FALSE
"McCann et al. 2024 Appendix",,"Florida","Sumter County Sheriff’s Office",,2019-10-15,FALSE,FALSE
"McCann et al. 2024 Appendix",,"Florida","Suwannee County Sheriff’s Office",,2019-10-15,FALSE,FALSE
"McCann et al. 2024 Appendix",,"Florida","Taylor County Sheriff’s Office",,2019-10-15,FALSE,FALSE
"McCann et al. 2024 Appendix",,"Florida","Wakulla County Sheriff’s Office",,2019-10-15,FALSE,FALSE
"McCann et al. 2024 Appendix",,"Florida","Walton County Sheriff’s Office",,2019-05-06,FALSE,FALSE
"McCann et al. 2024 Appendix",,"Georgia","Cobb County Sheriff’s Office",,2020-06-09,FALSE,FALSE
"McCann et al. 2024 Appendix",,"Georgia","Floyd County Sheriff’s Office",,2020-06-10,FALSE,FALSE
"McCann et al. 2024 Appendix",,"Georgia","Georgia Department of Corrections",,2020-06-09,FALSE,FALSE
"McCann et al. 2024 Appendix",,"Georgia","Gwinnett County Sheriff’s Office",,2020-03-12,FALSE,FALSE
"McCann et al. 2024 Appendix",,"Georgia","Hall County Sheriff’s Office",,2020-06-09,FALSE,FALSE
"McCann et al. 2024 Appendix",,"Georgia","Oconee County Sheriff’s Office",,2019-12-31,FALSE,FALSE
"McCann et al. 2024 Appendix",,"Georgia","Polk County Sheriff’s Office",,2020-07-02,FALSE,FALSE
"McCann et al. 2024 Appendix",,"Georgia","Whitfield County Sheriff’s Office https://www.ice.gov/doclib/287gMOA/287gJEM_Whitfi eldCoGa2020-06-09.pdf",,2020-06-09,FALSE,FALSE
"McCann et al. 2024 Appendix",,"Idaho","Gooding County Sheriff’s Office",,2020-08-17,FALSE,FALSE
"McCann et al. 2024 Appendix",,"Kansas","Finney County Sheriff’s Office",,2020-03-17,FALSE,FALSE
"McCann et al. 2024 Appendix",,"Kansas","Jackson County Sheriff’s Office",,2020-07-23,FALSE,FALSE
"McCann et al. 2024 Appendix",,"Louisiana","East Baton Rouge Parish Sheriff’s",,2020-06-09,FALSE,FALSE
"McCann et al. 2024 Appendix",,"Louisiana","Ouachita Parish Sheriff’s Office",,2020-06-08,FALSE,FALSE
"McCann et al. 2024 Appendix",,"Maryland","Cecil County Sheriff’s Office",,2020-03-09,FALSE,FALSE
"McCann et al. 2024 Appendix",,"Maryland","Frederick County Sheriff’s Office",,2020-06-09,FALSE,FALSE
"McCann et al. 2024 Appendix",,"Maryland","Harford County Sheriff’s Office",,2020-06-26,FALSE,FALSE
"McCann et al. 2024 Appendix",,"Montana","Flathead County Sheriff’s Department https://www.ice.gov/doclib/287gMOA/287gWSO_FlatheadCoMt2020-02-12.pdf",,2020-02-12,FALSE,FALSE
"McCann et al. 2024 Appendix",,"Montana","Gallatin County Sheriff’s Office",,2020-01-22,FALSE,FALSE
"McCann et al. 2024 Appendix",,"Nebraska","Dakota County Sheriff’s Office",,2020-06-09,FALSE,FALSE
"McCann et al. 2024 Appendix",,"Nevada","Nye County Sheriff’s Office",,2020-06-09,FALSE,FALSE
"McCann et al. 2024 Appendix",,"New York","Rensselaer County Sheriff’s Office",,2020-06-10,FALSE,FALSE
"McCann et al. 2024 Appendix",,"Ohio","Butler County Sheriff’s Office",,2020-06-09,FALSE,FALSE
"McCann et al. 2024 Appendix",,"Oklahoma","Canadian County Sheriff’s Office",,2020-03-13,FALSE,FALSE
"McCann et al. 2024 Appendix",,"Oklahoma","Okmulgee County Criminal Justice",,2020-06-09,FALSE,FALSE
"McCann et al. 2024 Appendix",,"Oklahoma","Tulsa County Sheriff’s Office",,2020-06-08,FALSE,FALSE
"McCann et al. 2024 Appendix",,"Tennessee","Greene County Sheriff’s Office",,2019-02-28,FALSE,FALSE
"McCann et al. 2024 Appendix",,"Tennessee","Knox County Sheriff’s Office",,2017-06-15,FALSE,FALSE
"McCann et al. 2024 Appendix",,"Texas","Aransas County Sheriff’s Office",,2020-06-08,FALSE,FALSE
"McCann et al. 2024 Appendix",,"Texas","Burnet County Sheriff’s Office",,2019-11-05,FALSE,FALSE
"McCann et al. 2024 Appendix",,"Texas","Calhoun County Sheriff’s Office",,2020-03-13,FALSE,FALSE
"McCann et al. 2024 Appendix",,"Texas","Chambers County Sheriff’s Office",,2020-06-09,FALSE,FALSE
"McCann et al. 2024 Appendix",,"Texas","DeWitt County Sheriff’s Office",,2020-06-08,FALSE,FALSE
"McCann et al. 2024 Appendix",,"Texas","Galveston County Sheriff’s Office",,2020-06-08,FALSE,FALSE
"McCann et al. 2024 Appendix",,"Texas","Goliad County Sheriff’s Office",,2020-06-09,FALSE,FALSE
"McCann et al. 2024 Appendix",,"Texas","Jackson County Sheriff’s Office",,2020-06-08,FALSE,FALSE
"McCann et al. 2024 Appendix",,"Texas","Kendall County Sheriff’s Office",,2020-03-13,FALSE,FALSE
"McCann et al. 2024 Appendix",,"Texas","Kleberg County Sheriff’s Office",,2020-07-31,FALSE,FALSE
"McCann et al. 2024 Appendix",,"Texas","Lavaca County Sheriff’s Office",,2020-06-08,FALSE,FALSE
"McCann et al. 2024 Appendix",,"Texas","Lubbock County Sheriff’s Office",,2020-06-08,FALSE,FALSE
"McCann et al. 2024 Appendix",,"Texas","Matagorda County Sheriff’s Office",,2020-03-13,FALSE,FALSE
"McCann et al. 2024 Appendix",,"Texas","Montgomery County Sheriff’s Office",,2017-06-28,FALSE,FALSE
"McCann et al. 2024 Appendix",,"Texas","Nueces County Sheriff’s Office",,2020-06-09,FALSE,FALSE
"McCann et al. 2024 Appendix",,"Texas","Potter County Sheriff’s Office",,2020-03-02,FALSE,FALSE
"McCann et al. 2024 Appendix",,"Texas","Refugio County Sheriff’s Office",,2020-06-09,FALSE,FALSE
"McCann et al. 2024 Appendix",,"Texas","Rockwall County Sheriff’s Office",,2020-06-09,FALSE,FALSE
"McCann et al. 2024 Appendix",,"Texas","Smith County Sheriff’s Office",,2020-06-09,FALSE,FALSE
"McCann et al. 2024 Appendix",,"Texas","Tarrant County Sheriff’s Office",,2020-06-16,FALSE,FALSE
"McCann et al. 2024 Appendix",,"Texas","Terrell County Sheriff’s Office",,2020-06-09,FALSE,FALSE
"McCann et al. 2024 Appendix",,"Texas","Victoria County Sheriff’s Office",,2020-06-08,FALSE,FALSE
"McCann et al. 2024 Appendix",,"Texas","Walker County Sheriff’s Department",,2020-06-09,FALSE,FALSE
"McCann et al. 2024 Appendix",,"Texas","Waller County Sheriff’s Office",,2020-02-12,FALSE,FALSE
"McCann et al. 2024 Appendix",,"Texas","Wharton County Sheriff’s Office",,2020-06-09,FALSE,FALSE
"McCann et al. 2024 Appendix",,"Texas","Williamson County Sheriff’s Office",,2020-05-04,FALSE,FALSE
"McCann et al. 2024 Appendix",,"Virginia","Culpeper County Sheriff’s Office",,2020-06-08,FALSE,FALSE
"McCann et al. 2024 Appendix",,"Wisconsin","Fond du Lac County Sheriff’s Office",,2020-06-05,FALSE,FALSE
"McCann et al. 2024 Appendix",,"Wisconsin","Lafayette County Sheriff’s Office",,2020-08-21,FALSE,FALSE
"McCann et al. 2024 Appendix",,"Wisconsin","Mantiowoc County Sheriff’s Office",,2020-06-05,FALSE,FALSE
"McCann et al. 2024 Appendix",,"Wisconsin","Marquette County Sheriff’s Office",,2020-05-21,FALSE,FALSE
"McCann et al. 2024 Appendix",,"Wisconsin","Sheboygan County Sheriff’s Office",,2020-02-27,FALSE,FALSE
"McCann et al. 2024 Appendix",,"Wisconsin","Waukesha County Sheriff’s Office",,2020-06-10,FALSE,FALSE
"McCann et al. 2024 Appendix",,"Wisconsin","Waushara County Sheriff’s Office",,2020-06-08,FALSE,FALSE
"McCann et al. 2024 Appendix",,"Wyoming","Sweetwater County Sheriff’s Office",,2020-03-13,FALSE,FALSE
"MyAttorneyUSA roster mirror (1 Aug 2017)",2017-08-01,"Alabama","Etowah County Sheriff's Office",,2016-06-08,FALSE,FALSE
"MyAttorneyUSA roster mirror (1 Aug 2017)",2017-08-01,"Arizona","Arizona Department of Corrections",,2016-06-08,FALSE,FALSE
"MyAttorneyUSA roster mirror (1 Aug 2017)",2017-08-01,"Arizona","City of Mesa Police Department",,2016-06-23,FALSE,FALSE
"MyAttorneyUSA roster mirror (1 Aug 2017)",2017-08-01,"Arizona","Pinal County Sheriff's Office",,2016-06-13,FALSE,FALSE
"MyAttorneyUSA roster mirror (1 Aug 2017)",2017-08-01,"Arizona","Yavapai County Sheriff's Office",,2016-06-08,FALSE,FALSE
"MyAttorneyUSA roster mirror (1 Aug 2017)",2017-08-01,"Arkansas","Benton County Sheriff's Office",,2016-06-13,FALSE,FALSE
"MyAttorneyUSA roster mirror (1 Aug 2017)",2017-08-01,"Arkansas","Washington County Sheriff's Office",,2016-06-23,FALSE,FALSE
"MyAttorneyUSA roster mirror (1 Aug 2017)",2017-08-01,"California","Orange County Sheriff's Office",,2016-06-23,FALSE,FALSE
"MyAttorneyUSA roster mirror (1 Aug 2017)",2017-08-01,"Florida","Clay County Sheriff's Office",,2017-06-30,FALSE,FALSE
"MyAttorneyUSA roster mirror (1 Aug 2017)",2017-08-01,"Florida","Collier County Sheriff's Office",,2016-06-13,FALSE,FALSE
"MyAttorneyUSA roster mirror (1 Aug 2017)",2017-08-01,"Florida","Jacksonville Sheriff's Office",,2016-06-30,FALSE,FALSE
"MyAttorneyUSA roster mirror (1 Aug 2017)",2017-08-01,"Georgia","Cobb County Sheriff's Office",,2016-06-30,FALSE,FALSE
"MyAttorneyUSA roster mirror (1 Aug 2017)",2017-08-01,"Georgia","Gwinnett County Sheriff's Office",,2016-06-30,FALSE,FALSE
"MyAttorneyUSA roster mirror (1 Aug 2017)",2017-08-01,"Georgia","Hall County Sheriff's Office",,2016-06-23,FALSE,FALSE
"MyAttorneyUSA roster mirror (1 Aug 2017)",2017-08-01,"Georgia","Whitfield County Sheriff's Office",,2016-06-08,FALSE,FALSE
"MyAttorneyUSA roster mirror (1 Aug 2017)",2017-08-01,"Louisiana","East Baton Rouge Parish Sheriff's Office",,2017-05-03,FALSE,FALSE
"MyAttorneyUSA roster mirror (1 Aug 2017)",2017-08-01,"Maryland","Anne Arundel County",,2017-06-19,FALSE,FALSE
"MyAttorneyUSA roster mirror (1 Aug 2017)",2017-08-01,"Maryland","Frederick County Sheriff's Office",,2016-08-03,FALSE,FALSE
"MyAttorneyUSA roster mirror (1 Aug 2017)",2017-08-01,"Maryland","Harford County Sheriff's Office",,2016-10-26,FALSE,FALSE
"MyAttorneyUSA roster mirror (1 Aug 2017)",2017-08-01,"Massachusetts","Bristol County Sheriff's Office",,2017-01-18,FALSE,FALSE
"MyAttorneyUSA roster mirror (1 Aug 2017)",2017-08-01,"Massachusetts","Massachusetts Department of Corrections",,2016-06-23,FALSE,FALSE
"MyAttorneyUSA roster mirror (1 Aug 2017)",2017-08-01,"Massachusetts","Plymouth County Sheriff's Department",,2017-01-18,FALSE,FALSE
"MyAttorneyUSA roster mirror (1 Aug 2017)",2017-08-01,"Nevada","Las Vegas Metropolitan Police Department",,2016-06-28,FALSE,FALSE
"MyAttorneyUSA roster mirror (1 Aug 2017)",2017-08-01,"Nevada","Nye County Sheriff's Office",,2017-04-20,FALSE,FALSE
"MyAttorneyUSA roster mirror (1 Aug 2017)",2017-08-01,"New Jersey","Cape May County Sheriffs Office",,2017-04-10,FALSE,FALSE
"MyAttorneyUSA roster mirror (1 Aug 2017)",2017-08-01,"New Jersey","Hudson County Department of Corrections",,2016-07-22,FALSE,FALSE
"MyAttorneyUSA roster mirror (1 Aug 2017)",2017-08-01,"New Jersey","Monmouth County Sheriff's Office",,2016-06-08,FALSE,FALSE
"MyAttorneyUSA roster mirror (1 Aug 2017)",2017-08-01,"New Jersey","Salem County Sheriff's Office",,2016-12-08,FALSE,FALSE
"MyAttorneyUSA roster mirror (1 Aug 2017)",2017-08-01,"North Carolina","Cabarrus County Sheriff's Office",,2016-06-28,FALSE,FALSE
"MyAttorneyUSA roster mirror (1 Aug 2017)",2017-08-01,"North Carolina","Gaston County Sheriff's Office",,2016-06-30,FALSE,FALSE
"MyAttorneyUSA roster mirror (1 Aug 2017)",2017-08-01,"North Carolina","Henderson County Sheriff's Office",,2017-02-28,FALSE,FALSE
"MyAttorneyUSA roster mirror (1 Aug 2017)",2017-08-01,"North Carolina","Mecklenburg County Sheriff's Office",,2017-02-28,FALSE,FALSE
"MyAttorneyUSA roster mirror (1 Aug 2017)",2017-08-01,"North Carolina","Wake County Sheriff's Office",,2016-06-08,FALSE,FALSE
"MyAttorneyUSA roster mirror (1 Aug 2017)",2017-08-01,"Ohio","Butler County Sheriff's Office",,2016-09-30,FALSE,FALSE
"MyAttorneyUSA roster mirror (1 Aug 2017)",2017-08-01,"Oklahoma","Tulsa County Sheriff's Office",,2016-06-23,FALSE,FALSE
"MyAttorneyUSA roster mirror (1 Aug 2017)",2017-08-01,"South Carolina","Charleston County Sheriff's Office",,2016-06-23,FALSE,FALSE
"MyAttorneyUSA roster mirror (1 Aug 2017)",2017-08-01,"South Carolina","Horry County Sheriff's Office",,2017-06-30,FALSE,FALSE
"MyAttorneyUSA roster mirror (1 Aug 2017)",2017-08-01,"South Carolina","Lexington County Sheriff's Office",,2016-11-04,FALSE,FALSE
"MyAttorneyUSA roster mirror (1 Aug 2017)",2017-08-01,"South Carolina","York County Sheriff's Office",,2016-06-28,FALSE,FALSE
"MyAttorneyUSA roster mirror (1 Aug 2017)",2017-08-01,"Tennessee","Knox County Sheriff's Office",,2017-06-15,FALSE,FALSE
"MyAttorneyUSA roster mirror (1 Aug 2017)",2017-08-01,"Texas","Aransas County Sheriff's Office",,2017-06-30,FALSE,FALSE
"MyAttorneyUSA roster mirror (1 Aug 2017)",2017-08-01,"Texas","Calhoun County Sheriff's Office",,2017-06-28,FALSE,FALSE
"MyAttorneyUSA roster mirror (1 Aug 2017)",2017-08-01,"Texas","Carrollton Police Department",,2016-06-13,FALSE,FALSE
"MyAttorneyUSA roster mirror (1 Aug 2017)",2017-08-01,"Texas","Chambers County Sheriff's Office",,2017-07-17,FALSE,FALSE
"MyAttorneyUSA roster mirror (1 Aug 2017)",2017-08-01,"Texas","DeWitt County Sheriff's Office",,2017-06-30,FALSE,FALSE
"MyAttorneyUSA roster mirror (1 Aug 2017)",2017-08-01,"Texas","Galveston County Sheriff's Office",,2017-06-30,FALSE,FALSE
"MyAttorneyUSA roster mirror (1 Aug 2017)",2017-08-01,"Texas","Goliad County Sheriff's Office",,2017-06-26,FALSE,FALSE
"MyAttorneyUSA roster mirror (1 Aug 2017)",2017-08-01,"Texas","Jackson County Sheriff's Office",,2017-01-26,FALSE,FALSE
"MyAttorneyUSA roster mirror (1 Aug 2017)",2017-08-01,"Texas","Lavaca County Sheriff's Office",,2017-06-30,FALSE,FALSE
"MyAttorneyUSA roster mirror (1 Aug 2017)",2017-08-01,"Texas","Lubbock County Sheriff's Office",,2016-11-16,FALSE,FALSE
"MyAttorneyUSA roster mirror (1 Aug 2017)",2017-08-01,"Texas","Matagorda County Sheriff's Office",,2017-07-27,FALSE,FALSE
"MyAttorneyUSA roster mirror (1 Aug 2017)",2017-08-01,"Texas","Montgomery County Sheriff's Office",,2017-06-28,FALSE,FALSE
"MyAttorneyUSA roster mirror (1 Aug 2017)",2017-08-01,"Texas","Refugio County Sheriff's Office",,2017-06-28,FALSE,FALSE
"MyAttorneyUSA roster mirror (1 Aug 2017)",2017-08-01,"Texas","Smith County Sheriff's Office",,2017-04-25,FALSE,FALSE
"MyAttorneyUSA roster mirror (1 Aug 2017)",2017-08-01,"Texas","Tarrant County Sheriff's Office",,2017-06-19,FALSE,FALSE
"MyAttorneyUSA roster mirror (1 Aug 2017)",2017-08-01,"Texas","Victoria County Sheriff's Office",,2017-07-12,FALSE,FALSE
"MyAttorneyUSA roster mirror (1 Aug 2017)",2017-08-01,"Texas","Walker County Sheriff's Office",,2017-07-20,FALSE,FALSE
"MyAttorneyUSA roster mirror (1 Aug 2017)",2017-08-01,"Texas","Waller County Sheriff's Office",,2017-05-22,FALSE,FALSE
"MyAttorneyUSA roster mirror (1 Aug 2017)",2017-08-01,"Texas","Wharton County Sheriff's Office",,2017-07-17,FALSE,FALSE
"MyAttorneyUSA roster mirror (1 Aug 2017)",2017-08-01,"Virginia","Prince William-Manassas Regional Adult Detention Center",,2016-06-23,FALSE,FALSE
"NCLR/Lacayo App. A (2 Aug 2010)",2010-08-02,"Alabama","Alabama Department of Public Safety","Task Force",2003-09-10,FALSE,TRUE
"NCLR/Lacayo App. A (2 Aug 2010)",2010-08-02,"Alabama","Etowah County Sheriff's Office","Jail Enforcement",2008-07-08,FALSE,FALSE
"NCLR/Lacayo App. A (2 Aug 2010)",2010-08-02,"Arizona","Benton County Sheriff's Office","Hybrid",2007-09-26,FALSE,FALSE
"NCLR/Lacayo App. A (2 Aug 2010)",2010-08-02,"Arizona","City of Mesa Police Department","Hybrid",2009-11-19,FALSE,FALSE
"NCLR/Lacayo App. A (2 Aug 2010)",2010-08-02,"Arizona","City of Phoenix Police Department","Hybrid",2008-03-10,FALSE,FALSE
"NCLR/Lacayo App. A (2 Aug 2010)",2010-08-02,"Arizona","City of Springdale Police Department","Hybrid",2007-09-26,FALSE,FALSE
"NCLR/Lacayo App. A (2 Aug 2010)",2010-08-02,"Arizona","Arizona Department of Corrections","Jail Enforcement",2005-09-16,FALSE,TRUE
"NCLR/Lacayo App. A (2 Aug 2010)",2010-08-02,"Arizona","Arizona Department of Public Safety","Hybrid",2007-04-15,FALSE,TRUE
"NCLR/Lacayo App. A (2 Aug 2010)",2010-08-02,"Arizona","Florence Police Department","Task Force",2009-10-21,FALSE,FALSE
"NCLR/Lacayo App. A (2 Aug 2010)",2010-08-02,"Arizona","Maricopa County Sheriff's Office","Jail Enforcement",2007-02-07,FALSE,FALSE
"NCLR/Lacayo App. A (2 Aug 2010)",2010-08-02,"Arizona","Pima County Sheriff's Office","Hybrid",2008-03-10,FALSE,FALSE
"NCLR/Lacayo App. A (2 Aug 2010)",2010-08-02,"Arizona","Pinal County Sheriff's Office","Hybrid",2008-03-10,FALSE,FALSE
"NCLR/Lacayo App. A (2 Aug 2010)",2010-08-02,"Arizona","Rogers Police Department","Task Force",2007-09-25,FALSE,FALSE
"NCLR/Lacayo App. A (2 Aug 2010)",2010-08-02,"Arizona","Yavapai County Sheriff's Office","Hybrid",2008-03-10,FALSE,FALSE
"NCLR/Lacayo App. A (2 Aug 2010)",2010-08-02,"Colorado","Colorado Department of Public Safety","Task Force",2007-03-29,FALSE,TRUE
"NCLR/Lacayo App. A (2 Aug 2010)",2010-08-02,"Colorado","El Paso County Sheriff's Office","Jail Enforcement",2007-05-17,FALSE,FALSE
"NCLR/Lacayo App. A (2 Aug 2010)",2010-08-02,"Connecticut","Bay County Sheriff's Office","Task Force",2008-06-15,FALSE,FALSE
"NCLR/Lacayo App. A (2 Aug 2010)",2010-08-02,"Connecticut","City of Danbury Police Department","Task Force",2009-10-15,FALSE,FALSE
"NCLR/Lacayo App. A (2 Aug 2010)",2010-08-02,"Connecticut","Collier County Sheriff's Office","Hybrid",2007-08-06,FALSE,FALSE
"NCLR/Lacayo App. A (2 Aug 2010)",2010-08-02,"Connecticut","Delaware† Delaware Department of Corrections","Jail Enforcement",2009-10-15,TRUE,FALSE
"NCLR/Lacayo App. A (2 Aug 2010)",2010-08-02,"Florida","Cobb County Sheriff's Office","Hybrid",2007-02-13,FALSE,FALSE
"NCLR/Lacayo App. A (2 Aug 2010)",2010-08-02,"Florida","Florida Department of Law Enforcement","Task Force",2002-07-02,FALSE,TRUE
"NCLR/Lacayo App. A (2 Aug 2010)",2010-08-02,"Florida","Jacksonville Sheriff's Office","Hybrid",2008-07-08,FALSE,FALSE
"NCLR/Lacayo App. A (2 Aug 2010)",2010-08-02,"Georgia","Georgia Department of Public Safety","Task Force",2007-07-27,FALSE,TRUE
"NCLR/Lacayo App. A (2 Aug 2010)",2010-08-02,"Georgia","Gwinnett County Sheriff's Office","Jail Enforcement",2009-10-15,FALSE,FALSE
"NCLR/Lacayo App. A (2 Aug 2010)",2010-08-02,"Georgia","Hall County Sheriff's Office","Hybrid",2008-02-29,FALSE,FALSE
"NCLR/Lacayo App. A (2 Aug 2010)",2010-08-02,"Georgia","Whitfield County Sheriff's Office","Jail Enforcement",2008-02-04,FALSE,FALSE
"NCLR/Lacayo App. A (2 Aug 2010)",2010-08-02,"Maryland","Frederick County Sheriff's Office","Hybrid",2008-02-06,FALSE,FALSE
"NCLR/Lacayo App. A (2 Aug 2010)",2010-08-02,"Minnesota","Minnesota Department of Public Safety","Task Force",2008-09-22,FALSE,TRUE
"NCLR/Lacayo App. A (2 Aug 2010)",2010-08-02,"Missouri","State Highway Patrol","Task Force",2008-06-25,FALSE,FALSE
"NCLR/Lacayo App. A (2 Aug 2010)",2010-08-02,"Nevada","Las Vegas Metropolitan Police Department","Jail Enforcement",2008-09-08,FALSE,FALSE
"NCLR/Lacayo App. A (2 Aug 2010)",2010-08-02,"New Hampshire","Hudson City Police Department","Task Force",2007-05-05,FALSE,FALSE
"NCLR/Lacayo App. A (2 Aug 2010)",2010-08-02,"New Hampshire","Hudson County Department of Corrections","Hybrid",2008-08-11,FALSE,FALSE
"NCLR/Lacayo App. A (2 Aug 2010)",2010-08-02,"New Hampshire","Monmouth County Sheriff's Office","Jail Enforcement",2009-10-15,FALSE,FALSE
"NCLR/Lacayo App. A (2 Aug 2010)",2010-08-02,"New Mexico","Alamance County Sheriff's Office","Jail Enforcement",2007-01-10,FALSE,FALSE
"NCLR/Lacayo App. A (2 Aug 2010)",2010-08-02,"New Mexico","Cabarrus County Sheriff's Office","Jail Enforcement",2007-08-02,FALSE,FALSE
"NCLR/Lacayo App. A (2 Aug 2010)",2010-08-02,"New Mexico","New Mexico Department of Corrections","Jail Enforcement",2007-09-17,FALSE,TRUE
"NCLR/Lacayo App. A (2 Aug 2010)",2010-08-02,"New Mexico","Durham Police Department","Task Force",2008-02-01,FALSE,FALSE
"NCLR/Lacayo App. A (2 Aug 2010)",2010-08-02,"New Mexico","Gaston County Sheriff's Office","Jail Enforcement",2007-02-22,FALSE,FALSE
"NCLR/Lacayo App. A (2 Aug 2010)",2010-08-02,"New Mexico","Guilford County Sheriff's Office","Task Force",2009-10-15,FALSE,FALSE
"NCLR/Lacayo App. A (2 Aug 2010)",2010-08-02,"New Mexico","Henderson County Sheriff's Office","Jail Enforcement",2008-06-25,FALSE,FALSE
"NCLR/Lacayo App. A (2 Aug 2010)",2010-08-02,"New Mexico","Mecklenburg County Sheriff's Office","Jail Enforcement",2006-02-27,FALSE,FALSE
"NCLR/Lacayo App. A (2 Aug 2010)",2010-08-02,"New Mexico","Wake County Sheriff's Office","Jail Enforcement",2008-06-25,FALSE,FALSE
"NCLR/Lacayo App. A (2 Aug 2010)",2010-08-02,"Ohio","Butler County Sheriff's Office","Hybrid",2008-02-05,FALSE,FALSE
"NCLR/Lacayo App. A (2 Aug 2010)",2010-08-02,"Oklahoma","Tulsa County Sheriff's Office","Hybrid",2007-08-06,FALSE,FALSE
"NCLR/Lacayo App. A (2 Aug 2010)",2010-08-02,"Rhode Island","Beaufort County Sheriff's Office","Task Force",2008-06-25,FALSE,FALSE
"NCLR/Lacayo App. A (2 Aug 2010)",2010-08-02,"Rhode Island","Rhode Island State Police","Task Force",2009-10-15,FALSE,TRUE
"NCLR/Lacayo App. A (2 Aug 2010)",2010-08-02,"South Carolina","Charleston County Sheriff's Office","Jail Enforcement",2009-11-09,FALSE,FALSE
"NCLR/Lacayo App. A (2 Aug 2010)",2010-08-02,"South Carolina","Davidson County Sheriff's Office","Jail Enforcement",2007-02-21,FALSE,FALSE
"NCLR/Lacayo App. A (2 Aug 2010)",2010-08-02,"South Carolina","York County Sheriff's Office","Jail Enforcement",2007-10-16,FALSE,FALSE
"NCLR/Lacayo App. A (2 Aug 2010)",2010-08-02,"Tennessee","Carrollton Police Department","Jail Enforcement",2008-08-12,FALSE,FALSE
"NCLR/Lacayo App. A (2 Aug 2010)",2010-08-02,"Tennessee","Tennessee Highway Patrol / Department of Safety","Task Force",2008-06-25,FALSE,TRUE
"NCLR/Lacayo App. A (2 Aug 2010)",2010-08-02,"Texas","Farmers Branch Police Department","Task Force",2008-07-08,FALSE,FALSE
"NCLR/Lacayo App. A (2 Aug 2010)",2010-08-02,"Texas","Harris County Sheriff's Office","Jail Enforcement",2008-07-20,FALSE,FALSE
"NCLR/Lacayo App. A (2 Aug 2010)",2010-08-02,"Virginia","Prince William County Police Department","Task Force",2008-02-26,FALSE,FALSE
"NCLR/Lacayo App. A (2 Aug 2010)",2010-08-02,"Virginia","Prince William County Sheriff's Office","Task Force",2008-02-26,FALSE,FALSE
"NCLR/Lacayo App. A (2 Aug 2010)",2010-08-02,"Virginia","Prince William-Manassas Regional Jail","Jail Enforcement",2007-07-09,FALSE,FALSE
"NCLR/Lacayo App. A (2 Aug 2010)",2010-08-02,"Virginia","Rockingham County Sheriff's Office","Hybrid",2007-04-25,FALSE,FALSE
"NCLR/Lacayo App. A (2 Aug 2010)",2010-08-02,"Virginia","Shenandoah County Sheriff's Office","Hybrid",2007-05-10,FALSE,FALSE
"NCLR/Lacayo App. A (2 Aug 2010)",2010-08-02,"Washington","County Sheriff's Office","Hybrid",2007-09-26,TRUE,FALSE
"NCLR/Lacayo App. A (2 Aug 2010)",2010-08-02,"Utah","Weber County Sheriff's Office","Jail Enforcement",2008-09-22,FALSE,TRUE
"NCLR/Lacayo App. A (2 Aug 2010)",2010-08-02,"Washington","Herndon Police Department","Task Force",2007-03-21,FALSE,FALSE
"NCLR/Lacayo App. A (2 Aug 2010)",2010-08-02,"Washington","Loudoun County Sheriff's Office","Task Force",2008-06-25,FALSE,FALSE
"NCLR/Lacayo App. A (2 Aug 2010)",2010-08-02,"Washington","Manassas Park Police Department","Task Force",2008-03-10,FALSE,FALSE
"NCLR/Lacayo App. A (2 Aug 2010)",2010-08-02,"Washington","Manassas Police Department","Task Force",2008-03-05,FALSE,FALSE
"NCLR/Lacayo App. A (2 Aug 2010)",2010-08-02,"Washington","Orange County Sheriff's Office","Jail Enforcement",2006-11-02,FALSE,FALSE
"NCLR/Lacayo App. A (2 Aug 2010)",2010-08-02,"Washington","Riverside County Sheriff's Office","Jail Enforcement",2010-04-28,FALSE,FALSE
"NCLR/Lacayo App. A (2 Aug 2010)",2010-08-02,"Washington","San Bernardino County Sheriff's Office","Jail Enforcement",2005-11-19,FALSE,FALSE
"NCLR/Lacayo App. A (2 Aug 2010)",2010-08-02,"Washington","Weber County Sheriff's Office","Jail Enforcement",2008-09-22,FALSE,FALSE
